source_id	title	year	authors	doi	citation_key	zotero_item_key	attachment_keys	candidate_families	catalogue_class	screening_disposition	reason
zotero:PEL2LJVE	Ηλεκτρομαγνητική μελέτη υπόγειων αγωγών	2013-04-01	Κωνσταντίνος Ράλλης	10.12681/eadd/34633	Rallis2013	PEL2LJVE	SPT7BLDE	external-impedance		extracted	Original thesis chapter 4 was image-screened; its buried, mixed, and overhead discrete-complex-image formulas were transcribed as three source-attributed records.
zotero:54RVYRFF	15 CDEGS at Work: Interpretation of Ground Impedance Measurements Made in the Sahara Desert		D Gilroy; W Ruan; F D Dawalibi			54RVYRFF	IZXH7PUJ	external-impedance		out-of-scope	Local PDF opening and worked sections inspected; this is a grounding-system field-measurement interpretation case, not a distributed line/cable parameter formulation.
zotero:9SBDHDK9	A 2D FEM Model for Impedance and Loss Calculation of Armored Three-Core Cables With Inclusion of 3D Pitching Effects	10/2023	B. Gustavsen	10.1109/TPWRD.2023.3266868	Gustavsen2023	9SBDHDK9	FMH5DPTD;QDE44PHK	internal-impedance		extracted	Original PDF screened. The paper defines a two-dimensional FEM impedance model for pitched, wire-armored three-core cables by enforcing equal armor-wire currents and representing pitching through an energy-matched complex permeability; the earth-return impedance is appended separately.
zotero:9QRVLIJ4	A closed-form approximation for ground return impedance of underground cables	7/1996	O. Saad; G. Gaba; M. Giroux	10.1109/61.517514	Saad1996	9QRVLIJ4	X3TI5A79;CEB3HUKF	external-impedance	core:C045	extracted	Original publication inspected page by page; the main self/mutual buried-cable approximation (5)-(6)/(26)-(27) and its stricter small-argument reduction (30)-(32) were verified against PDF images on printed pp. 1536-1541.
zotero:NHPIYF24	A Closed-Form Approximation for Sunde's Ground-Return Expression Based on a Padé Approximant	6/2024	Alberto De Conti; Antonio Carlos Siqueira De Lima	10.1109/TEMC.2024.3377553	DeConti2024	NHPIYF24	97GMMDDF	external-impedance		extracted	Original publication was image-screened; the Padé closed form for the Sunde underground kernel and its parent/validity definitions were transcribed.
zotero:WMY5MXRY	A COMPARISON BETWEEN CARSON'S FORMULAE AND A 2D FEM APPROACH FOR THE EVALUATION OF AC INTERFERENCE CAUSED BY OVERHEAD POWER LINES ON BURIED METALLIC PIPELINES	2017	Andrea Cristofolini; Arturo Popoli; Leonardo Sandrolini	10.2528/PIERC17080501		WMY5MXRY	ZWM5JIBI			application-only	Local PDF abstract, FEM setup, and conclusion inspected; it compares Carson and a 2-D FEM in a pipeline-interference case and does not publish a new distributed-parameter formulation.
zotero:AIW6YGZ5	A Critique of the CEA Report Powerline Ground Fault Effects on Pipelines - 239T817		Michael S Baker			AIW6YGZ5	FXZMNG4V;KQMXD7H9			out-of-scope	Local Markdown opening and argument inspected; this critiques a pipeline ground-fault report and does not publish a physical equation in the five corpus families.
zotero:V4UFTTB9	A Double Logarithmic Approximation of Carson's Ground-Return Impedance	01/2006	T. Noda	10.1109/TPWRD.2005.852307	Noda2006	V4UFTTB9	KPGXXYY5	external-impedance		extracted	Original publication inspected page by page; Carson parent equations, parameter-fit conditions, final double-logarithmic equation (25), and self/mutual substitutions were verified against PDF images on printed pp. 472-476.
zotero:UR3MCXNT	A frequency-dependent finite-difference time-domain formulation for general dispersive media	4/1993	O.P. Gandhi; B.-Q. Gao; J.-Y. Chen	10.1109/22.231661		UR3MCXNT	2EPHU84X	insulation-admittance		out-of-scope	Local PDF abstract and FDTD derivation inspected; it is a general dispersive-medium time-stepping formulation, not a published line/cable insulation-admittance expression.
zotero:E5ZY5FTA	A General Formulation of Impedance and Admittance of Cables	05/1980	A. Ametani	10.1109/TPAS.1980.319718	Ametani1980	E5ZY5FTA	Z6AGECXQ;MS5HYBLJ		core:C034	extracted	Original publication inspected; insulation component expressions and potential-coefficient assembly verified against PDF images on printed pp. 902-904
zotero:YKYBU5VW	A general method for FDTD modeling of wave propagation in arbitrary frequency-dispersive media	3/1997	W.H. Weedon; C.M. Rappaport	10.1109/8.558655		YKYBU5VW	RTNKYYPJ	insulation-admittance		out-of-scope	Local PDF abstract and method inspected; it treats arbitrary dispersive media in FDTD and was selected only by complex-permittivity keywords.
zotero:79BZQ929	A generalized FEM-based framework for earth return impedance calculations on vertically-multilayered media	2024-12-12	Lucas S. Lessa; Marco Antônio B. Ribeiro; Amauri G. Martins-Britto	10.1109/WCNPS65035.2024.10814187		79BZQ929	R3WKZRKW;XTBTJ9ZR	external-impedance		out-of-scope	Local PDF abstract and FEM weak-form sections inspected; the contribution is a case-specific finite-element solver for vertically stratified soil, not an integral/series/closed/recursive line-parameter formulation.
zotero:QM3YVDTN	A generalized model for the calculation of the impedances and admittances of overhead power lines above stratified earth	9/2010	Theofilos A. Papadopoulos; Grigoris K. Papagiannis; Dimitris P. Labridis	10.1016/j.epsr.2010.03.009	Papadopoulos2010a	QM3YVDTN	A7C23V3Z	external-impedance;external-admittance	core:C064	extracted	The 2010 paper repeats the 2009 impedance and potential kernels under a different spectral variable and adds matrix assembly and transform dependencies. The printed factor, prime, branch, and inverse ambiguities remain unresolved.
zotero:89N7X7PV	A Half-Size Singularity Test Matrix for Fast and Reliable Passivity Assessment of Rational Models	01/2009	A. Semlyen; B. Gustavsen	10.1109/TPWRD.2008.923406		89N7X7PV	H856JBLA			out-of-scope	Local PDF abstract and method inspected; the contribution is a passivity-test matrix for rational models, not a conductor, earth-return, or insulation formulation.
zotero:3E2S4XKB	A. LOTFI NO W. MOUTASSEM US J. PILGRIM GB K. PINKERT DE V. RIZOU GR O. THYRVIN SE		R Benato; S Dambone Sessa; A Falconer; Y Liu; F G Oliveira; T Takahashi			3E2S4XKB	XJ5BWP69;FL34KAAC	internal-impedance;insulation-admittance		out-of-scope	Local Markdown identifies CIGRE TB 880 and its benchmark cases; it verifies cable current-rating tools rather than publishing distributed impedance/admittance formulations.
zotero:IV3NUYUJ	A New Approach to Calculate the Ionized Field of HVDC Transmission Lines in the Space and on the Earth Surface	10/2006	S. Fortin; H. Zhao; J. Ma; F. Dawalibi	10.1109/ICPST.2006.321778		IV3NUYUJ	Q83NSSA6			out-of-scope	Local PDF abstract and method inspected; the formulation concerns HVDC corona space-charge fields, outside the requested distributed-parameter families.
zotero:SMG5GJT9	A new tool for calculation of line and cable parameters	07/2023	J. Morales; H. Xue; J. Mahseredjian; I. Kocar	10.1016/j.epsr.2023.109314		SMG5GJT9	PMIRLEXR	internal-impedance		application-only	Local PDF abstract, parameter overview, and examples inspected; it presents a software tool that combines MoM-SO and other separately published formulations.
zotero:CVUC5U7G	A Noniterative Approximation of a Full-Wave Model of Thin Wire Above and Buried in a Lossy Ground	12/2018	Antonio Carlos Siqueira De Lima; Antonio Paulo Cardillo Magalhaes; Paulo Eduardo Darski Rocha; Ruyguara A. Meyberg; Maria Teresa Correia De Barros	10.1109/TEMC.2017.2762241	DeLima2018	CVUC5U7G	T5SZKL9B			extracted	Original publication was image-screened; its quasi-full-wave single-conductor impedance and potential/admittance relations were transcribed separately.
zotero:3RD2BJH8	A Quasi-Monte Carlo Integration Method Applied to the Computation of the Pollaczek Integral	7/2008	Xavier Legrand; Alain XÉmard; GÉrard Fleury; Philippe Auriol; Carlo Alberto Nucci	10.1109/TPWRD.2007.909050		3RD2BJH8	DVNV8LTY;SPPCHXGZ	external-impedance		application-only	Abstract, Pollaczek restatement, method, and examples inspected; the contribution is a quasi-Monte-Carlo quadrature algorithm for an existing Pollaczek integral, not a new physical earth-return formulation.
catalogue:C076	A Recursive Formula for the Evaluation of Earth Return Impedance in Multilayered Media	2015	R. Iracheta-Cortez; collaborators					external-impedance;external-admittance	core:C076	duplicate	Catalogue row and Zotero row XPEHRSRV resolve to the same Iracheta-Cortez 2015 PDF and DOI; retain the Zotero row for extraction screening.
zotero:XPEHRSRV	A Recursive Formula for the Evaluation of Earth Return Impedance on Buried Cables	2015-12-14	Reynaldo Iracheta	10.15446/ing.investig.v35n3.49391	Iracheta2015	XPEHRSRV	JXNJNBDE	external-impedance		extracted	Original publication was image-screened; the recursive Wedepohl residual-integral series, initialization conflict, stopping rule, and parent decomposition were transcribed.
zotero:5P5YIGA7	A Stable Extended FDTD Thin-Wire Model for Lossy Wire Structures With Irregular Cross Sections	2/2022	Binghao Li; Yaping Du; Yang Zhang; Jinxing Cao; Mingli Chen	10.1109/TPWRD.2021.3060113		5P5YIGA7	XZNRNDAX	internal-impedance		out-of-scope	Local PDF abstract and FDTD model inspected; it develops an irregular-cross-section thin-wire cell model, not a per-unit-length internal-impedance formulation for LCM.
zotero:Q6LVW2S5	A Systematic Approach to the Evaluation of the Influence of Multilayered Earth on Overhead Power Transmission Lines	10/2005	G.K. Papagiannis; D.A. Tsiamitros; D.P. Labridis; P.S. Dokopoulos	10.1109/TPWRD.2005.855448		Q6LVW2S5	JWHYV43U	external-impedance		application-only	Local PDF abstract, integral survey, numerical-integration method, and results inspected; it compares existing multilayer-earth formulas and proposes quadrature handling, not a distinct physical kernel.
zotero:DKVCPG98	A universal model for accurate calculation of electromagnetic transients on overhead lines and underground cables	7/1999	A. Morched; B. Gustavsen; M. Tartibi	10.1109/61.772350		DKVCPG98	JZ8XNDS7			out-of-scope	Local PDF abstract and model inspected; the contribution is a universal phase-domain transient line model and rational approximation, not a physical parameter formulation.
zotero:PMPYN3IV	AC interference from faulty power cables on buried pipelines: A two‐step approach	01/2021	Giovanni Lucca	10.1049/smt2.12003		PMPYN3IV	BYWV6MJA			application-only	Local PDF abstract and two-step method inspected; it applies transmission-line models to faulted-cable/pipeline interference without a new physical parameter equation.
zotero:WAZWHAEY	Accounting for Pipeline Interference and Soil Stratification on Overhead Line Parameters: A Solution for Protective Relays and Fault Locators	2021	Caio M Moraes; Felipe V Lopes			WAZWHAEY	4NKAL65R			application-only	Local PDF abstract and method inspected; it assembles pipeline/soil effects using an existing closed-form Carson solution and applies them to relays/fault locators, without a new physical kernel.
zotero:RHEV3NC5	Accuracy Assessment of Analytical Expressions for the Ground Return Impedance of Underground Cables		Alberto De Conti; Antonio C S Lima			RHEV3NC5	BVZQ69MY	external-impedance		application-only	Local PDF/Markdown survey and comparisons inspected; it assesses published underground-cable ground-return expressions and does not claim a new formulation.
zotero:7W6AE9XD	ACCURACY OF APPROXIMATE FORMULAS FOR INTERNAL IMPEDANCE OF TUBULAR CYLINDRICAL CONDUCTORS FOR LARGE PARAMETERS	2011	Dino Lovric; Vedran Boras; Slavko Vujevic	10.2528/PIERM10121503		7W6AE9XD	YD48W9VG	internal-impedance		application-only	Local PDF formula catalogue and accuracy comparisons inspected; it evaluates existing tubular-conductor approximations and does not establish their original attribution.
zotero:4E8DC9EF	ACCURATE SIMULATION OF AC INTERFERENCE CAUSED BY ELECTRICAL POWER LINES: A PARAMETRIC ANALYSIS		J Liu; F P Dawalibi			4E8DC9EF	TFHB922L	external-impedance		application-only	Local PDF abstract and parametric study inspected; it applies established coupling/line models to AC interference.
zotero:5SBTRRXB	Accurate Transmission Line Modeling Through Optimal Time Delay Identification		Luciano De Tommasi; Bjørn Gustavsen			5SBTRRXB	MCEQXMBC			out-of-scope	Local PDF opening and method inspected; the contribution identifies time delays in fitted transmission-line models and supplies no new physical parameter equation in scope.
zotero:QG2GEN8E	Admittance Correction Effects of a Single Overhead Line	03/1981	M. Nakagawa	10.1109/TPAS.1981.316582	Nakagawa1981a	QG2GEN8E	D6C8FWJ3;JSDNW6H9;G46HVH3A;XNMYYTD3	internal-impedance;external-impedance;external-admittance	core:C036	application-only	Original PDF inspected page by page; this is a later MKS restatement and numerical application of Wise's 1948 potential-coefficient correction, not a distinct original formulation. Its equation (2) and appendix (A-3) print an undefined mu_2 in the second denominator factor; the discrepancy is retained in the linked Wise record.
reference:wiley-ametani-fuse-1992	Approximate Method for Calculating the Impedances of Multiconductors with Cross Sections of Arbitrary Shapes	1992	Akihiro Ametani; Ikuko Fuse	10.1002/eej.4391120213	Ametani1992			internal-impedance	reference-chain	extracted	Primary English translation. Publisher metadata and abstract were checked; the equation is corroborated by the official Japanese original and the later IET book.
reference:jstage-ametani-fuse-1991	任意断面導体よりなる多導線系インピーダンス近似計算法 / Approximate Method for Calculating Impedance of Multiconductor with Arbitrary Cross-Section	1991	Akihiro Ametani; Ikuko Fuse	10.1541/ieejpes1990.111.8_896	Ametani1991			internal-impedance	reference-chain	extracted	Official Japanese publication pages 896-902 inspected. Equations (1)-(6) and (14)-(15) give the arbitrary-cross-section internal impedance and equivalent-annulus radii; measured sector-cable and FEM comparisons were inspected.
zotero:5KME7IMZ	Electromagnetic Transients in Large HV Cable Networks: Modeling and Calculations	2021	Akihiro Ametani; Haoyan Xue; Teruo Ohno; Hossein Khalilnezhad	10.1049/PBPO204E	Ametani2021	5KME7IMZ	5KME7IMZ	internal-impedance	reference-chain	duplicate	Appendix A1.4.3, page 68, reproduces the Ametani-Fuse arbitrary-cross-section impedance as equation (A1.59) and identifies the original paper. It is retained as an equation-complete auxiliary witness, not counted as a new formula.
zotero:W77HEGJG	Algorithm for fast calculating the energization overvoltages along a power cable based on modal theory and numerical inverse Laplace transform	09/2022	Han Li; Peixin Yu; Shurong Li; Xuefeng Zhao; Junbo Deng; Guanjun Zhang	10.1016/j.epsr.2022.108163		W77HEGJG	4R6GWU9W			application-only	Local PDF abstract and algorithm inspected; it accelerates cable energization calculations using modal theory and numerical inverse Laplace transform, while taking line parameters as inputs.
zotero:76VYHVCS	Algorithmic Evaluation of Underground Cable Earth Impedances	01/2004	F.A. Uribe; J.L. Naredo; P. Moreno; L. Guardado	10.1109/TPWRD.2003.820181		76VYHVCS	GT7AZWXD	external-impedance	core:C053	application-only	Abstract, integral analysis, algorithm, and comparisons inspected; this provides numerical evaluation of Pollaczek's existing integral and normalized plots, not a distinct physical kernel.
zotero:XKUY4D56	Algorithms for fast calculation of energization overvoltage of hybrid overhead line-cable transmission lines based on full frequency-dependent parameters	12/2023	Borui Gu; Han Li; Shurong Li; Xiaoguang Zhu; Xuefeng Zhao; Junbo Deng; Guanjun Zhang	10.1016/j.epsr.2023.109875		XKUY4D56	36IX28WK			application-only	Local PDF abstract and method inspected; it accelerates hybrid-line energization simulations from existing frequency-dependent parameters and adds no physical parameter formulation.
zotero:3H6T8ZFJ	Alternative Series-Based Solution to Approximate Pollaczek's Integral	10/2012	Felipe A. Uribe; Abner Ramirez	10.1109/TPWRD.2012.2202199		3H6T8ZFJ	DMW6VFGD;J2AJ4PRC	internal-impedance;external-impedance		application-only	All three pages were screened. The letter reuses the Wedepohl-Wilcox series and changes only the numerically selected switching frequency between that series and quadrature; it publishes no new analytical impedance kernel or series.
catalogue:C068	Alternative Series for the Calculation of Underground Cable Earth Impedances	2012	Felipe A. Uribe; A. Ramirez					external-impedance;external-admittance	core:C068	duplicate	Catalogue row duplicates Zotero item 3H6T8ZFJ and the same local C068 PDF; retain the Zotero row for formula screening.
zotero:GKQ4BG4P	An accurate analysis of lightning overvoltages in mixed overhead-cable lines	05/2021	R. Alipio; H. Xue; A. Ametani	10.1016/j.epsr.2021.107052		GKQ4BG4P	Q77V2KSF			application-only	Local PDF abstract, line models, and results inspected; it applies existing line/cable parameter approaches to lightning overvoltages in a mixed line.
zotero:X7HMCGRV	An Approach To The Impedance Modelling of Low-Voltage Cables in Digital Twins		Rémy Cleenwerck; Hakim Azaioud; Robbert Claeys; Thierry Coosemans; Jos Knockaert; Jan Desmet			X7HMCGRV	WH2YXGHB			application-only	Abstract, stated contributions, and sections 3.1-3.3 inspected in the local preprint (PDF pp. 1-6). Proposed changes (8)-(9) specialize existing Carson/Kersting formulas to 50 Hz and metric units; solid/stranded/sector GMR and GMD relations are attributed to earlier geometry references, including Geiss-Schroer. Contribution is boundary-condition/geometry selection and digital-twin validation, not a distinct original physical parameter kernel. Useful secondary geometry witness.
zotero:A3SJB7VJ	An Efficient Algorithm for Calculating the Earth Return Mutual Impedance of Conductors With Asymptotic Extraction Technology	05/2009	Jun Zou; Jae Bok Lee; Sug Hun Chang	10.1109/TEMC.2009.2016347		A3SJB7VJ	CKK7EYDI	external-impedance		application-only	Abstract and derivation inspected; asymptotic extraction decomposes Pollaczek's existing mixed mutual integral to accelerate quadrature but does not change the physical expression.
zotero:VBH9VJFP	An Efficient and Generalized Algorithm for Calculating the Earth Return Impedance With Pollaczek Integral Using the Moment Technique	12/2013	Jun Zou; Chenglong Zhou; Boyuan Zhang; Jaebok Lee; Sughun Chang	10.1109/TEMC.2013.2258349		VBH9VJFP	T2IRPSHS	external-impedance	core:C071	application-only	Abstract and moment construction inspected; piecewise-quadratic moment functions are a numerical integration algorithm for Pollaczek's existing integral, not a new line-parameter formulation.
zotero:YWR8UXS3	An electromagnetic model for transients in grounding systems	Oct./1990	L. Grcev; F. Dawalibi	10.1109/61.103673		YWR8UXS3	KRM4LQLT;RXGAY2XK	internal-impedance		out-of-scope	Local Markdown abstract, field model, and conclusions inspected; it models transient grounding electrodes/networks rather than per-unit-length line or cable parameters.
zotero:GCWUILIG	An Equivalent Surface Current Approach for the Computation of the Series Impedance of Power Cables with Inclusion of Skin and Proximity Effects	10/2013	Utkarsh R. Patel; Bjrn Gustavsen; Piero Triverio	10.1109/TPWRD.2013.2267098	Patel2013	GCWUILIG	7E5D3DDJ;T5HF7RW3	internal-impedance		extracted	Original publication was image-screened; the round-conductor surface-admittance operator and MoM assembly for skin/proximity impedance were transcribed.
zotero:XD3PLNRU	An Improved Method for the Calculation of the Internal Impedances of Solid and Hollow Conductors With the Inclusion of Proximity Effect	10/2012	Alberto Pagnetti; Alain Xemard; Françoise Paladian; Carlo Alberto Nucci	10.1109/TPWRD.2012.2212466	Pagnetti2012	XD3PLNRU	59SBVEH7	internal-impedance		extracted	Original publication was image-screened; the solid/hollow subconductor Bessel and magnetic-energy proximity formulation was transcribed.
zotero:XIMGYW2K	An investigation of earth and sea-return impedances of power electrical cables	10/2023	F.A. Uribe; O. Ramos-Leaños; Pavel Zuniga	10.1016/j.epsr.2023.109608		XIMGYW2K	76G6C8YP	external-impedance		application-only	Publication screened. It benchmarks numerical evaluation of inherited earth- and sea-return models and recommends integration choices; no scientifically distinct physical equation family was identified.
zotero:W3RA7L7C	An Investigation of Earth-Return Impedance Between Overhead and Underground Conductors and Its Approximation	08/2009	Akihiro Ametani; Tetsuzo Yoneda; Yoshihiro Baba; Naoto Nagaoka	10.1109/TEMC.2009.2019953	Ametani2009	W3RA7L7C	3FLS75NC;27IMHDQL;3M3723GB	external-impedance	core:C063	extracted	Original PDF images pp. 860-865 inspected; mixed exponential-image equation (27) and separate power-frequency reduction (30)-(32) transcribed. Printed depth-sign, derivative/final-factor, critical-frequency, and bibliography author conflicts retained. Pollaczek and Lucca reproductions identified as secondary parent/comparison witnesses; originals remain separate candidates.
zotero:E5TACEF5	An Investigation of Frequency and Electromagnetic Transient Responses on a VSC-HVDC Cable Network	8/2024	Haoyan Xue; Jean Mahseredjian; Jesus Morales; Hani Saad; Sébastien Dennetiere; Tao Xue	10.1109/TPWRD.2024.3388892		E5TACEF5	MSQXPP2Z			application-only	Local PDF abstract and model-validation sections inspected; it studies frequency/transient response of a VSC-HVDC cable network using established cable formulations.
zotero:3Z74VDJD	An investigation of harmonic induced voltages on medium-voltage cable sheaths and nearby pipelines	12/2020	T.A. Papadopoulos; I.P. Chaleplidis; A.I. Chrysochos; G.K. Papagiannis; K. Pavlou	10.1016/j.epsr.2020.106594		3Z74VDJD	XC8YJXC2			application-only	Local PDF abstract and methods inspected; it applies established cable/pipeline models to harmonic induced voltages without a distinct new parameter formulation.
zotero:T62E4RN4	Analysis of Cross-Bonded Cables Using Accurate Model Parameters	2/2023	Haoyan Xue; Jean Mahseredjian; Jesus Morales; Ilhan Kocar	10.1109/TPWRD.2022.3179832		T62E4RN4	YIS5EAVA			application-only	Local PDF abstract and analysis inspected; it studies cross-bonded cable behavior using previously published accurate model parameters rather than deriving a new family formula.
zotero:9YTAFUUA	Analysis of Electrical Interference from Power Lines to Gas Pipelines. I. Computation Methods	1989	F. P. Dawalibi; R. D. Southey	10.1109/61.32680	Dawalibi1989	9YTAFUUA	67K4D4QE	external-impedance		extracted	Original-author technical-manual reproduction p. 53 image-screened; mixed external-impedance equation (8) and definitions (3)-(5) were transcribed. Formula attachment 67K4D4QE is stored under separate review parent TM7JDYV2, while journal metadata belong to item 9YTAFUUA. The reproduction prints a dimensionally conflicting gamma_i definition, retained literally. Journal DOI was verified, but the original IEEE equation page was not independently matched.
zotero:EN8YY3BK	Analysis of formulas to calculate the AC resistance of different conductors’ configurations	10/2015	Jordi-Roger Riba	10.1016/j.epsr.2015.05.023		EN8YY3BK	N3DCESGC	internal-impedance		application-only	Local PDF formula survey and comparisons inspected; it analyzes existing AC-resistance expressions for conductor configurations rather than establishing an original one.
catalogue:N011	Analysis of Ground Return Impedance Calculation Methods for Modeling of Underground Cables for Lightning Studies	2018	Melih Güneri; Bora Alboyacı	10.3906/elk-1706-32	Guneri2018			external-impedance	navigation:N011	extracted	Original PDF screened. Equations (4)–(20) state and compare Pollaczek, Carson, Wedepohl–Wilcox, Saad–Gaba–Giroux, Vance, Petrache, and Theodoulidis earth-return impedance expressions. The Wedepohl–Wilcox, Vance, and Petrache analytical variants are retained as separate formula records; the others are equation witnesses for existing records.
zotero:HZ2YFUFY	Analysis of Grounding Systems Including Freely Oriented Plates of Arbitrary Shape in Multilayer Soils	11/2015	Huiliang Zhao; Simon Fortin; Farid P. Dawalibi	10.1109/TIA.2015.2448614		HZ2YFUFY	N74YNJE8;EYEFL4KR			out-of-scope	Local Markdown abstract and formulation inspected; it treats finite grounding plates of arbitrary orientation, not the infinite line/cable geometries in scope.
zotero:63XGHT6L	Analysis of Overvoltages in Power Systems Due to Lightning Strikes: On the Effects of the Line Modeling Approach and Frequency-Dependent Soil Properties	2024-9-2	Tainá Fernanda Garbelim Pascoalato; Walter Luiz Manzi De Azevedo; Anderson Rircardo Justo De Araújo; Amauri Gutierrez Martins-Britto; Sérgio Kurokawa; José Pissolato Filho	10.1109/UPEC61344.2024.10892591		63XGHT6L	T5VFAZBD	external-impedance;external-admittance		application-only	Local PDF abstract and comparison sections inspected; it contrasts Carson/Nakagawa soil modeling in a lightning-overvoltage case and introduces no new impedance/admittance expression.
zotero:DFDXBDHS	Analysis of Pipe-Type Cable Impedance Formulations at Low Frequencies	10/2013	Hans Kr. Hoidalen	10.1109/TPWRD.2013.2272343	Hoidalen2013	DFDXBDHS	IRN8DLNQ;77JC6SVA;HX5QFUPX	internal-impedance		extracted	The manuscript provides core-proximity, finite-wall, and infinite-wall low-frequency pipe-cable approximations. Equation (23), the publisher-version match, and the Dwight comparison remain unresolved.
catalogue:C023	Analysis of Semi-Infinite and Finite Thin-Wire Antennas Above a Dissipative Earth	1976	R. G. Olsen; D. C. Chang	10.1029/RS011i011p00867	Olsen1976			external-impedance;external-admittance	core:C023	application-only	Original PDF screened. The paper applies the inherited Chang–Olsen infinite-wire kernel in a Wiener–Hopf finite-antenna calculation and reports reflection, current, and input-conductance results; it does not define an independent p.u.l. impedance or admittance.
catalogue:C070	Analytical Study of the Frequency-Dependent Earth Conduction Effects on Underground Power Cables	2013	Theofilos A. Papadopoulos; Dimitrios A. Tsiamitros; Grigoris K. Papagiannis					external-impedance;external-admittance	core:C070	duplicate	Catalogue row duplicates Zotero row ZMN8UFTS for the same 2013 underground-cable earth-conduction paper.
zotero:ZMN8UFTS	Analytical study of the frequency‐dependent earth conduction effects on underground power cables	03/2013	Theofilos A. Papadopoulos; Andreas I. Chrysochos; Grigoris K. Papagiannis	10.1049/iet-gtd.2012.0425		ZMN8UFTS	9INA77KD;YVMQ4937	internal-impedance;external-impedance;external-admittance;insulation-admittance		application-only	Publication screened. The analytical study compares established Pollaczek/Sunde and cable-assembly expressions under frequency-dependent soil assumptions; its conclusions are parameter studies rather than a new formulation.
zotero:986IIGXE	ANSI/IEEE Std 81-1983 (Revision of IEEE Std 81-1962) An American National Standard IEEE Guide for Measuring Earth Resistivity, Ground Impedance, and Earth Surface Potentials of a Ground System					986IIGXE	VAYGW84K	external-impedance		out-of-scope	Local standard inspected; IEEE 81 specifies earth-resistivity and grounding-system measurement practice, not one of the requested line/cable formula families.
zotero:WUMSCQ5R	Application guide for extruded land cables		J Kaumanns; M Bacchini; G Gehlin; B Gregory; D Johnson; T Kurata; H-P May; F Peurton; R Reinoso; J Tarnowski; M A Vilhelmsen; D Wald			WUMSCQ5R	7GTPDZNX;YK3K32CJ			out-of-scope	Local Markdown identifies CIGRE TB 669; its subject is mechanical forces in large-cross-section cable systems, not the five physical equation families.
zotero:IZGZ69JL	Application of Electromagnetic Field Theory to Measure Correct Grounding System Impedance: A Parametric Analysis	2005	Robert D Southey; P Eng Winston Ruan			IZGZ69JL	VGY42LKU	external-impedance		out-of-scope	Local PDF abstract and analysis inspected; it evaluates grounding-system impedance measurement error and does not derive distributed line/cable parameters.
zotero:A48382KQ	Arithmetic and Logical Models of Stranded Transmission Line Conductors for Voltage and Voltage-Drop Analysis		Abdul Rasak Zubair; Adeboye Olatunbosun			A48382KQ	2R7LIC8A;CLZ7SR9G	internal-impedance		out-of-scope	Local PDF abstract and models inspected; it computes strand-center coordinates/GMR for graphical voltage-drop analysis, not a skin/proximity internal-impedance formulation.
zotero:S2GGJV7A	Assessment of Distinct Tower Structures Impact on the Transient Behavior for Overhead Lines		A C S Lima; J P L Salvador; A P C Magalhaes			S2GGJV7A	CLZ6293S			application-only	Local PDF abstract and model setup inspected; it evaluates tower-profile effects on line transients using existing parameter models.
zotero:5BZIHLM2	Assessment of the transmission line theory in the modeling of multiconductor underground cable systems for transient analysis using a full-wave FDTD method	10/2023	Naiara Duarte; Alberto De Conti; Rafael Alipio; Farhad Rachidi	10.1016/j.epsr.2023.109570		5BZIHLM2	2Z5PPI4A	external-admittance		application-only	Local PDF abstract and validation sections inspected; it uses full-wave FDTD to validate previously published underground-cable ground-return expressions and a closed-form approximation.
zotero:VCQ75MC2	C. GRODZINSKI CA H. NYFFENEGGER CH W. WANG CN R.A. OLSEN DK G. DENCHE ES M. NGUYEN-TUAN FR N. COUTURIER FR J. PILGRIM GB L. COLLA IT S. MASHIO JP P. VAN VELZEN NL O. CAKMAK TR T. DU PLESSIS ZA		T Zhao; R Bascom; C Grodzinski; H Nyffenegger; W Wang; R A Olsen; G Denche; M Nguyen-Tuan; N Couturier; J Pilgrim; L Colla; S Mashio; P Van Velzen; O Cakmak; T Du Plessis; G Bucea			VCQ75MC2	V4NXJJYW			application-only	Local CIGRE brochure contents and modeling chapters inspected; it is design/testing/maintenance guidance for sheath-bonding systems and relies on established cable parameter methods.
zotero:QL7VGW93	C004_248705719-Pollaczek-Aleman1926				Pollaczek1926	HQYGB9D3	QL7VGW93	external-impedance		extracted	Original 1926 German publication was page-image screened; its generalized induction Green-function representation and source definitions were transcribed without modernizing notation.
zotero:S4RMPH49	Cable modelling in ATP – from NODA to TYPE94		Hans Kristian Høidalen; Amir Hayati Soloot; O S Bragstadspl			S4RMPH49	SJLYL5UI;7PVFZDK3			out-of-scope	Local PDF abstract and implementation inspected; it compares/fits ATP cable transient models (Noda, vector fitting, Type 94) rather than deriving physical cable parameters.
zotero:7UV9BHU4	Cable System Transients		Akihiro Ametani			7UV9BHU4	E99DNVNR			application-only	Local book and relevant earth/cable chapters inspected; it is a secondary synthesis and cites original formulations that are inventoried separately.
catalogue:N008	Cable System Transients: Theory, Modeling and Simulation	2015	Akihiro Ametani; T. Ohno; Naoto Nagaoka					external-impedance;external-admittance	navigation:N008	duplicate	Navigation catalogue row identifies the same 2015 Ametani–Ohno–Nagaoka book held as Zotero row 7UV9BHU4.
catalogue:C016	Calcul approché des paramètres primaires et secondaires d'une ligne de transport. Valeurs homopolaires	1969	Clément Dubanton		Dubanton1969			external-impedance	core:C016	duplicate	Original attribution retained. The Dubanton complex-depth formula, its derivation, and its limits are equation-complete in the accessible English publication by Déri et al.; that publication is the implementation record.
zotero:LW3WDHTI	Calculating Mutual Ground Impedances Between Overhead and Buried Cables	2008	F. A. Uribe	10.1109/TEMC.2007.915286	Uribe2008	LW3WDHTI	FESSJDLW	external-impedance		extracted	Original publication pp. 198-203 image-screened. The Pollaczek mixed integral, Uribe positive-domain evaluator/truncation, and the three Lucca/CCITT/Wedepohl comparison formulas (6a)-(6f) were transcribed. The evaluator is a distinct published numerical formulation; the comparison formulas remain secondary for their credited originals.
zotero:ZI298KJQ	Calculation of electrical parameters for short and long polyphase transmission lines	1964	H Galloway; W B Shorrocks; L M Wedepohl			ZI298KJQ	2UKD788P;YX356Z7X		core:C014	application-only	Publication screened. It assembles short/long polyphase-line parameters from standard conductor and earth-return quantities; no new family-local physical equation was found.
zotero:JZVWVZQW	Calculation of Frequency-Dependent Parameters of Pipe-Type Cables: Comparison of Methods	8/2006	Daniel Da Silva; Ganimedes Fernandez; Richard A. Rivas	10.1109/TDCLA.2006.311519	DaSilva2006	JZVWVZQW	WLXNANMR	internal-impedance		extracted	The bilingual paper provides Method 2, an infinite-pipe model with core proximity, and Method 3, a finite-pipe model without core proximity. The `P-1` self-sum is resolved by summing every other core, consistent with the stated core count and parent formulation.
zotero:NJY59HBA	Calculation of Ground Impedances	8/2024	Herbert Wohlfarth	10.1109/TPWRD.2024.3388570		NJY59HBA	M56EUL8G	external-impedance		application-only	Local PDF abstract, classification, and formula survey inspected; it is a 2024 secondary overview of literature formulations, whose originals remain separate source candidates.
zotero:S4TBV9R6	Calculation of mutual impedance between buried conductors of finite length		Konstantinos Rallis; Theodoros Theodoulidis			S4TBV9R6	U64AWPEF			out-of-scope	Local PDF abstract and derivation inspected; it computes mutual impedance of finite arbitrarily oriented buried conductors for grounding/coupling studies, not per-unit-length transmission-line parameters.
zotero:BLTLNWM2	Calculation of overhead and underground cable parameters at harmonic frequencies	02/2021	Zeeshan Rashid	10.1007/s00202-020-01119-y		BLTLNWM2	A6LKFTIA	internal-impedance		application-only	Publication screened. It is a harmonic-frequency cable-parameter calculation workflow using established skin/proximity and earth-return formulas, without a distinct source-attributed analytical contribution.
zotero:V5V429QL	Calculation of the ‘Field Intensification Factors’ using Method of Moments for Lightning Protection		Huiliang Zhao; Simon Fortin; Farid P Dawalibi			V5V429QL	YSH7G7W7;7MWU5VXS			out-of-scope	Local Markdown introduction and method inspected; its Method-of-Moments field-intensification factors are for lightning protection geometry, outside corpus scope.
catalogue:C078	Closed-Form Evaluation of Carson's Integral	2015	Theodoros Theodoulidis					external-impedance;external-admittance	core:C078	duplicate	Catalogue row duplicates Zotero item PQGNG5LW and the same local C078 PDF; retain the Zotero row for formula screening.
catalogue:C069	Closed-Form Expressions for Ground Return Impedances of Overhead Lines	2012	Antônio C. S. de Lima; C. Portela					external-impedance;external-admittance	core:C069	duplicate	Catalogue row duplicates Zotero item SITKSSLP and the same 2012 closed-form ground-return publication; retain the Zotero row.
zotero:SITKSSLP	Closed-form expressions for ground return impedances of overhead lines and underground cables	6/2012	Antonio C.S. Lima; Carlos Portela	10.1016/j.ijepes.2011.12.016	Lima2012	SITKSSLP	2D2S77U7	external-impedance		extracted	Original publication was image-screened; its exact Struve/Bessel Carson closed form and separate Sunde underground asymptote were transcribed.
zotero:T7KBVTEP	Closed-Form Expressions for the Analysis of Wave Propagation in Overhead Distribution Lines	2020-09-01	Theofilos A. Papadopoulos; Andreas I. Chrysochos; Christos K. Traianos; Grigoris Papagiannis	10.3390/en13174519		T7KBVTEP	D22IXIMS	external-impedance		application-only	Local PDF abstract, formula comparison, and wave-propagation results inspected; it evaluates previously published closed-form earth models and does not introduce one.
zotero:ETY76NF4	Closed-Form Expressions for the Calculation of the Ground-Return Impedance and Admittance of Underground Cables	8/2023	Alberto De Conti; Naiara Duarte; Rafael Alipio	10.1109/TPWRD.2023.3264614	DeConti2023a	ETY76NF4	4UVINVP3;IM9JEA7D	external-impedance		extracted	Original publication was image-screened; its closed-form Xue ground-return impedance and potential-coefficient expressions were transcribed with their matrix meaning.
zotero:H5MP3X5M	Closed‐form complex permeability expression for proximity‐effect homogenisation of litz‐wire windings	05/2020	Korawich Niyomsatian; Johan Gyselinck; Ruth V. Sabariego	10.1049/iet-smt.2019.0377		H5MP3X5M	CH56T8MC;BCHM39A6	internal-impedance		out-of-scope	Local Markdown abstract and derivation inspected; the complex permeability homogenizes litz-wire windings in magnetic devices, outside the requested transmission-line conductor geometries.
zotero:A6PII58H	Coated Metallic Plates in Horizontal Multilayer and Perfect Soil Models in MALT	2015	Nathalie Dawalibi			A6PII58H	C43IV92Q;WI6A46YW			out-of-scope	Local Markdown introduction and equations inspected; it adds coated finite plates to MALT grounding models, not distributed conductor/cable parameter formulas.
zotero:LC9RCKBD	Coated Metallic Plates in Uniform Soil Model in MALT	2014	Peter Zhao; Simon Fortin; Farid P Dawalibi			LC9RCKBD	KZHG8PPM;K577WZ4D			out-of-scope	Local Markdown introduction and equations inspected; it concerns coated finite plates in a grounding solver, outside the requested line/cable geometries.
zotero:ZKDFFQ48	Composition of the Working Group:		Georg Balog; Heinrich Brakelmann; Bjørn Gustavsen; Thor Henriksen; Marco Marelli; Pablo Martin; Laurent Moreau; Ambrogio Orini; Wan-Ki Park; South Corea; Jean-Luc Parpal; Robert Rosevear; Thomas Worzyk			ZKDFFQ48	TLJUHQK2			application-only	Local CIGRE brochure contents and technical chapters inspected; it surveys transient voltages affecting long cables and reproduces established modeling practice rather than an original formulation.
zotero:SDINKETL	Computation of Overhead Line/Underground Cable Parameters with Improved MoM-SO Method	6/2018	Haoyan Xue; Akihiro Ametani; Jean Mahserediian; Ilhan Kocar	10.23919/PSCC.2018.8442743	Xue2018a	SDINKETL	BGEUYFVL			extracted	Original conference publication was image-screened; the distinct quasi-TEM overhead MoM-SO Green-function leaf was transcribed, while inherited surface operators were cross-referenced.
zotero:YE2Y27BS	Countermeasures of Zero-Missing Phenomenon in (E)HV Cable Systems	8/2018	Hossein Khalilnezhad; Marjan Popov; Lou Van Der Sluis; Jorrit A. Bos; Jan P. W. De Jong; Akihiro Ametani	10.1109/TPWRD.2017.2729883		YE2Y27BS	QRKU2JE4			application-only	Local PDF abstract and cable-system analysis inspected; it studies a zero-missing modal/transient phenomenon using established cable parameters.
zotero:ZYHHJU33	Current Rating and Sheath Loss Assessment of Underground Power Cables Using Electro-Thermal Finite Element Modeling		Achilleas I Sfetkos; Nikolaos E Tzatsis; Andreas I Chrysochos; Theofilos A Papadopoulos			ZYHHJU33	DG39X34X			out-of-scope	Local PDF abstract and electro-thermal model inspected; the outputs are current rating and sheath loss, not the requested distributed physical equation families.
zotero:S76HNBLY	De impact van het proximity effect op de golfpropagatie in ondergrondse kabels		Jeroen Van Elsacker			S76HNBLY	NR8B5LQE	internal-impedance		application-only	Thesis screened at its formulation and results chapters. It studies the propagation impact of proximity effect using established cable-impedance methods and does not publish a distinct analytical impedance expression.
reference:iwamoto-1958-january-jstage	大地表皮効果による線路進行波の変歪 / Deformation of Traveling Waves in Transmission Line with Earth Skin Effect	1958	岩本 国三 / K. Iwamoto		Iwamoto1958a	JIKJVPUM		internal-impedance;external-impedance	reference-chain	extracted	The January 1958 paper provides a logarithmic-integral/Duhamel evaluator of Carson's kernel. The exponential factor, radius mapping, operator definition, and resistance normalization remain unresolved.
zotero:GZF6TI32	Derivation of an Earth-Return Impedance of an Overhead Multi-Conductor Considering Displacement Currents	2014	Akihiro Ametani; Yoshiko Miyamoto; Jean Mahseredjian	10.1541/ieejpes.134.936	Ametani2014	GZF6TI32	LI8XRGC8	external-impedance		extracted	Original publication was image-screened; its air-referenced displacement-current earth integral and complex-image reduction were transcribed as separate leaves.
catalogue:C074	Derivation of an Earth-Return Impedance of an Overhead Multiconductor Considering Displacement Currents	2014	Akihiro Ametani; Y. Miyamoto; Jean Mahseredjian					external-impedance;external-admittance	core:C074	duplicate	Catalogue row duplicates Zotero row GZF6TI32 for the same Ametani et al. 2014 publication.
zotero:R6E4VYJK	Derivation of Theoretical Formulas of Sequence Currents on Underground Cable System		Teruo Ohno; Akihiro Ametani; Claus Leth Bak			R6E4VYJK	XZ9846KX			out-of-scope	Local PDF abstract and equations inspected; the new outputs are bonded-cable sequence currents, not physical internal/external/insulation parameter expressions.
zotero:RQAVAL5Q	Development of a Computer Program for Calculating the Transmission-Line Constants of Cables Installed in a Tunnel Taking the Skin and Proximity Effects into Account		Yohei Tanaka; Taku Noda; Yoichi Sekiba; Eiichi Ito; Kazuhiro Misawa; Takuji Chida			RQAVAL5Q	YJLPIUZW			application-only	Local PDF abstract and method inspected; the tunnel-cable program applies MoM-SO/MoM formulations published elsewhere and presents computed constants rather than a new physical formula.
zotero:E6FS7SEX	Direct numerical evaluation of earth return path impedances of underground cables	2005	G.K. Papagiannis; D.A. Tsiamitros; D.P. Labridis; P.S. Dokopoulos	10.1049/ip-gtd:20045011		E6FS7SEX	Y4IRA56S			application-only	Abstract, homogeneous/multilayer integral restatements, and integration scheme inspected; the contribution is stable direct numerical quadrature of prior earth-return formulas.
zotero:RWC3NVYV	Dubanton's and Wait's Approximations of the Earth Return Impedance Used for Evaluating Transmission-Line Wave Propagation Parameters	12/2015	J. A. Brandao Faria	10.1109/TPWRD.2015.2449758		RWC3NVYV	ZQNW5V63;7PZFEV2S	external-impedance		application-only	Abstract and derivation inspected; the letter gives a new theoretical support for the existing Dubanton approximation using Wait's tunnel theory, but does not publish a distinct impedance expression.
zotero:SE23ZFCL	Earth conduction effects in systems of overhead and underground conductors in multilayered soils	2006	D.A. Tsiamitros; G.C. Christoforidis; G.K. Papagiannis; D.P. Labridis; P.S. Dokopoulos	10.1049/ip-gtd:20050195		SE23ZFCL	95U6PQ3T		core:C055	duplicate	The conference paper is the earlier witness for the same arbitrary-multilayer recursion and arrangement specializations published in the image-verified 2008 Part I record; no additional leaf survived comparison.
catalogue:C009	Earth Conduction Effects in Transmission Systems	1949	Erling D. Sunde		Sunde1949	TNQ34IJX		external-impedance;external-admittance	core:C009	extracted	The inspected file is the corrected 1968 Dover edition, not the 1949 first edition. Its two-layer overhead mutual kernel was transcribed, and the edition gap remains recorded.
catalogue:N007	Earth Conduction Effects in Transmission Systems	1949	Erling D. Sunde					external-impedance;external-admittance	navigation:N007	duplicate	Navigation catalogue row duplicates core row catalogue:C009 for the same Sunde book, not Wise. The local C009 PDF is the corrected 1968 Dover republication of the 1949 work, verified from its title, copyright and preface images; catalogue year and existing key are preserved, not used as edition proof.
zotero:LJAW2HPM	Earth return admittance and frequency-dependent soil parameters effect on transient behavior of the earth continuity conductor	12/2025	J.E. Guevara Asorza; R.A. De Araujo; J. Pissolato Filho	10.1016/j.epsr.2025.112049		LJAW2HPM	D4DSFA3L;MYHRV3WT	external-admittance		application-only	Local PDF abstract and formulation references inspected; it studies the impact of existing earth-return admittance/soil models on an earth-continuity conductor.
zotero:LPUHMG9S	Earth Return Admittance Effect on Underground Cable System Modeling	4/2018	Antonio P. Cardillo Magalhaes; Maria Teresa Correia De Barros; Antonio C. S. Lima	10.1109/TPWRD.2017.2741600	Magalhaes2018	LPUHMG9S	LZ68WMU6;7ZP4MT2I;KV3Y2PHI	external-admittance		extracted	Original publication was image-screened; the underground earth-potential/admittance matrix construction was transcribed with the matrix inversion relation distinguished from scalar reciprocation.
zotero:PWI2NT47	Earth return admittance impact on crossbonded underground cables	09/2021	Antonio P.C. Magalhães; Antonio C.S. Lima; Maria Teresa Correia De Barros	10.1016/j.epsr.2021.107351		PWI2NT47	BJM86ABK	external-admittance		application-only	Local PDF abstract and model sections inspected; it applies prior ground-return admittance models to cross-bonded cables and studies their transient impact.
zotero:C8EV79JU	Earth return admittances and impedances of underground cables in non-homogeneous earth	2011-02-07	T.A. Papadopoulos; D.A. Tsiamitros; G.K. Papagiannis	10.1049/iet-gtd.2010.0228	Papadopoulos2011	C8EV79JU	RP5V8VFQ;5XDM88IQ	external-impedance;external-admittance	core:C066	extracted	Original paper screened throughout. Final impedance (6a)-(6b), potential/admittance (7a)-(7g), all interface coefficients, transform (5), self substitutions and limits visually verified on printed pp. 162-163 and 171; two records created. Printed a_m/gamma_k index mismatch, K-prime denominator discrepancy, Delta12/Delta21 parent/final mismatch, and scalar inverse interpretation retained as unresolved, not repaired. Both conductors must occupy finite first earth layer; proposed different-layer, mixed and arbitrary-layer extensions are not printed coverage. Sections 4-5 are numerical applications, not additional parameter formulations.
zotero:R45ZAPGD	Earth-Return Impedance Calculation for Underground Cables: A Comparative Analysis of Formulations and Numerical Methods		Jesus E Guevara Asorza; Theofilos A Papadopoulos			R45ZAPGD	52I3IK5F	external-impedance		application-only	Accessible draft abstract and formulation survey inspected; it explicitly compares existing underground-cable earth-return formulas and numerical methods rather than introducing a new formulation.
zotero:AJZISEBL	Earth Return Impedances of Conductor Arrangements in Multilayer Soils—Part I: Theoretical Model	10/2008	D.A. Tsiamitros; G.K. Papagiannis; P.S. Dokopoulos	10.1109/TPWRS.2008.923816	Tsiamitros2008	AJZISEBL	W593A7YG;AEARCB79;9DSRJUAD	external-impedance		extracted	Original Part I publication was image-screened; the general same-layer/cross-layer recursion and all conductor arrangements were transcribed.
zotero:PDZQFU78	Earth Return Impedances of Conductor Arrangements in Multilayer Soils—Part II: Numerical Results	10/2008	D.A. Tsiamitros; G.K. Papagiannis; P.S. Dokopoulos	10.1109/TPWRD.2008.923999		PDZQFU78	X4VDN42B;TPECJU3I	external-impedance	core:C059	application-only	Local Part II PDF inspected; it presents numerical results and validation for the theoretical formulation published separately in Part I (AJZISEBL).
catalogue:C060	Earth Return Impedances of Conductor Arrangements in Multilayer Soils—Part II: Numerical Results and Validation	2008	Dimitrios A. Tsiamitros; Grigoris K. Papagiannis; Petros S. Dokopoulos					external-impedance;external-admittance	core:C060	duplicate	Catalogue row duplicates Zotero row PDZQFU78 for Part II of the 2008 multilayer-soil conductor-arrangement study.
zotero:I9LFIA7C	Earth return path impedances of underground cable for three-layer earth	8/2009	B. Hemmatian; B. Vahidi; S. H. Hosseinian	10.1631/jzus.A0820598		I9LFIA7C	HXAACW6J	external-impedance	core:C085	duplicate	Publication screened. Its three-layer underground expression is an arrangement specialization of the image-verified arbitrary-multilayer recursion, with no independent constitutive or kernel change.
zotero:Z89Q2NLP	Earth Return Path Impedances of Underground Cables for the Two-Layer Earth Case	07/2005	D.A. Tsiamitros; G.K. Papagiannis; D.P. Labridis; P.S. Dokopoulos	10.1109/TPWRD.2005.848737		Z89Q2NLP	KK6PHSBI		core:C054	duplicate	Original two-layer publication screened. Its buried-cable formulas are explicitly preserved as the two-layer specialization of the later arbitrary-multilayer source record; the earlier attribution is retained there.
catalogue:C049	Earth-Return Path Impedances of Underground Cables. Part 1: Numerical Integration of Infinite Integrals	1998	T. T. Nguyen	10.1049/ip-gtd:19982353	Nguyen1998	7AB5X7QL	LZJWE89Y;UB2D5TPS	external-impedance	core:C049	extracted	Prior blocker overturned by full-library Zotero/FTS matching. Original equations (38)-(47) were page-image screened and the dimensionless integral plus direct trapezoidal evaluator were transcribed.
zotero:FS3LRRX4	Eddy Current Distribution in Cylindrical Shells of Infinite Length Due to Axial Currents Part I: Shells of One Boundary	05/1971	J. Tegopoulos; E. Kriezis	10.1109/TPAS.1971.292929		FS3LRRX4	67GJM4CL	internal-impedance		duplicate	Publication screened. The one-boundary cylindrical-shell field solution supplies historical constituents already represented by the verified Schelkunoff surface-impedance and later finite-shield records; no separate terminal impedance leaf is printed.
zotero:MQINN8B6	Eddy Current Distribution in Cylindrical Shells of Infinite Length Due to Axial Currents Part II: Shells of Finite Thickness	05/1971	J. Tegopoulos; E. Kriezis	10.1109/TPAS.1971.292930		MQINN8B6	CBAEKJ7N	internal-impedance		duplicate	Publication screened. The finite-thickness shell field coefficients are historical constituents of the finite-shield/pipe formulations already transcribed; it does not assemble a distinct p.u.l. terminal-impedance expression.
zotero:9LAZ8INU	Effect of conductor angle between transmission lines and neighboring utilities on the accuracy of inductive interference computations	2002	Yexu Li; F.P. Dawalibi; Jinxi Ma	10.1109/ICPST.2002.1047231		9LAZ8INU	C6JVXF7N			out-of-scope	Abstract, computer model, crossing-angle/load/fault comparisons, and conclusion inspected (PDF pp. 1-4). Outputs are induced pipeline potentials and errors of piecewise-parallel circuit approximations versus field software; no new per-unit-length impedance/admittance equation is supplied.
zotero:UMGDCXAP	Effect of frequency-dependent soil parameters on wave propagation and transient behaviors of underground cables	11/2020	Haoyan Xue; Akihiro Ametani; Yanfei Liu; Jeewantha De Silva	10.1016/j.ijepes.2020.106163		UMGDCXAP	ABVH5SMQ			application-only	Local PDF abstract and methodology inspected; it applies previously proposed extended cable formulas to compare frequency-dependent soil models and transient responses.
zotero:SFU6MV7N	Effect of Ground Permeability on Ground Return Circuits	07/1931	W. Howard Wise	10.1002/j.1538-7305.1931.tb01287.x	Wise1931	SFU6MV7N	2RSDK5GY		core:C005	extracted	Original publication page images were checked; Wise's permeability-dependent Carson self and mutual integrals were transcribed in their original unit normalization.
zotero:VS5R7RV4	Effects of conductor length and angle on the accuracy of inductive interference computations	2001	Y. Li; F.P. Dawalibi; J. Ma	10.1109/TDC.2001.971273		VS5R7RV4	KXVIQAHZ;YHV5E9JP			out-of-scope	Abstract, computer models, finite-length/angle studies, and conclusion inspected (PDF pp. 1-4). Compares total induced pipeline potentials using existing field and circuit models; variation of exposure length and crossing angle does not constitute a new per-unit-length parameter formulation.
catalogue:C048	Effect of Earth Stratification on Impedances of Power Transmission Lines	1998	I. S. Moghram	10.1002/etep.4450080606	Moghram1998			external-impedance	core:C048	duplicate	Original PDF screened and matched to the extracted Zotero record. The three-layer DCFT impedance formula is retained once in the index.
zotero:QTTUI6JF	Effects of Multiple Semiconducting Screens on Line Parameters and Wave Properties of Underground Cable	2019	Swarnankur Ghosh; Mousam Ghosh; Supriyo Das	10.1109/ACCESS.2019.2955026	Ghosh2019	QTTUI6JF	R2IG92P7	internal-impedance		extracted	Original publication was image-screened; the effective double-screen internal surface terms and multiple-screen dielectric series relation were transcribed separately.
zotero:GA2JBS27	Efficient Implementation of Frequency Dependent Network Equivalents using State Space Models of Cascaded Sub-Circuits		Meysam Ahmadi; Shengtao Fan; Huanfeng Zhao; Aniruddha M Gole			GA2JBS27	SHKUTXLN			out-of-scope	Local PDF abstract and method inspected; it implements fitted frequency-dependent network equivalents with cascaded state-space circuits, not physical line/cable parameter equations.
zotero:RERXLJNA	Efficient Uncertainty Quantification of Cable Parameters using Linear Error Propagation and Chaos Polynomial Methods		Amauri G Martins Britto; Tom Van Acker; Hakan Ergun; Ruth V Sabariego			RERXLJNA	BSTDVNS6			out-of-scope	Local PDF abstract and method inspected; the original contribution is uncertainty propagation for precomputed cable parameters, not a new physical parameter formulation.
zotero:EDXSBNI6	Electric Field and Current Density in MALZ	2014	Peter Zhao; Simon Fortin; Farid P Dawalibi			EDXSBNI6	GPNRNH73;I4CK69EI			out-of-scope	Local Markdown inspected; it documents grounding-system electric-field/current-density output in MALZ and supplies no distributed line/cable formulation.
zotero:SHJ6WUGT	Electric Power Generation, Transmission, and Distribution	2007-5-30	Leonard L. Grigsby	10.1201/9781420009255		SHJ6WUGT	AJDW58GL;VUVLM469	internal-impedance;external-admittance;insulation-admittance		application-only	Local handbook conversion and relevant transmission/cable chapters inspected; it is a broad secondary reference, while the original formulation sources it cites are screened separately.
zotero:2H4CQH3P	Electrical Characteristics of the New Alumoweld Conductors in SESLibrary	2018	Mike Yu; Jie Liu; Farid P Dawalibi; Sofiane Chabane			2H4CQH3P	V4WP3F6M	internal-impedance		application-only	Local conference paper inspected; it estimates and validates Alumoweld database characteristics using standard GMR/resistance methods but does not publish an original internal-impedance formulation.
zotero:5ZRJQ42K	Electromagnetic Environmental Evaluation of HVDC Transmission Lines ZHAO, Huiliang, FORTIN, Simon, MA, Jinxi, and DAWALIBI, Farid Paul					5ZRJQ42K	LCHRSDVK			out-of-scope	Local PDF abstract and method inspected; it computes HVDC corona/space-charge environmental fields, outside the requested distributed parameter families.
catalogue:C024	Electromagnetic Fields of Dipoles in Stratified Media	1977	C. H. Stoyer					external-impedance;external-admittance	core:C024	out-of-scope	The local paper and its stratified-medium dipole field recursions were inspected; its outputs are general dipole fields/Green functions rather than a line or cable impedance, potential coefficient, or insulation relation.
catalogue:C012	Electromagnetic Fields on Infinite Wire at High Frequencies Above Plane Earth	1957	Hiroshi Kikuchi		Kikuchi1957	HSNUL2KW		external-impedance;external-admittance	core:C012	extracted	Original 1957 publication was page-image screened; its overhead scalar-potential coefficient and source-defined normalization were transcribed as an external-admittance record.
reference:uppsala-diva2-166746	Electromagnetic Interference in Distributed Outdoor Electrical Systems, with an Emphasis on Lightning Interaction with Electrified Railway Network	2005	Nelson Theethayi		Theethayi2005	6PCYXAQ3		internal-impedance;external-impedance;external-admittance;insulation-impedance;insulation-admittance	reference-chain	extracted	The original thesis was image-screened as the primary witness for Theethayi's buried-wire impedance expression and as attribution evidence for the Vance-based scalar admittance relation.
zotero:LVUGNA65	Electromagnetic Interferences Between a HVAC 500 kV Power Line and a Pipeline Considering a Multilayered Soil Model	2020	Amauri G Martins-Britto; Caio M Moraes; Felipe V Lopes			LVUGNA65	RM6VMFW9	external-impedance		application-only	Local PDF abstract, equations, and case study inspected; it applies existing multilayer-soil line/pipeline coupling models and does not claim a new parameter formulation.
zotero:A8V8M84Y	Electromagnetic transient modeling and surge analysis of overhead power lines above two-layer earth	01/2026	A.G. Martins-Britto; T.A. Papadopoulos; A.I. Chrysochos	10.1016/j.epsr.2025.112142		A8V8M84Y	6E7U8WFB;HD2MQM99;CN9XPRGT	external-impedance		application-only	The paper compares a two-layer field formulation, equivalent-homogeneous models, and homogeneous cases in EMT simulations; it gives no new physical equation.
catalogue:C019	Electromagnetic Wave Propagation Along a Buried Insulated Wire	1972	James R. Wait	10.1139/p72-319	Wait1972b			external-impedance;external-admittance	core:C019	application-only	Original publication screened. It solves the propagation mode of a buried insulated wire using distributed quantities, but does not publish a new separable p.u.l. impedance/admittance leaf beyond its cited parents.
catalogue:C051	Electromagnetic Wave Propagation on a Thin Wire Above Earth	2000	R. G. Olsen; J. L. Young; D. C. Chang					external-impedance;external-admittance	core:C051	application-only	Review article screened. It reconciles historical thin-wire propagation theories and supplies secondary comparisons, not a new source-priority formulation.
zotero:IDR6PX9K	Electrostatic Field and Potential Generated by Arbitrarily-Oriented Line and Surface Sources with Additional External Electric Fields in Air		Huiliang Zhao; Simon Fortin; Farid P Dawalibi			IDR6PX9K	BN4KQDBT;VA3A7QQH			out-of-scope	Local Markdown formulation inspected; it treats electrostatic line/surface sources in air for field evaluation, not transmission-line parameter expressions.
zotero:WVCLQNQM	Enhanced Modelling and Parameter Determination of HVDC Cables Using Practice-Oriented Methodology		T Karmokar; M Popov			WVCLQNQM	6PQ7P62W;HZ2HNSIM	internal-impedance;external-impedance;insulation-admittance		application-only	Local Markdown summary and parameter sections inspected; it offers practice-oriented conversion of manufacturer HVDC-cable data into EMT inputs using established cable equations.
zotero:F6T7UMXA	EVALUATION OF GROUNDING RESISTANCE AND ITS EFFECT ON UNDERGROUND CABLE SYSTEMS	2021-06-02	A. I. Chrysochos; L. A. Rozik; I. Dolianitis; D. Chatzipetros; T. A. Papadopoulos; G. Georgallis	10.1049/icp.2021.1213		F6T7UMXA	8KBVP5MT			out-of-scope	Local PDF abstract and case formulation inspected; this evaluates grounding resistance effects on a cable installation and does not derive an in-scope line/cable parameter formula.
zotero:YCRJG9KX	Exact Solution of Pollaczek's Integral for Evaluation of Earth-Return Impedance for Underground Conductors	08/2012	Theodoros Theodoulidis	10.1109/TEMC.2011.2181849	Theodoulidis2012	YCRJG9KX	L3JCJMF7;JX8JM4VI;CK6EBN99;M9XVWGTE	external-impedance	core:C067	extracted	Original publication was image-screened; its half-odd-integer Bessel series, single-Bessel series, and hypergeometric representation were retained as three distinct evaluators.
catalogue:C032	Excitation of Currents on a Buried Insulated Cable	1978	James R. Wait	10.1063/1.324619	Wait1978			internal-impedance;external-impedance;insulation-impedance	core:C032	extracted	Original PDF screened. Equations (3)–(6) define the propagation-dependent core, thin-insulation, and external earth-return series impedances; equations (8)–(24) give low-frequency reductions and the dominant propagation mode.
catalogue:C026	Excitation of an Ensemble of Parallel Cables by an External Dipole Over a Layered Ground	1977	James R. Wait		Wait1977			external-impedance	core:C026	duplicate	The bibliographic record and published abstract establish a multiconductor excitation model over stratified earth with axial cable impedances. Its full-wave single-interface impedance operator is equation-complete in Wait (1972) and Bridges et al. (1988), while the arbitrary-layer qTEM p.u.l. formulation is represented by Tsiamitros et al. (2008); no additional implementation leaf is counted.
zotero:Y4832WL3	Experimental measurements of the skin eﬀect and internal inductance at low frequencies		Malcolm S Raven			Y4832WL3	YP2JB7P5	internal-impedance		application-only	Abstract, measurement development, and skin-effect theory sections 3-3.2 inspected (printed pp. 51-58). Solid-cylinder Bessel impedance is explicitly attributed to refs. 17-19 and its familiar low/high-frequency reductions are comparison models. Contribution is low-impedance experimental measurement and validation, not a new conductor formulation; retain as a secondary witness for approximation/measurement ranges.
zotero:2GFE96A2	Extended Analysis of Ground Impedance Measurement Using the Fall-of-Potential Method		J Ma; F P Dawalibi			2GFE96A2	I6MZDIVH	external-impedance		out-of-scope	Local PDF abstract and analysis inspected; it extends fall-of-potential grounding-system measurement, outside the requested distributed-parameter scope.
zotero:JB2ERS6V	Extension of a modal-domain transmission line model to include frequency-dependent ground parameters	09/2016	Alberto De Conti; Maique Paulo S. Emídio	10.1016/j.epsr.2016.02.032		JB2ERS6V	HWX3TCQ8	external-impedance;external-admittance		application-only	Local PDF abstract and model construction inspected; the contribution extends a modal-domain time-domain simulation workflow using already available ground-return parameters.
zotero:IULRSDY6	External impedance and admittance of buried horizontal wires for transient studies using transmission line analysis	06/2007	Nelson Theethayi; Rajeev Thottappillil; Mario Paolone; Carlo Nucci; Farhad Rachidi	10.1109/TDEI.2007.369540	Theethayi2007	IULRSDY6	TLC33BE6	external-impedance;external-admittance	core:C057	extracted	PDF images pp. 752-755 inspected; logarithmic-exponential equation (9) recorded as the author's explicit later restatement of his 2005 thesis, scalar ground-admittance equation (10) as a Vance-attributed secondary witness. Source-prescribed radius/depth substitutions, modulus in the exponential, displacement current, and scalar insulation assembly retained; no matrix extension attributed to this source. Earlier Sunde/Wait/Saad/Petrache reproductions identified as reference-chain leads.
zotero:QXF2YATQ	External Plane Wave Energization in HIFREQ	2013	Rachid El Hani; Simon Fortin			QXF2YATQ	SFQ59DD3;VRA4BHNB			out-of-scope	Local Markdown inspected; it documents external plane-wave energization in HIFREQ rather than conductor, earth-return, or insulation parameter formulas.
zotero:HJGJVZ6Y	Fast and Accurate Semi-Analytical Solution to Skin and Proximity Effects in Shielded Cable Systems	12/2023	Oussama Gassab; Hao Xie; Yanning Chen; Ding-E Wen; Sichao Du; Kang Luo; Fangmin He; Jin Meng; Dongyan Zhao; Duo Xiao; Wen-Yan Yin	10.1109/TEMC.2023.3298809	Gassab2023	HJGJVZ6Y	ABT3CAZ5			extracted	Original publication was image-screened; the hollow-shield inner/outer/transfer surface operators and proximity assembly were transcribed.
catalogue:C072	Fast Computation of the Series Impedance of Power Cables with Inclusion of Skin and Proximity Effects	2013	Utkarsh R. Patel; Bjørn Gustavsen; Piero Triverio		Patel2013	GCWUILIG		external-impedance;external-admittance	core:C072	duplicate	Catalogue row duplicates Zotero item GCWUILIG and the same equivalent-surface-current/MoM-SO PDF; retain the Zotero row.
zotero:2NL4ZEBB	Fast Passivity Enforcement for Pole-Residue Models by Perturbation of Residue Matrix Eigenvalues	10/2008	B. Gustavsen	10.1109/TPWRD.2008.919027		2NL4ZEBB	7NQ85NMW			out-of-scope	Local PDF abstract and method inspected; it enforces passivity in pole-residue models and contains no new physical equation in the five families.
zotero:772XAZLB	Fault Current Study and Load Flow Analysis of power networks in MultiFields	2014	Marjan Mehrabi; Farid P Dawalibi; Simon Fortin			772XAZLB	X4SMAYQT;WZGY266X			out-of-scope	Local Markdown inspected; the contribution is load-flow and fault-current network analysis in MultiFields, not distributed line/cable parameter derivation.
zotero:5EVX3SE4	Field and earth‐return impedance for conductors inside an elliptic tunnel	11/2019	Yao Luo; Runhang Zhu	10.1049/iet-gtd.2019.0219	Luo2019	5EVX3SE4	7WRDYMJQ	external-impedance	core:C086	extracted	Original publication was image-screened; the elliptic-tunnel Mathieu-series earth-return formulation was transcribed. The conflicting pre-existing bibliography metadata is preserved.
zotero:F8QHFBHN	Field Test and Simulation of a 400-kV Cross-Bonded Cable System	07/2011	U. S. Gudmundsdottir; B. Gustavsen; C. L. Bak; W. Wiechowski	10.1109/TPWRD.2010.2084600	Gudmundsdottir2011	F8QHFBHN	W5QQKBSH			application-only	Local PDF abstract, cable model, and conclusions inspected; it is a field-test benchmark and model validation for a cross-bonded cable.
zotero:YEXS3VNB	Fields generated by bare and insulated cables buried in a lossy half-space	Jan./1992	G.E.J. Bridges	10.1109/36.124224		YEXS3VNB	XFBK5ZYR		core:C043	out-of-scope	Original publication screened. It calculates radiated/coupled electromagnetic fields of buried cables rather than a p.u.l. internal, external, or insulation parameter formulation.
zotero:K5B72XKX	Finite Element Method Analysis of a Three-Media Submarine Cable Ground Return Impedance at Varying Depth	2020-11-9	Rafael B. P. Chagas; André Furlan; Marcelo L. Heldwein	10.1109/COMPEL49091.2020.9265742		K5B72XKX	BA8UAMDV	external-impedance		application-only	Local PDF abstract, FEM model, and results inspected; it applies finite elements to a three-media submarine-cable case and supplies no distinct analytical/series/recursive formula.
zotero:XCWVXWGY	Frequency and Transient Responses of A 275 kV Pressure Oil-Filled Cable: Model Validation		Yanfei Liu; Haoyan Xue; Jesus Morales; Jean Mahseredjian; Ilhan Kocar			XCWVXWGY	LZNHG5EB			application-only	Local PDF abstract and modeling sections inspected; it validates pressure-oil-filled cable frequency/transient responses using established parameter equations.
zotero:E33YCRCK	Frequency Behavior of Impedance of Large Grounding Systems in Horizontal Multilayer Soils		S Fortin; Y Yang; J Ma; F P Dawalibi			E33YCRCK	5KS7DV9D	external-impedance		out-of-scope	Local PDF abstract and results inspected; it studies the frequency response of finite grounding systems, not the line/cable formula families.
zotero:I6ZJX3G2	Further Studies on Wave Propagation Along Overhead Transmission Lines: Effects of Admittance Correction	07/1981	M. Nakagawa	10.1109/MPER.1981.5511728	Nakagawa1981b	I6ZJX3G2	6I3DRRUE	external-admittance	core:C037	application-only	The accessible Periodical Reviews digest states that Wise's admittance correction is applied to arbitrary vertical conductor arrays but does not print the equations. The equation-complete single-line paper and Wise parent supply the implementable formulation.
zotero:2YPEHIPV	Further studies on wave propagation in overhead lines with earth return: impedance of stratified earth	1973	M. Nakagawa; A. Ametani; K. Iwamoto	10.1049/piee.1973.0312	Nakagawa1973	2YPEHIPV	BRANSBR7	external-impedance	core:C020	extracted	The 1973 paper provides the three-layer kernel and its two-layer and homogeneous reductions. Appendix grouping, derivative definitions, the root branch, and the finite-radius self term remain unresolved.
zotero:TA7K55T3	GENERAL FORMULATION AND ACCURATE EVALUATION OF EARTH-RETURN PARAMETERS FOR OVERHEAD / UNDERGROUND CABLES		Haoyan Xue			TA7K55T3	ASWUQ7EM		navigation:N002	duplicate	Thesis screened as a compilation/derivation witness for Xue's published underground and overhead formulations; the publication originals are separately image-verified and no thesis-only leaf was identified.
zotero:ZJWBELFA	Generalized Formulation and Surge Analysis on Overhead Lines: Impedance/Admittance of A Multi-Layer Earth	12/2021	Haoyan Xue; Jean Mahseredjian; Akihiro Ametani; Jesus Morales; Ilhan Kocar	10.1109/TPWRD.2021.3049595	Xue2021	ZJWBELFA	3UU9F3FJ;PYQYNQ5I;5YI9CTXA	external-impedance		extracted	Original publication was image-screened; exact four-layer impedance/potential expressions and distinct n-layer equivalent-propagation recursions were transcribed as four records.
zotero:9QHY5EUZ	Generalized Formulation of Earth-Return Impedance/Admittance and Surge Analysis on Underground Cables	12/2018	Haoyan Xue; Akihiro Ametani; Jean Mahseredjian; Ilhan Kocar	10.1109/TPWRD.2018.2796089	Xue2018b	9QHY5EUZ	Q2JYA7II;8F28I4DU	external-impedance	core:C082	extracted	Original publication was image-screened; the complete-field and quasi-TEM underground impedance and potential/admittance expressions were transcribed with their distinct normalizations.
zotero:AQGSL89Q	Ground Admittance of an Underground Insulated Conductor and its Characteristic in Lightning Induced Disturbance Problems	6/2017	Boyuan Zhang; Jun Zou; Xuelong Du; Jaebok Lee; Mun-No Ju	10.1109/TEMC.2016.2625980		AQGSL89Q	H55VLA2M;7CFPDEDQ	external-impedance;external-admittance		application-only	Publication screened. It applies and validates the Vance/Theethayi buried-wire ground-admittance relation in lightning-induced-disturbance studies; no independent coefficient or matrix construction is proposed.
catalogue:C083	Ground Admittance of an Underground Insulated Conductor and Its Characteristic in Lightning Induced Disturbance Problems	2017	Boyuan Zhang; Jun Zou; Xuelong Du; Jaebok Lee; Mun-No Ju	10.1109/TEMC.2016.2625980	Zhang2017			external-admittance	core:C083	extracted	Original PDF screened. Equations (11)–(18) state the exact integral and Vance reduction; Appendix A defines an asymptotic-extraction evaluator that combines spline moments over the finite interval with an analytic exponential-integral tail.
zotero:BQKYQKP9	Ground-Return Parameters of Submarine Cables Buried in the Seabed	4/2023	Gianfranco Di Lorenzo; Erika Stracqualursi; Massimo Marzinotto; Jose Brandão Faria; Rodolfo Araneo	10.1109/TEMC.2023.3241363	DiLorenzo2023	BQKYQKP9	NX3CXRM4	external-impedance		extracted	Original publication was image-screened; the three-medium seabed impedance integral and potential-matrix formulation were transcribed separately.
zotero:ASYRBFLW	Grounding Analysis of a Large Electric Power Station	10/2006	Jinxi Ma; Farid Dawalibi	10.1109/ICPST.2006.321744		ASYRBFLW	49697X75	external-impedance		out-of-scope	Local PDF abstract and procedures inspected; this is a large power-station grounding-system analysis case.
zotero:ZZI5ALJD	Grounding System Analysis and Design Considerations for Large Hydroelectric Power Plant	5/2012	Ye Xu Li; Farid Paul Dawalibi; Jin Xi Ma	10.4028/www.scientific.net/AMR.516-517.1359		ZZI5ALJD	9G6P9FIJ;Y2XEYS57	internal-impedance		out-of-scope	Local Markdown abstract and design sections inspected; it concerns hydroelectric-plant grounding safety and does not derive an in-scope per-unit-length formulation.
zotero:ECSVRVMX	Grounding Systems in Inclined Soils	2013	Loison Hoi; Jinxi Ma; Peter Zhao; Simon Fortin; Farid Dawalibi			ECSVRVMX	QSMYQIQ2;3483WF7G			out-of-scope	Local Markdown introduction and model inspected; the geometry is a finite grounding system in inclined soils, outside corpus scope.
zotero:V8AJ6WJ9	Having Fun with Transformers and Sequence Impedance Networks... The SPLITS Way	2014	Robert D Southey; Majid Siahrang			V8AJ6WJ9	5GMISZIL;C43XZTUX			out-of-scope	Local Markdown inspected; it is a transformer sequence-network/SPLITS tutorial and does not address line or cable physical parameters.
zotero:DJ43NW8I	High-Accurate Numerical Computation of Internal Impedance of Cylindrical Conductors for Complex Arguments of Arbitrary Magnitude	12/2014	Slavko Vujevic; Dino Lovric; Vedran Boras	10.1109/TEMC.2014.2352398	Vujevic2014	DJ43NW8I	LQC3SNDV;I5ZD6UPD;A2TUGQP4	internal-impedance		application-only	Abstract and numerical model inspected; it stabilizes evaluation of the existing exact cylindrical Bessel formula using asymptotic/numerical techniques and does not change the physical internal-impedance formulation.
zotero:EBDKQ3BA	High-frequency Induced Voltages on Aboveground Pipelines by Nearby Overhead Transmission Lines		Theofilos A Papadopoulos; Amauri G Martins-Britto; Pantelis N Mikropoulos; Grigoris K Papagiannis			EBDKQ3BA	42DVETNW;W4WXZWFI			application-only	Local PDF abstract and coupling model inspected; it applies existing line parameters to induced voltages on an aboveground pipeline.
zotero:RGNI7UF4	High-frequency transients in buried insulated wires: Transmission line simulations and experimental validation	12/2024	Rafael Alipio; Naiara Duarte; Farhad Rachidi	10.1016/j.epsr.2024.110993		RGNI7UF4	3NPY3MC4	external-impedance		application-only	Local PDF abstract and experimental/simulation sections inspected; it validates high-frequency transient models for buried insulated wires using established parameter formulations.
zotero:WZBUC88Z	High Voltage Grounding Systems		Gary Gilbert			WZBUC88Z	ZPDCPWKL			out-of-scope	Local thesis opening, contents, and relevant chapters inspected; its subject is high-voltage grounding-system design and measurement rather than distributed line/cable parameters.
zotero:JZJ5RTND	Homogeneous Conductivity Approximation of Multi-layer Earth Structures for Ground Return Impedance Calculations		A G Martins-Britto; F V Lopes			JZJ5RTND	DBUSKFK7	external-impedance		duplicate	Prepublication manuscript screened against the final 2020 article; the same equivalent-conductivity recursion and tests are represented by the final publication record.
zotero:7UZSHU7F	Homogenous Earth Approximation of Two-Layer Earth Structures: An Equivalent Resistivity Approach	01/2007	Dimitrios A. Tsiamitros; Grigoris K. Papagiannis; Petros S. Dokopoulos	10.1109/TPWRD.2006.881465		7UZSHU7F	9VY6HPEN	external-impedance		duplicate	The two-layer equivalent-resistivity paper is the special-case predecessor of the final arbitrary-multilayer equivalent-conductivity recursion; its attribution and restriction are recorded with that formulation.
zotero:7MRMZYIX	Hybrid Method to Compute the Total Series Impedance of Submarine Power Cables	10/2019	Andre Furlan; Marcelo L. Heldwein	10.1109/IECON.2019.8927063		7MRMZYIX	GQ9P22J9	internal-impedance;external-impedance		application-only	Publication screened. The hybrid method numerically assembles standard conductor, armor, dielectric, and ground-return blocks; no new analytical family-local leaf was identified.
zotero:MPJUJUI4	Identification of Fe3+ co-doped zinc titanate mesostructures using dielectric and antimicrobial activities	11/2020	A. M. El Nahrawy; A. M. Bakr; B. A. Hemdan; A. B. Abou Hammad	10.1007/s13762-020-02786-x		MPJUJUI4	GP7BQ25C	insulation-admittance		out-of-scope	Local PDF abstract and methods inspected; this is a zinc-titanate materials/antimicrobial study accidentally selected by dielectric keywords.
zotero:JI8CRBLR	Identification of flexible HVDC line equivalent boundary model parameters based on on-site fault transient	11/2026	Shao-yin He; Andrea Cozza; Tong Zheng; Ye Liang; Dan-dan Zhao	10.1016/j.epsr.2026.113376		JI8CRBLR	75YAH77L			out-of-scope	Local PDF abstract and method inspected; it identifies converter-station boundary-model parasitics from fault tests and does not derive line/cable physical parameters.
zotero:DRT8UP59	IEEE Guide for Measuring Earth Resistivity, Ground Impedance, and Earth Surface Potentials of a Grounding System			10.1109/IEEESTD.2012.6392181		DRT8UP59	S56LLU7D	external-impedance		out-of-scope	Local IEEE 81 standard inspected; it specifies earth-resistivity and grounding-system measurement practice, outside the five formula families.
zotero:BPF7D8YG	Image representation of wave propagation on wires above, on and under ground	4/1994	P. Pettersson	10.1109/61.296290	Pettersson1994	BPF7D8YG	TRPZSNYH			extracted	Original publication was image-screened; its exact two-half-space wire mode and distinct image approximations for impedance and potential coefficient were transcribed separately.
zotero:YH3WKEE6	Impact of 3D Modeling and Proximity Effect in the Computation of Submarine HVDC Cable Impedances	2024-10-21	Ruting Tang; Luca Di Rienzo; Massimo Bechis; Carlo De Falco; Shuhong Wang	10.36227/techrxiv.172954228.85763131/v1		YH3WKEE6	TTYD8W6K	internal-impedance;external-impedance		application-only	Local PDF abstract and model comparison inspected; it evaluates 3-D/proximity effects on submarine-cable impedance rather than publishing a distinct analytical formulation.
zotero:QGK7BN7Q	Impact of Frequency-Dependent Soil Models on Grounding System Performance for Direct and Indirect Lightning Strikes	2/2021	Moein Nazari; Rouzbeh Moini; Simon Fortin; Farid P. Dawalibi; Farhad Rachidi	10.1109/TEMC.2020.2986646		QGK7BN7Q	DKHAXTX2;CXXNWWXX	internal-impedance;insulation-admittance		out-of-scope	Local Markdown abstract and formulation inspected; it evaluates direct/indirect lightning performance of grounding systems, not distributed line/cable parameters.
zotero:JVZZ33BX	Impact of the Frequency-Dependent Soil Electrical Properties on the Electromagnetic Field Propagation in Underground Cables		T A Papadopoulos; Z G Datsios; A I Chrysochos; P N Mikropoulos; G K Papagiannis			JVZZ33BX	2SUBC53G	external-impedance;external-admittance;insulation-admittance		application-only	Local PDF abstract and parameter section inspected; it adopts generalized earth formulations to study frequency-dependent soil effects and does not claim their original derivation.
zotero:CUZ22JEE	Impacts on nearby Grounded Facilities and Simplified guidelines for the inclusion of nearby Grounded Facilities during IEEE Std. 80 Substation grounding analysis	2014	Tyler R Kent			CUZ22JEE	RLM5KB56;FMB9ZGW2	internal-impedance		out-of-scope	Local Markdown inspected; it gives IEEE 80 guidance for nearby grounded facilities and contains no formulation in the requested families.
zotero:XKCSA2AW	Impedance Analysis of Buffer Layer of High Voltage XLPE Cables	2022-5-27	Baojun Hui; Peng Zhao; Wenbo Zhu; Shuai Hou; Yifan Zhang; Jiasheng Huang	10.1109/CIEEC54735.2022.9846835		XKCSA2AW	F2WSS45D			out-of-scope	Publication screened. It models localized buffer-layer contact/degradation impedance of an XLPE cable specimen, not a distributed p.u.l. insulation-region impedance or admittance formula.
zotero:J2WNBY7J	IMPEDANCE MEASUREMENT OF LARGE GROUNDING SYSTEMS USING THE FALL-OF-POTENTIAL METHOD		Y Li; J Ma; F P Dawalibi			J2WNBY7J	L553L7VB	external-impedance		out-of-scope	Local PDF abstract and method inspected; it concerns fall-of-potential measurement of large grounding systems.
zotero:G2GXKT5J	Impedances and Admittances of Underground Cables for the Homogeneous Earth Case	04/2010	Theofilos A. Papadopoulos; Dimitrios A. Tsiamitros; Grigoris K. Papagiannis	10.1109/TPWRD.2009.2034797	Papadopoulos2010b	G2GXKT5J	HCJ9TNGD;HWUESCEV;X4ZQ3HKQ	internal-impedance;external-impedance;external-admittance;insulation-admittance	core:C065	extracted	Original publication inspected; equations (5a)-(6c) verified against PDF images on printed pp. 962-963
zotero:B58AWEJC	Important insights into steady-state calculations of voltages and currents in complex sheath bonding configurations of single-core cables	10/2024	T. A. Papadopoulos; C. A. Charalambous; A. I. Chrysochos	10.1016/j.epsr.2024.110859		B58AWEJC	TZXS6PDH			application-only	Local PDF abstract and circuit analysis inspected; it studies steady-state sheath-bonding calculations using existing cable impedance matrices.
zotero:B5DM6336	Improvements and New Features in SESImpedance	2014	Stéphane Baron; Maryam Golshayan; Said Touimer; Martin Deslongchamps; Simon Fortin			B5DM6336	43EKWPDX;FZYBBFJZ	internal-impedance		out-of-scope	Local Markdown inspected; this is a 2014 SESImpedance CAD/software feature report, not a published physical formulation.
zotero:XJ76IP8P	Improvements and New Features in SESImpedance	2015	Nathalie Dawalibi			XJ76IP8P	5JE3JRAK;SWBZRVWX	internal-impedance		out-of-scope	Local Markdown inspected; this is a 2015 SESImpedance software/meshing update and gives no source-verifiable analytical formulation.
zotero:KEWMGH3I	Improvements and New Features in SESShield-3D		Stéphane Baron; John Xie; Sylvie Lefebvre; Luis Valcárcel			KEWMGH3I	WDEY4BYU;II6BKUDT			out-of-scope	Local Markdown inspected; it documents SESShield-3D interface/CAD enhancements for lightning shielding.
zotero:4CZC45US	Improvements in Right-of-Way	2014	Yexu Li; Simon Fortin			4CZC45US	2KUQNNK8;IWUVSH6I	internal-impedance		out-of-scope	Local Markdown inspected; it documents Right-of-Way software interface and workflow improvements rather than a published parameter formulation.
zotero:BI6JHUUH	Improvements in SES Software		Simon Fortin			BI6JHUUH	VLRQN24W;7UTN6GL7	internal-impedance		out-of-scope	Local Markdown inspected; it is an annual SES software release summary without a distinct source-attributed physical equation.
zotero:RGGY5JZQ	Improvements in SES Software	2013	Simon Fortin			RGGY5JZQ	SVF7XVPV;JN6WYAG5	internal-impedance		out-of-scope	Local Markdown inspected; it is an annual SES software release summary without a distinct source-attributed physical equation.
zotero:ADIUM8N6	Improvements in SESCAD	2015	Nathalie Dawalibi			ADIUM8N6	TSR4ATX7;PR3HLKBI			out-of-scope	Local Markdown inspected; it documents SESCAD graphical/input support enhancements, not a line/cable parameter formulation.
zotero:TWVFL94Z	Improvements in SESSoftware	2014	Simon Fortin			TWVFL94Z	RXW22Q3J;GNMLGUP7	internal-impedance		out-of-scope	Local Markdown inspected; it is a 2014 SES software release overview, and its impedance discussion lists supported calculations and does not publish equations.
zotero:DIA7LNND	Improvements in the Right-of-Way Program		Yexu Li			DIA7LNND	ZM2MD8BD;LG3JIBK7	internal-impedance		out-of-scope	Local Markdown inspected; it reports Right-of-Way software features and no original physical parameter equation.
zotero:K5UHPVN5	Improvements to Cable Modeling in SESFcdist	2021	Peter Zhao; Sofiane Chabane; Simon Fortin; Yanmei Jiang; Luis Valcárcel; Farid P Dawalibi			K5UHPVN5	Q73CU4DZ			application-only	Local PDF inspected; it changes SESFcdist network assembly for concentric cables while referring impedance calculation to SESTralin/HIFREQ, so it does not publish the underlying parameter formulation.
zotero:FWF9YBLC	Improving the Pole Relocating Properties of Vector Fitting	07/2006	B. Gustavsen	10.1109/TPWRD.2005.860281		FWF9YBLC	MBGDWCTJ			out-of-scope	Local PDF abstract and algorithm inspected; it modifies vector fitting pole relocation, not a physical line/cable parameter equation.
zotero:96CKVFZE	Inclusion of Frequency-Dependent Soil Parameters in Transmission-Line Modeling	01/2007	Antonio Carlos Siqueira De Lima; Carlos Portela	10.1109/TPWRD.2006.881582	DeLima2007	96CKVFZE	2CMR7MF8	external-impedance	core:C056	extracted	Original PDF images pp. 493-494 and 497-498 inspected; overhead (1)-(2) and buried (3)-(4) self/mutual integrals with complete soil-model dependencies transcribed as separate records. Main-text K1 versus appendix K0 image terms, appendix exponential and propagation-definition defects, and unspecified elimination of unknown longitudinal k retained. Source explicitly leaves matching ground admittance for future work.
zotero:6ZWELIYK	Inclusion of Rational Models in an Electromagnetic Transients Program: Y-Parameters, Z-Parameters, S-Parameters, Transfer Functions	04/2013	Bjørn Gustavsen; H. M. Jeewantha De Silva	10.1109/TPWRD.2013.2247067		6ZWELIYK	IQM6ZAEJ			out-of-scope	Local PDF abstract and implementation inspected; it inserts rational network models into an EMT program rather than deriving conductor/earth/insulation parameters.
zotero:AHZJYV2B	Inclusion of Wire Twisting Effects in Cable Impedance Calculations	12/2016	Bjorn Gustavsen; Martin Hoyer-Hansen; Piero Triverio; Utkarsh R. Patel	10.1109/TPWRD.2016.2531125		AHZJYV2B	YIILU775			application-only	Publication screened. Wire twisting is introduced through a segmented geometric/numerical transformation around established impedance operators; no new analytical internal/external/insulation leaf is published.
zotero:VUUATXJY	Inductive interferences between a 500 kV power line and a pipeline with a complex approximation layout and multilayered soil	07/2021	Amauri G. Martins-Britto; Caio M. Moraes; Felipe V. Lopes	10.1016/j.epsr.2021.107265		VUUATXJY	PYJ92LTK;HXWC4LZ3;CZVJ95W8;EADWPYIW;ME7RVA9A;I5SWVUMM;5DQPJ3NL	external-impedance		application-only	Local PDF abstract, coupling method, and results inspected; it applies existing multilayer-soil and complex-layout models to line/pipeline interference.
zotero:IGG356N9	Influence of a lossy ground on the lightning performance of overhead transmission lines	01/2023	Rafael Alipio; Alberto De Conti; Naiara Duarte; Farhad Rachidi	10.1016/j.epsr.2022.108951		IGG356N9	WAQMLHMN	external-impedance		application-only	Local PDF abstract and lightning model inspected; it studies lossy-ground influence on lightning performance using established line formulations.
zotero:RUV4VYKM	Influence of Approximate Internal Impedance Formula on Half-Wavelength Transmission Lines	2025	Raul  Enrique Rojas Varela; Jesús  Enrique Guevara Asorza; José Pissolato Filho	10.2139/ssrn.5087123		RUV4VYKM	5MMNRXB9	internal-impedance		application-only	Local PDF abstract and analysis inspected; it compares previously published internal-impedance approximations in a half-wavelength line application.
catalogue:C084	Influence of Earth-Return Admittance on Overhead-Line Transients	2018	M. T. C. de Barros; A. C. S. de Lima; collaborators					external-impedance;external-admittance	core:C084	application-only	Catalogue evidence identifies a transient-impact study using earth-return admittance; no local source is available and no original admittance derivation is claimed by the title/catalogue rationale.
zotero:5RN273JF	Influence of Frequency-Dependent Soil Electrical Parameters on Equivalent π-Circuit Transmission Line Model	2022	Juan P Robles Balestero; Tainá F Garbelim Pascoalato; Sérgio Kurokawa; José Pissolato Filho			5RN273JF	X9VHCZEB			application-only	Local PDF abstract and equations inspected; it applies Carson and Nakagawa parameters in an equivalent-pi transient study without a new earth-return formula.
zotero:BIBSVJVY	Influence of ground consolidation on local soil resistivity, earth impedance and safety potentials for a new transmission substation	2016	Octavio Ramos			BIBSVJVY	8KMABKC9	external-impedance		out-of-scope	Local conference paper inspected; it concerns soil consolidation, grounding-electrode impedance, and substation safety potentials rather than distributed line/cable parameters.
zotero:CW7NB3Z9	INFLUENCE OF INDUCTIVE COUPLING ON GROUND IMPEDANCE MEASUREMENTS IN UNIFORM SOILS		J Ma; F P Dawalibi; D Kovarski			CW7NB3Z9	GAX5VJ5R	external-impedance		out-of-scope	Local PDF inspected; it quantifies lead coupling error in grounding-impedance measurements and does not derive distributed line/cable parameters.
zotero:IJHMBRJT	Influence of Lossy Ground on High-Frequency Induced Voltages on Aboveground Pipelines by Nearby Overhead Transmission Lines	12/2022	Amauri G. Martins-Britto; Theofilos A. Papadopoulos; Zacharias G. Datsios; Andreas I. Chrysochos; Grigoris K. Papagiannis	10.1109/TEMC.2022.3201874		IJHMBRJT	73A6BDV5;8IGHF65N	external-impedance		application-only	Local PDF abstract and model inspected; it evaluates high-frequency induced pipeline voltages from an overhead line using existing parameter formulations.
zotero:3JQ7KIEI	INFLUENCE OF SOIL CHARACTERISTICS ON THE IMPEDANCE OF ABOVEGROUND AND BURIED WIRES IN MULTILAYER HORIZONTAL SOIL MODEL ENVIRONMENTS Huiliang Zhao Simon Fortin					3JQ7KIEI	WBD6DQVS	external-impedance		application-only	Local conference paper inspected; it uses HIFREQ to compare soil effects on above/buried-wire impedance without publishing the solver's physical formulation.
zotero:I8HMKUSS	Integrated Computer Approach to Analyze the Electromagnetic Impact of Transmission Lines	10/2006	J. Liu; S. Fortin; H. Zhao; F. Dawalibi; S. Tee	10.1109/ICPST.2006.321777		I8HMKUSS	RY5UBPZU			application-only	Local PDF abstract and software workflow inspected; it applies integrated field/circuit tools to transmission-line electromagnetic impact studies.
zotero:MGRIQBZ3	Internal impedance of steel-reinforced helically stranded conductors at commercial frequency	04/2015	A. G. Merkushev; I. A. Elagin	10.1134/S1063785015040288	Merkushev2015	MGRIQBZ3	ZR2J5I5H	internal-impedance		extracted	Original publication was image-screened; its low-frequency anisotropic helical ACSR internal-impedance approximation was transcribed with the strand/material restrictions.
zotero:YS2HJ84F	Investigation of AC Leakage Current Density in Electrically Heated Subsea Pipelines as a Function of Pipeline Parameters		Ronald M Bass; Farid Paul Dawalibi; Yexu Li; Simon Fortin; Haijun Zhou			YS2HJ84F	74U3Q2LT;ECHVJJMX	internal-impedance		out-of-scope	Local PDF abstract and model inspected; it studies AC leakage/current density in electrically heated subsea pipelines, outside the five line/cable parameter families.
zotero:WPMTG9C9	Lightning Performance Analysis on Universal Line Model Implemented in ATP-EMTP software		Taina Fernanda Garbelim Pascoalato			WPMTG9C9	U7JISPAE	external-admittance		application-only	Local PDF abstract and ATP setup inspected; it applies the Universal Line Model to lightning performance and supplies no new physical parameter formula.
zotero:AQAV6SFB	Low-frequency Electromagnetic Coupling Between a Traction Line and an Underground Pipeline in a Multilayered Soil	2020-11-12	Amauri G. Martins-Britto; Caio M. Moraes; Felipe V. Lopes; Sebastien Rondineau	10.1109/WCNPS50723.2020.9263746		AQAV6SFB	8TR2GFBK;H2SYJ3AV;EY362QRB;EGQEXTSK	external-impedance		application-only	Local PDF abstract and coupling model inspected; it applies established low-frequency multilayer-soil formulas to traction-line/pipeline interference.
zotero:M8PMSAZW	Mathcad_-_Eng-tips_Skin_Effect					M8PMSAZW	M8PMSAZW	internal-impedance		application-only	Local informal Mathcad/Eng-Tips material inspected; it is a secondary calculation witness for standard skin-effect relations and is not an original publication.
zotero:2ZX8IVBV	MEASUREMENT AND INTERPRETATION OF GROUND IMPEDANCES OF SUBSTATION GROUNDING SYSTEMS CONNECTED TO GROUND WIRES AND METALLIC PIPES		J Ma; F P Dawalibi; W Ruan; R D Southey			2ZX8IVBV	3UDNYYBX	external-impedance		out-of-scope	Local PDF inspected; it is a measurement/interpretation study for substation grounding systems connected to ground wires and pipes.
zotero:34S467G8	Modal propagation characteristics and transient analysis of multiconductor cable systems buried in lossy dispersive soils	07/2021	T.A. Papadopoulos; Z.G. Datsios; A.I. Chrysochos; P.N. Mikropoulos; G.K. Papagiannis	10.1016/j.epsr.2021.107249		34S467G8	84GSGAXU	external-impedance;external-admittance;insulation-admittance		application-only	Local PDF abstract and formulation references inspected; it adopts previously published generalized cable earth-return equations to study propagation and transients.
zotero:4Q748DUI	Modal Theory of Long Horizontal Wire Structures Above the Earth: 1. Excitation	07/1978	Edward F. Kuester; David C. Chang; Robert G. Olsen	10.1029/RS013i004p00605	Kuester1978	4Q748DUI	NH6CIJAE	external-impedance;external-admittance	core:C030	application-only	Original PDF screened. It imposes a generalized axial surface-impedance boundary and derives the excitation and modal kernel for a thin wire over dissipative earth, but it does not define an independent p.u.l. series impedance or shunt admittance.
catalogue:C031	Modal Theory of Long Horizontal Wire Structures Above the Earth: 2. Properties of Discrete Modes	1978	R. G. Olsen; E. F. Kuester; D. C. Chang	10.1029/RS013i004p00615	Olsen1978			external-impedance;external-admittance	core:C031	application-only	Original PDF screened. It calculates the roots and properties of discrete modes from the inherited characteristic equation; it does not define an independent p.u.l. impedance or admittance.
zotero:3QLGPQDB	Modelling of long High Voltage AC Cables in the Transmission System		Unnur Stella			3QLGPQDB	M76B5HRP;NAILI8G6	internal-impedance;external-impedance;external-admittance;insulation-admittance		application-only	Thesis screened. It selects and compares established long-HVAC-cable parameter models for system studies; no distinct source-attributed physical equation was identified.
catalogue:C079	MoM-SO: A Complete Method for Computing the Impedance of Cable Systems Including Skin, Proximity, and Ground Return Effects	2015	Utkarsh R. Patel; Piero Triverio	10.1109/TPWRD.2014.2378594	Patel2015	LL4KF8N2		external-impedance;external-admittance	core:C079	extracted	Original publication was image-screened; the homogeneous-ground cable-hole Green-function and complete MoM-SO impedance assembly were transcribed.
catalogue:C080	MoM-SO for Cable Systems in Multilayer Ground	2016	Utkarsh R. Patel; Piero Triverio		Patel2016	XLZ4Y3K6		external-impedance;external-admittance	core:C080	extracted	Original publication was image-screened; the multilayer-ground cable-hole Green-function and interface recursion were transcribed.
zotero:NUG54ARS	Multilayer Earth Structure Approximation by a Homogeneous Conductivity Soil for Ground Return Impedance Calculations	4/2020	Amauri Gutierrez Martins-Britto; Felipe V. Lopes; Sebastien Roland Marie Joseph Rondineau	10.1109/TPWRD.2019.2930406	MartinsBritto2020	NUG54ARS	YGQ2X2LI;N25H8P7T;FR5NWVIP;KH7I4ZFN;DNX5QFIP;6PY2EUNL;94RPSFST;NYS5H7QI	external-impedance		extracted	Original final publication was image-screened; its equivalent homogeneous-conductivity recursion for multilayer earth was transcribed with terminal conditions.
reference:hal-00141639	Multiwire Shielded Cable Parameter Computation	1995	Mamadou Kane; Ahmad Ahmad; Philippe Auriol		Kane1995	DNY89IPW		internal-impedance;insulation-impedance;insulation-admittance	reference-chain	extracted	All four original IEEE article pages 1646-1649 (HAL PDF pages 2-5) image-inspected. Three records preserve finite-shield self/mutual loop and core skin/proximity (4)-(18) with full boundary coefficients, separate hollow-region self/mutual inductance leaves, and lossless capacitance-product/potential-coefficient relations. Printed reverse-excitation I_i=0/I_i nonzero contradiction, permeability terminology, and [12]/[13] attribution mismatch retained. Section V gives recurrence prose but no recurrence equations or terminal conditions; no numerical method reconstructed.
zotero:MSUL83VK	Mutual impedance calculation between buried conductors of finite length	2011-07-12	Ludger Klinkenbusch; Konstantinos Rallis; Theodoros Theodoulidis	10.1108/03321641111133163		MSUL83VK	AWLC34B2			out-of-scope	Local PDF abstract and method inspected; it treats finite buried conductors for grounding/coupling rather than infinite per-unit-length line/cable parameters.
zotero:CJHFJPGW	Networks with an Arbitrary Number of Blocks in Each Arm in FCDIST	2018	Peter Zhao; Jie Liu; Simon Fortin; Farid P Dawalibi			CJHFJPGW	BY9LAKTY;9HHB7XZK			out-of-scope	Local conference document inspected; it adds arbitrary network blocks to FCDIST and contains no distributed physical parameter formulation.
zotero:ABTR6LH4	New Features in SESLibrary	2021	Julien Gauthier; Svetlana Blikov; Mouloud Djamah; Frédéric Grégoire; Francis Gougeon; Sofiane Chabane; Jie Liu; Peter Zhao			ABTR6LH4	QRQPT233			out-of-scope	Local PDF inspected; it documents SESLibrary database/features for GIS, GIL, and conductors rather than source-attributed physical equations.
zotero:BJVLQN28	New Features in SESLibrary	2019	Francis Gougeon; Natela Botchorichvili; Frédéric Grégoire; Sofiane Chabane; Jie Liu; Qin Zhang; Peter Zhao			BJVLQN28	AD4EVWQ2;VFF8HX5Y	internal-impedance		out-of-scope	Local Markdown inspected; it documents SESLibrary import/database enhancements, not a physical formulation.
zotero:LDSZS357	New Features in SESLibrary	2018	Francis Gougeon; Natela Botchorichvili; Hongbing Yin; Fahmi Ncibi; Sofiane Chabane; Jie Liu; Peter Zhao			LDSZS357	2JAQ6UEW			out-of-scope	Local PDF inspected; it documents SESLibrary database and interface enhancements, not a physical formulation.
zotero:MJFRYEU8	New Hemispheroidal Soil Models		Amir Hajiaboli; Simon Fortin; Jinxi Ma; Farid Paul Dawalibi; Peter Zhao; Cathy Cheng			MJFRYEU8	ZYU4G8U5;6I4YZBUD			out-of-scope	Local Markdown equations and examples inspected; it adds hemispheroidal heterogeneities to finite grounding-system software, outside distributed line/cable scope.
catalogue:N009	Numerical Analysis of Power System Transients and Dynamics	2015	Akihiro Ametani (editor)	10.1049/PBPO078E	Ametani2015			internal-impedance	navigation:N009	application-only	The available book was inspected. Section 4.9.2.1 preserves measured DC resistance by assigning an adjusted resistivity to a solid circular surrogate for stranded or segmental conductors; it does not provide a sector-shape field solution.
zotero:A5RQATJT	On the Choice Between Transmission Line Equations and Full-Wave Maxwell's Equations for Transient Analysis of Buried Wires	5/2008	Nelson Theethayi; Yoshihiro Baba; Farhad Rachidi; Rajeev Thottappillil	10.1109/TEMC.2008.919040		A5RQATJT	JIXNYZVK		navigation:N006	application-only	Local PDF abstract, TL/FDTD comparison, and validity discussion inspected; it assesses the transmission-line approximation and proposes a validity-frequency estimate, not a parameter-family formulation.
zotero:PQGNG5LW	On the Closed-Form Expression of Carson’s Integral	2015	Theodoros Theodoulidis	10.3311/PPee.7894		PQGNG5LW	6PIGQAZC	external-impedance		duplicate	Original article screened. It explicitly shows that its Struve/Bessel expression is Carson's historical closed form; the same physical identity and self/mutual substitutions are already image-verified in the 2012 closed-form record, so no new priority is assigned.
zotero:3RE7SYPR	On the Effects of EMI and the Soil Structure on Transmission Line Parameters — Part I: Theoretical Model	2021-11-18	Caio M. Moraes; Amauri G. Martins-Britto; Felipe V. Lopes; Kleber M. Silva; Eduardo P. A. Ribeiro; Marco A. M. Rodrigues	10.1109/WCNPS53648.2021.9626326		3RE7SYPR	Q86K2B2F;HUB35HMY			application-only	Original conference paper screened. Its theoretical EMI model applies established multilayer line-parameter and coupling equations to a power-line/pipeline system; no new LCM family formulation is claimed.
zotero:Q2YJU6VF	On the Effects of EMI and the Soil Structure on Transmission Line Parameters — Part II: Impacts on Fault Locators	2021-11-18	Caio M. Moraes; Amauri G. Martins-Britto; Felipe V. Lopes; Kleber M. Silva; Eduardo P. A. Ribeiro; Marco A. M. Rodrigues	10.1109/WCNPS53648.2021.9626290		Q2YJU6VF	YTP76F73;UVRAWIB6;7AFK4S57			application-only	Local PDF inspected; Part II applies the Part I line-parameter model to protection/fault-location studies and adds no new parameter formulation.
catalogue:C038	On the Exact, Carson and Image Theories for Wires at or Above the Earth's Interface	1983	R. G. Olsen; T. A. Pankaskie					external-impedance;external-admittance	core:C038	application-only	Original comparison paper screened. It reconciles exact, Carson, and image theories as a secondary analytical comparison and does not establish a distinct original formula leaf.
catalogue:N003	On the Exact, Carson and Image Theories for Wires at or Above the Earth's Interface	1983	R. G. Olsen; T. A. Pankaskie					external-impedance;external-admittance	navigation:N003	duplicate	Navigation catalogue row duplicates core row catalogue:C038 for the same 1983 publication.
catalogue:C017	On the Image Representation of the Quasi-Static Fields of a Line Current Source Above the Ground	1969	James R. Wait; Kenneth P. Spies	10.1139/p69-334	Wait1969			external-impedance	core:C017	duplicate	Original PDF screened. It derives the line-current field and the quasi-static complex-image depth but does not define a separate terminal p.u.l. formula; it is retained as an auxiliary derivation for the Dubanton–Gary–Déri impedance record.
catalogue:C025	On the Validity of the Thin-Wire Approximation in Analysis of Wave Propagation Along a Wire Over a Ground	1977	R. J. Pogorzelski; D. C. Chang	10.1029/RS012i005p00699	Pogorzelski1977			external-impedance	core:C025	application-only	Original PDF screened. Equations (33) and (42)–(50) quantify the effect of first-order azimuthal current and delimit the thin-wire approximation used by the Wait formulation; they do not define a separate p.u.l. parameter.
zotero:6EX4KQTT	One step closer to ending this nightmare: The correction term for earth-return impedance formulas		Jesus E Guevara Asorza; Theofilos A Papadopoulos			6EX4KQTT	RAX6TZAL	external-impedance		out-of-scope	Local PDF inspected; this is an incomplete 2026 working draft with blank abstract and unpublished correction work. The corpus scope is distinct published formulations, so its transcriptions are not treated as publication evidence.
zotero:D35UXTYE	Optimal Time Delay Extraction for Transmission Line Modeling	2/2017	Bjorn Gustavsen	10.1109/TPWRD.2016.2609039		D35UXTYE	CBI5Y856			out-of-scope	Local PDF abstract and method inspected; it extracts delays for transmission-line macromodels and does not derive physical line parameters.
zotero:275D8DMY	Panel Session on Data for Modeling Insulated Cables		Bjm-n Gustavsen			275D8DMY	KAJR9T76	external-admittance;insulation-admittance		application-only	Local panel paper inspected; it gives practical data-conversion guidance for Cable Constants and semiconducting screens, supported by tests but not claimed as an original physical formulation.
zotero:M9N4RW2Z	Parameter Determination for Modeling System Transients—Part II: Insulated Cables IEEE PES Task Force on Data for Modeling System Transients of IEEE PES Working Group on Modeling and Analysis of System Transients Using Digital Simulation (General Systems Subcommittee)	07/2005	B. Gustavsen; J.A. Martinez; D. Durbak	10.1109/TPWRD.2005.848774	Gustavsen2005	M9N4RW2Z	XZNECUDN;ZD9FJQQP	internal-impedance;external-admittance;insulation-admittance		application-only	The paper gives cable-data and modeling guidance and attributes the semiconducting-layer impedance expression to Ametani et al. (2004).
zotero:MJNN9TSD	Parameter sensitivity analysis on DC transients between MMC station and cable✰	07/2021	H. Saad; P. Rault; M. Goertz; S. Wenig	10.1016/j.epsr.2021.107277		MJNN9TSD	2PXZTES7			application-only	Local PDF abstract and sensitivity method inspected; it studies MMC-station/cable DC transients using an existing cable model.
zotero:ZTG3GDJ5	Parametric study of equivalent homogeneous earth method for overhead lines above a multi-layer earth	10/2023	H. Xue; J. Mahseredjian; J. Morales; I. Kocar; A. Xémard	10.1016/j.epsr.2023.109602		ZTG3GDJ5	BZ4P8NB3	external-impedance		application-only	Local PDF abstract and derivation references inspected; this is a parametric assessment of an equivalent-homogeneous-earth method already developed in cited sources, not a new formulation.
zotero:EALSHRMA	PARAMETRIC STUDY REPORT ON CURRENT RATINGS OF HVDC CABLE SYSTEMS		ELEK Software; Jayson Patrick; Omair Khan			EALSHRMA	Q5K32TXE	insulation-admittance		out-of-scope	Local PDF abstract and methodology inspected; it compares HVDC cable current-rating calculations rather than publishing one of the requested distributed parameter expressions.
zotero:69NVACQI	Passive Modeling of Transmission Line Impedance with Real Poles using Non-negative Least Squares		R Mendoza-López; E S Bañuelos-Cabral; J A Gutiérrez-Robles; H K Høidalen; J L García-Sánchez			69NVACQI	NPJQFZBI	external-impedance		out-of-scope	Local PDF/Markdown method inspected; it fits a known impedance response with real poles and does not contribute a physical impedance formulation.
zotero:IDTGLN2C	Passivity Enforcement for Transmission Line Models Based on the Method of Characteristics	10/2008	BjØrn Gustavsen	10.1109/TPWRD.2008.919034		IDTGLN2C	GVIRS2UK			out-of-scope	Local PDF abstract and method inspected; the contribution is passivity enforcement for an already parameterized line model.
zotero:9AW9CRTI	Plane wave coupling to multiple conductor transmission lines above a lossy earth	Feb./1989	L. Shafai; G.E.J. Bridges	10.1109/15.19904		9AW9CRTI	AZ9I5SA9		core:C041	out-of-scope	Original publication screened. The output is plane-wave excitation/coupling of a multiconductor line, not a distributed internal, external-earth, or insulation parameter.
zotero:DBZX8A76	Pole Identification for The Universal Line Model Based on Trace Fitting	01/2008	BjØrn Gustavsen; John Nordstrom	10.1109/TPWRD.2007.911186		DBZX8A76	USFCKIKM			out-of-scope	Local PDF abstract and algorithm inspected; it identifies poles for Universal Line Model fitting rather than deriving physical line parameters.
zotero:WWTQV4II	Potential Coefficients for Ground Return Circuits	04/1948	W. Howard Wise	10.1002/j.1538-7305.1948.tb00913.x	Wise1948	WWTQV4II	Y9SITELP;F4DJ6XRJ	external-admittance	core:C008	extracted	Original publication inspected page by page; potential-coefficient integral (7)-(8) and analytical approximations (9)-(10) plus the two coarser p. 371 forms were verified against PDF images on printed pp. 365-371.
zotero:9YVQJYE3	Power Grounding Safety: Copper Grounding Systems vs. Steel Grounding Systems	10/2006	Yexu Li; Jinxi Ma; Farid Dawalibi; Jinsong Zhang	10.1109/ICPST.2006.321554		9YVQJYE3	Z7INETTM	external-impedance		out-of-scope	Local PDF abstract and engineering comparison inspected; it concerns grounding-system material safety/cost rather than distributed line/cable parameters.
catalogue:C039	Power Line Transmission and Radiation	1983	Hiroshi Kikuchi	10.1007/BF00164219				external-impedance;external-admittance	core:C039	application-only	Review article screened. It surveys power-line transmission/radiation formulations and is retained as a discovery witness, not an original equation source.
catalogue:N005	Power Line Transmission and Radiation	1983	Hiroshi Kikuchi	10.1007/BF00164219				external-impedance;external-admittance	navigation:N005	duplicate	Navigation catalogue row duplicates core row catalogue:C039 for the same 1983 publication.
zotero:KCTKTHFU	Practical continuous functions for the internal impedance of solid cylindrical conductors	2016	David W Knight	10.13140/RG.2.1.3865.1284	Knight2016	KCTKTHFU	RVQNZYCB	internal-impedance		extracted	Original author publication was image-screened; its continuous fitted functions for solid-cylinder internal resistance and inductance were transcribed with both fit domains.
catalogue:C081	Propagation Along Thin Conductors Parallel to Interfacing Homogeneous Half-Spaces	2018	Brent Pawlik; Darren Woodhouse; Terrence J. Summers	10.1109/TEMC.2017.2689793	Pawlik2018	H5PN67X9	D253LLII	external-impedance;external-admittance	core:C081	extracted	The original publication was screened, and equations (88)–(91) on p. 273 were checked against the page image. The printed ``Z_{11}^{jk}`` versus ``Z_{12}^{jp}`` index conflict remains unresolved.
catalogue:N010	Propagation Along Thin Conductors Parallel to Interfacing Homogeneous Half-Spaces	2018	Brent Pawlik; Darren Woodhouse; Terrence J. Summers	10.1109/TEMC.2017.2689793				external-impedance;external-admittance	navigation:N010	duplicate	Navigation catalogue row duplicates core row catalogue:C081 for the same 2018 publication.
reference:ametani-nakagawa-iwamoto-1975-jstage	多層大地におけるサージ伝搬特性 / Propagation characteristic of surges on a stratified earth	1975	雨谷 昭弘; 中川 正己; 岩本 国三 / A. Ametani; M. Nakagawa; K. Iwamoto	10.1541/ieejpes1972.95.500	Ametani1975	4VU7MKFT		external-impedance	reference-chain	application-only	The 1975 paper restates the 1973 three-layer impedance and supplies no admittance or arbitrary-layer recursion. Its constitutive token, closing delimiter, and two-layer denominator scope remain unresolved.
catalogue:C033	Propagation Characteristics Along a Dielectric-Coated Cylindrical Conductor Above the Ground	1978	Hiroshi Kikuchi					external-impedance;external-admittance	core:C033	application-only	Original publication screened. It is a dielectric-coated-wire surface-wave/modal solution above ground and does not supply a source-defined p.u.l. impedance or potential-coefficient family entry.
zotero:SWY6I5LS	Propagation characteristics of infinitely-long single-conductor lines by the complete field solution method	1978	A.E. Efthymiadis; L.M. Wedepohi	10.1049/piee.1978.0124		SWY6I5LS	WLJPR6BV;W6URZM6E		core:C029	application-only	Abstract, complete-field equations, numerical cases, and conclusions inspected; it numerically evaluates the companion Wedepohl-Efthymiadis complete-field theory and compares simpler methods rather than introducing a distinct parameter kernel.
zotero:MFZ9NB7L	Propagation of High-Frequency Currents in Ground Return Circuits	04/1934	W.H. Wise	10.1109/JRPROC.1934.225868	Wise1934	MFZ9NB7L	2ZHJUZZC;7AXZM9L7		core:C006	extracted	Original 1934 publication page images were checked; its homogeneous-earth mutual impedance with polarization current and imposed air-speed longitudinal propagation was transcribed.
catalogue:C050	Propagation of Waves on a Wire Above a Lossy Ground: Different Formulations with Approximations	1999	Pär Pettersson					external-impedance;external-admittance	core:C050	application-only	Original article screened. It is a reconciliation of earlier wire-above-earth formulations and approximation domains; Pettersson's source-original image approximation is captured from the 1994 publication.
catalogue:N004	Propagation of Waves on a Wire Above a Lossy Ground: Different Formulations with Approximations	1999	Pär Pettersson					external-impedance;external-admittance	navigation:N004	duplicate	Navigation catalogue row duplicates core row catalogue:C050 for the same 1999 publication.
zotero:EDK9FKLA	Proximity-Aware Calculation of Cable Series Impedance for Systems of Solid and Hollow Conductors	10/2014	Utkarsh R. Patel; Bjorn Gustavsen; Piero Triverio	10.1109/TPWRD.2014.2330994	Patel2014	EDK9FKLA	W9LYAECT		core:C073	extracted	Original publication was image-screened; the hollow-conductor proximity-aware surface-admittance blocks were transcribed.
zotero:CRNIC333	Proximity effect in fast transient simulations of an underground transmission cable	10/2014	U.S. Gudmundsdottir	10.1016/j.epsr.2014.03.016		CRNIC333	GGAJ8G95	internal-impedance		application-only	Abstract and method inspected; it applies conductor subdivision and established layer equations to EMT simulation/field-test validation and does not establish a new analytical internal-impedance formula.
reference:dwight-1923-aiee-journal	Proximity Effect in Wires and Thin Tubes (Journal of the AIEE witness)	1923	H. B. Dwight					internal-impedance	reference-chain	duplicate	The original journal witness contains low-frequency proximity series used by the Høidalen and Kane records. No separate modernized normalization was added.
catalogue:C058	Quasi-Monte Carlo Evaluation of Pollaczek's Integral for Underground Cable Parameters	2008	Claude Legrand; B. Xerri; J. L. Naredo; A. Ramirez					external-impedance;external-admittance	core:C058	duplicate	Catalogue row duplicates Zotero row 3RD2BJH8 for the same 2008 quasi-Monte-Carlo Pollaczek-integral publication.
zotero:Z79T7GSD	Rational Approximation to Full-Wave Modeling of Underground Cables		A P C Magalhães; A C S Lima			Z79T7GSD	9DCHQBR9			application-only	The paper fits the propagation constant, characteristic admittance, and propagation function for EMT synthesis; it introduces no new physical line formulation.
zotero:LF2S9LIQ	Rational Fitting Techniques for the Modeling of Electric Power Components and Systems Using MATLAB Environment	2017-12-06	Eduardo Salvador Banuelos-Cabral; Jose Alberto Gutierrez-Robles; Bjorn Gustavsen; Eduardo Salvador Bañuelos-Cabral; José Alberto Gutiérrez-Robles; Bjørn Gustavsen	10.5772/intechopen.71358		LF2S9LIQ	YGDHLFR6;ADQUAKB3			out-of-scope	Local thesis/paper opening and method inspected; the contribution is rational fitting of component responses, outside formula-harvest scope.
zotero:5KZ2XX2K	Rigorous calculation method for resonance frequencies in transmission line responses	05/2015	Andreas I. Chrysochos; Theofilos A. Papadopoulos; Grigoris K. Papagiannis	10.1049/iet-gtd.2014.0948		5KZ2XX2K	33RPGHRY			out-of-scope	Local PDF abstract and method inspected; it calculates resonance frequencies from an already specified line response and adds no physical parameter equation.
zotero:6GB7UDFF	Robust Passivity Enforcement Scheme for Time-Domain Simulation of Multi-Conductor Transmission Lines and Cables	04/2010	H. M. Jeewantha De Silva; Ani M. Gole; John E. Nordstrom; L. M. Wedepohl	10.1109/TPWRD.2009.2035916		6GB7UDFF	GB9D8F3U			out-of-scope	Local PDF abstract and method inspected; it enforces passivity in multiconductor line/cable macromodels and adds no physical parameter formulation.
zotero:HTQX3IKZ	Semiconducting Layer Impedance and its Effect on Cable Wave-Propagation and Transient Characteristics	10/2004	A. Ametani; Y. Miyamoto; N. Nagaoka	10.1109/TPWRD.2003.822502	Ametani2004	HTQX3IKZ	9W5NYIKL;CTRK2KJK	internal-impedance;external-impedance		extracted	Original publication inspected; bonded two-layer inner/outer/transfer impedance equations (8)-(10), direct Maxwell representation (A.11)-(A.13), and semiconducting-screen admittance equations (14)-(15) were verified against PDF images on printed pp. 1524-1525 and 1530-1531.
zotero:CTSS69KE	Series impedance of distribution cables with sector‐shaped conductors	12/2015	Andrew J. Urquhart; Murray Thomson	10.1049/iet-gtd.2015.0546		CTSS69KE	7EVM5PMM	internal-impedance		application-only	Full local paper inspected. It compares manufacturer data, established GMD/Carson/IEC methods, a uniform sub-conductor representation, and FEMM for one sector-cable design. It does not claim the original four-sector proximity formula and cites Jensen and Bak-Jensen (2001) for that unavailable source.
zotero:VZKUBTM6	SES S03 - 0239-0244 - GROUND IMPEDANCE MEASUREMENT AND INTERPRETATION IN VARIOUS SOIL STRUCTURES					VZKUBTM6	VZKUBTM6	external-impedance		out-of-scope	Local scan title/pages inspected; it concerns grounding-impedance measurement and interpretation in soil structures, outside distributed line/cable scope.
zotero:ZMF8LGR5	SES S03 - 0245-0250 - INFLUENCE OF INDUCTIVE COUPLING BETWEEN LEADS ON GROUND IMPEDANCE MEASUREMENTS USING THE FALL-OF-POTENTIAL METHOD					ZMF8LGR5	ZMF8LGR5	external-impedance		out-of-scope	Local scan title/pages inspected; it treats lead-coupling error in fall-of-potential grounding measurements.
zotero:VUPQ38YL	SESImpedance: A New Program for the Calculation of the Internal Impedance of Conductors	2013	Stephane Baron; Maryam Golshayan; Said Touimer; Helder Pinheiro; Martin Deslongchamps; Simon Fortin			VUPQ38YL	TMRJU58H;MVYLT8ZM	internal-impedance		out-of-scope	Local Markdown inspected; it introduces SESImpedance software and numerical automation for arbitrary cross sections, but publishes no reusable analytical/series formulation for the corpus.
zotero:9DRARUZI	SESImpedance: A New Software Package for Fully Automated Evaluation of Impedance of Systems with Complex Geometry		Helder F Pinheiro; Said Touimer; Simon Fortin			9DRARUZI	EDK2J3LN;U2QPA6L2	internal-impedance		out-of-scope	Local Markdown inspected; it is a SESImpedance software-package description without a source-verifiable published physical equation set.
zotero:QHFR283A	session03_ground_impedance					QHFR283A	QHFR283A	external-impedance		out-of-scope	Local slide-deck text inspected; the session covers grounding-system impedance measurement, interpretation, and software demonstrations, not the requested distributed formulas.
zotero:CRA3KJH3	Short‐circuit current distribution analysis using a network model based on a 5×5 primitive matrix	09/2019	Paulo M. De Oliveira‐De Jesus; Andrés A. Rojas Quintana	10.1002/2050-7038.12058		CRA3KJH3	WZFXP5CP			out-of-scope	Local PDF abstract and primitive-network method inspected; it analyzes short-circuit current distribution and does not derive the physical line/cable parameter families.
zotero:2D4NEKBS	Simulación de Componentes Eléctricos con el ATP		Dr Ing Walter Gimenez			2D4NEKBS	27Q94S9H;TNY63LG7			application-only	Local Spanish lecture slides inspected; they teach ATP Cable Constants and reproduce established cable-model inputs, with no original published formulation.
zotero:WCP8D5XV	Simulation Models of a Dissipative Transmission Line Above a Lossy Ground for a Wide-Frequency Range-Part I: Single Conductor Configuration		Marcello D’Amore; Maria Sabrina Sarto			WCP8D5XV	TVDN7AP2			application-only	Original Part I screened. It synthesizes a single-conductor lossy-ground transmission-line response into simulation models using established field parameters; no distinct physical parameter equation was identified.
catalogue:C046	Simulation Models of a Dissipative Transmission Line Above a Lossy Ground for a Wide-Frequency Range—Part I: Single-Conductor Configuration	1996	M. D'Amore; Maria Sabrina Sarto					external-impedance;external-admittance	core:C046	duplicate	Catalogue row duplicates Zotero row WCP8D5XV for Part I of the 1996 dissipative-line simulation-model publication.
catalogue:C047	Simulation Models of a Dissipative Transmission Line Above a Lossy Ground for a Wide-Frequency Range—Part II: Multiconductor Configuration	1996	Marcello D'Amore; Maria Sabrina Sarto		DAmore1996			external-impedance;external-admittance	core:C047	extracted	Prior application-only disposition overturned by direct equation screening. Part II explicitly derives multiconductor p.u.l. Z' and Y' matrices in (24)-(40); both taxonomy leaves were transcribed.
zotero:AQA3ILD4	SKIN EFFECT IN INHOMOGENEOUS EULER-CAUCHY TUBULAR CONDUCTORS	2011	Jose Antonio Marinho Brandao Faria	10.2528/PIERM11030905	BrandaoFaria2011	AQA3ILD4	UAN9V89G	internal-impedance		extracted	Original publication page images were checked; the exact Euler-Cauchy power-law tubular-conductor impedance and its solid limit were transcribed.
zotero:JYIR4WHZ	SKIN EFFECT IN LARGE BI-MEDIA POWER CONDUCTORS		Cory James Liu			JYIR4WHZ	HYIKW2WL	internal-impedance		duplicate	Accessible thesis/report screened. Its bi-media round-conductor Bessel matching is a two-material specialization already represented by the image-verified bonded two-layer cylindrical-conductor record; no additional interaction leaf was identified.
zotero:KS5VB84P	Small-argument analytical expressions for the calculation of the ground-return impedance and admittance of underground cables	07/2023	Alberto De Conti; Naiara Duarte; Rafael Alipio; Osis E.S. Leal	10.1016/j.epsr.2023.109299	DeConti2023b	KS5VB84P	5CD2IDX7;YR59AT6C	external-impedance		extracted	Original publication was image-screened; its small-argument Xue impedance and potential-coefficient expressions were transcribed separately from the non-asymptotic closed forms.
zotero:GPK2CZLQ	Solution of Discrete Modes for Wave Propagation Along Multiple Conductor Structures Above a Dissipative Earth	1988-05-01	G. Bridges; O. Aboul-Atta; L. Shafai	10.1139/p88-071	Bridges1988	GPK2CZLQ	QNQH3IYY;5KIHRS22	external-impedance	core:C040	extracted	Original publication screened. It explicitly defines the spatially dispersive multiconductor series-impedance matrix as the conductor surface matrix minus the lossy-earth external matrix and supplies the spectral self and mutual elements; modal roots are a downstream use of that matrix.
zotero:BK2R94SG	Statistical Analysis of Energization Overvoltages in EHV Hybrid OHL–Cable Systems	12/2018	Hossein Khalilnezhad; Marjan Popov; Lou Van Der Sluis; Jorrit A. Bos; Akihiro Ametani	10.1109/TPWRD.2018.2825201		BK2R94SG	28935DS9			application-only	Local PDF abstract and simulation setup inspected; it performs statistical energization-overvoltage analysis using existing hybrid-line/cable models.
zotero:THYWAT7H	Statistical Distribution of Energization Overvoltages of EHV Cables	7/2013	Teruo Ohno; Claus Leth Bak; Akihiro Ametani; Wojciech Wiechowski; Thomas Kjaersgaard Sorensen	10.1109/TPWRD.2013.2254726		THYWAT7H	SV7YZQPM			application-only	Local PDF abstract and simulation method inspected; it studies statistical energization overvoltages of EHV cables and does not derive physical parameter formulas.
catalogue:C022	Stratified Earth Effects on Wave Propagation: Frequency-Dependent Parameters	1974	Akihiro Ametani					external-impedance;external-admittance	core:C022	duplicate	Original publication screened. Its frequency-dependent stratified-earth parameter calculation applies the Nakagawa layered-earth formulation; the source-original three-layer kernel and limits are captured in the 1973 record.
catalogue:C027	Studies in Overhead Wire-Goubau Line Above Ground	1977	Junichi Chiba					external-impedance;external-admittance	core:C027	out-of-scope	Original publication screened. It studies the overhead Goubau guided-wave mode and surface-wave behavior, not a requested p.u.l. impedance/admittance family leaf.
zotero:MKNYF8M7	Subconductor Partition Algorithm for the Fast Computation of Cable Impedance		Isaí Diaz; Felipe Uribe; Pavel Zuniga; Marcos Padilla; Juan Ramón Morales; Fernando Elizalde			MKNYF8M7	FFX4XR83;KDSDIVM8	internal-impedance;external-impedance		application-only	Publication screened. The contribution is a numerical subconductor partition/acceleration algorithm around established field and impedance relations, not a new analytical physical formulation.
zotero:MKY5BEUU	Surge and energization tests and modeling on a 225 kV HVAC cable	07/2018	Isabel Lafaia; Maria Teresa Correia De Barros; Jean Mahseredjian; Akihiro Ametani; I. Kocar; Y. Fillion	10.1016/j.epsr.2018.03.003		MKY5BEUU	4JK2JCYN			application-only	Local PDF abstract, model, and validation sections inspected; it reports surge/energization tests on a cable modeled with established parameter methods.
zotero:UIXIB6BA	Surge arrester energy stress at A VSC-HVDC link due to DC fault transients	02/2026	Yanfei Liu; Dongsheng Zhang; Li Zhang; Tao Xue; Haoyan Xue	10.1016/j.epsr.2025.112295		UIXIB6BA	MKPQK8GP;CE5AKH68			application-only	Local PDF abstract and network model inspected; it evaluates surge-arrester energy during VSC-HVDC faults using pre-existing cable models.
zotero:ATLQWPUK	Surge propagation in three-phase pipe-type cables, part I ߞUnsaturated pipe	01/1976	G.W. Brown; R.G. Rocamora	10.1109/T-PAS.1976.32080		ATLQWPUK	SYIMBFT4			duplicate	Original pipe-type-cable paper screened. Its Brown-Rocamora finite-pipe terms and loop assembly are source parents explicitly preserved in the later image-verified finite-pipe comparison record.
zotero:LPJBMZWM	Task 3.1: Characterization of possible interactions in grids with a high proportion of AC/DC underground cables (M1-M24)		Amr Saad; Francisco Javier Cifuentes Garcia; Jeroen Tant; Jef Beerten			LPJBMZWM	VRFAKL6I			application-only	Local project deliverable contents and cable-parameter section inspected; it is a secondary survey/workflow document and attributes physical formulas to separately screened originals.
catalogue:N001	The Ancient and Modern History of EM Ground-Wave Propagation	1998	James R. Wait	10.1109/74.735961	Wait1998			external-impedance;external-admittance	navigation:N001	application-only	Original PDF screened. This is a historical review of ground-wave radiation and propagation, not a source of a distinct p.u.l. line or cable parameter formula.
zotero:3CV2K5H5	The Complex Ground Return Plane a Simplified Model for Homogeneous and Multi-Layer Earth Return	08/1981	A. Deri; G. Tevan; A. Semlyen; A. Castanheira	10.1109/TPAS.1981.317011	Deri1981	3CV2K5H5	YGPWACWL;YXJQD3NW	external-impedance	core:C035	extracted	Original publication inspected; homogeneous equations (3)-(4), complex depth (18)-(19), and multilayer construction (9)-(24) verified against PDF images on printed pp. 3686-3689. The source's printed transfer-coefficient sign inconsistency and the local bibliography DOI conflict are retained explicitly.
zotero:DMHP8MHT	The Current Distribution, Resistance and Internal Inductance of Linear Power System Conductors—A Review of Explicit Equations	7/2013	Vincent T. Morgan	10.1109/TPWRD.2012.2213617	Morgan2013	DMHP8MHT	EXYZEN46	internal-impedance		application-only	Local review abstract, equation catalogue, and references inspected; it is a secondary review of explicit conductor equations, while original sources are screened separately.
catalogue:C013	The Electromagnetic Fields of a Horizontal Dipole in the Presence of a Conducting Half-Space	1961	James R. Wait	10.1139/p61-111	Wait1961			external-impedance;external-admittance	core:C013	application-only	Original PDF screened. It derives the horizontal-dipole fields above and below a conducting half-space, but conversion to a terminal p.u.l. impedance or admittance requires an additional longitudinal source integration and voltage convention not supplied by the paper.
zotero:B7X97UXU	The Electromagnetic Theory of Coaxial Transmission Lines and Cylindrical Shields	10/1934	S. A. Schelkunoff	10.1002/j.1538-7305.1934.tb00679.x	Schelkunoff1934	B7X97UXU	WVGNDAXH;7RIM6MRL		core:C007	extracted	Original publication inspected; equations (54)-(65) and (71)-(75) verified against PDF images on printed pp. 548-554. Unrelated Zotero attachment 7RIM6MRL excluded from evidence.
zotero:V74LD6NX	The Extended Thin Wire Model of Lossy Round Wire Structures for FDTD Simulations	2016	Ya Ping Du; Binghao Li; Mingli Chen	10.1109/TPWRD.2016.2635680		V74LD6NX	7H2AWC39	internal-impedance		out-of-scope	Local PDF abstract and numerical model inspected; it modifies an FDTD thin-wire representation rather than publishing a distributed conductor-impedance formulation.
zotero:CSVF3S84	The GMD Method for Inductance Calculation Applied to Conductors with Skin Effect	2017-09-17	H. A. Aebischer; B. Aebischer	10.7716/aem.v6i2.464		CSVF3S84	4EC63EI3	internal-impedance		application-only	Publication screened. It applies geometric-mean-distance integration to inductance using prescribed skin-effect current distributions; it does not supply a new frequency-domain internal-impedance solution.
zotero:5IK73G37	The Grounding Impedance Calculation of Large Steel Grounding Grid	2012	Lu Zhiwei; Zhang Zhao	10.1016/j.egypro.2012.02.077		5IK73G37	LU3JMZLN			out-of-scope	Local PDF abstract and formulation inspected; it computes a finite steel grounding-grid impedance with nonlinear permeability, outside line/cable per-unit-length scope.
zotero:V7WVYABG	The Proximity Effect in Twin Line with Round Conductors Placed in Conductive Medium	2020-11-20	Paweł Jabłoński; Dariusz Kusiak; Tomasz Szczegielniak; Zygmunt Piątek	10.3390/en13226087		V7WVYABG	U7X5C65M	internal-impedance		application-only	All formulation sections were screened. The new equations compute first-reaction eddy-current density in a conductive surrounding medium; the paper does not assemble that field result into a source-defined p.u.l. impedance entry.
zotero:58QKSNAA	The Role of AC Resistance of Bare Stranded Conductors for Developing Dynamic Line Rating Approaches	2024-10-05	Jordi-Roger Riba	10.3390/app14198982	Riba2024	58QKSNAA	NMH7WF5J;D5LBNG8L	internal-impedance		application-only	Local PDF abstract and analysis inspected; it studies how known AC-resistance choices affect dynamic line rating rather than deriving a new internal-impedance formula.
catalogue:C018	Theory of Wave Propagation Along a Thin Wire Parallel to an Interface	1972	James R. Wait	10.1029/RS007i006p00675	Wait1972a			external-impedance;external-admittance	core:C018	extracted	Original PDF screened. Equations (23)–(25) decompose the modal equation into generalized series impedance and shunt admittance; equations (30)–(36) give the Carson qTEM limit and recover Kikuchi's high-frequency result.
zotero:YFJ6BVDE	Time delay identification for transmission line modeling	2004	B. Gustavsen	10.1109/SPI.2004.1409018		YFJ6BVDE	259JDXUM			out-of-scope	Local PDF abstract and algorithm inspected; it identifies time delays for fitted line models, outside physical-formula scope.
zotero:FUDXFV8E	Transferred Transient Voltages on Nearby Facilities By Lightning Strikes to a Large Metallic Bridge	2014	Yexu Li; Simon Fortin; Farid P Dawalibi; Wei Liang			FUDXFV8E	ARTKENPV;QDJJQBQM			out-of-scope	Local Markdown introduction and study method inspected; it concerns lightning transfer from a finite bridge to nearby facilities.
zotero:53KKN7B6	Transformer Modeling in HIFREQ for Fault Current Distribution Computations	2013	Marc-André Joyal; Jie Liu; Farid P Dawalibi			53KKN7B6	GK4VAWH4;B3V5HJIC	internal-impedance		out-of-scope	Local Markdown inspected; transformer test-data/circuit conversion and HIFREQ fault analysis are outside the requested line/cable parameter families.
zotero:ZVC9BZPF	Transient analysis of underground power-transmission systems. System-model and wave-propagation characteristics	1973	L.M. Wedepohl; D.J. Wilcox	10.1049/piee.1973.0056		ZVC9BZPF	JP5UHFC9;5MHXPYX6	internal-impedance	core:C021	duplicate	Original publication screened. Its cable-component decomposition and Wedepohl-Wilcox residual series are the historical parent preserved in the image-verified recursive-series record; the paper's distinct contribution beyond those leaves is system/modal assembly.
zotero:8XB3572F	Transient Analysis on Multiphase Transmission Line Above Lossy Ground Combining Vector Fitting Technique in ATP Tool	2022	Jaimis Sajid Leon Colqui; Anderson Ricardo Justo De Araújo; Tainá Fernanda Garbelim Pascoalato; Sérgio Kurokawa; José Pissolato Filho	10.1109/ACCESS.2022.3198677		8XB3572F	GPNS2C2G	external-impedance		application-only	Local PDF abstract and ATP workflow inspected; it combines existing lossy-ground parameters with vector fitting for transient simulation.
zotero:QHFW9SQH	Transient Analysis Study of Electromagnetic Interference Caused by an HVDC Transmission Line on a Pipeline	2014	Marc-André Joyal; Rachid El Hani; Jie Liu; Farid P Dawalibi			QHFW9SQH	SMA4FZRY;QZUXYBWY	internal-impedance;external-impedance		application-only	Local Markdown inspected; it is an HVDC line/pipeline transient-interference application using software models rather than a new parameter derivation.
zotero:9YY9HNLJ	Transient Calculations on Crossbonded Cables	04/1983	N. Nagaoka; A. Ametani	10.1109/TPAS.1983.317940		9YY9HNLJ	95V9RNH4			application-only	Local PDF opening, cable model, and transient examples inspected; it applies cross-bonded cable parameters to transient calculations.
zotero:A5ZZ5QZC	Transient Electromagnetic Interference between Overhead and Underground Conductors	6/2024	Amauri G. Martins-Britto; Theofilos A. Papadopoulos; Andreas I. Chrysochos	10.1109/TEMC.2024.3376971	MartinsBritto2024	A5ZZ5QZC	KEKU7WKW;7IK8H3DV;X67P7QK3;TDA25AUE;PLHIFXJU;ZSBIRA8E;K972JTST;JPZQKN6E;FX6EQ7YA	external-impedance;external-admittance		extracted	Original publication image-screened. Mixed impedance (5), Maxwell potential coefficient (6), and total matrix assembly Y=jomega P^-1 (7) were transcribed with definitions and Appendix derivation. The paper explicitly relates its results to Dawalibi-Southey, Pawlik, Pollaczek, and the arbitrary-multilayer formulation.
zotero:U699VJY5	Transient electromagnetic interference on buried pipelines caused by double circuit overhead power lines	12/2025	T.A. Papadopoulos; A.G. Martins-Britto; A.I. Chrysochos	10.1016/j.epsr.2025.112035		U699VJY5	2V3LPRJX;8EVQADNC;A8H22K27			application-only	Local PDF abstract and simulation model inspected; it studies pipeline voltages caused by overhead-line transients using established coupling parameters.
zotero:UF88T3JI	Transient induced voltages on aboveground pipelines parallel to overhead transmission lines	10/2023	T.A. Papadopoulos; Z.G. Datsios; A.I. Chrysochos; A.G. Martins-Britto; G.K. Papagiannis	10.1016/j.epsr.2023.109631		UF88T3JI	NF9PKFID			application-only	Local PDF abstract and methodology inspected; it applies known line/pipeline coupling models to aboveground-pipeline transient voltages.
zotero:G7FGU8CC	Transient plane wave coupling to bare and insulated cables buried in a lossy half-space	Feb./1995	G.E. Bridges	10.1109/15.350240		G7FGU8CC	FZCTMQ7F;545TE3DX	internal-impedance;external-impedance;external-admittance;insulation-admittance	core:C044	out-of-scope	Original publication screened. It treats transient plane-wave coupling to buried cables, not a source-defined p.u.l. internal, external-earth, or insulation parameter.
zotero:26N8S9XI	Transient Responses of Overhead Cables Due to Mode Transition in High Frequencies	6/2018	Haoyan Xue; Akihiro Ametani; Jean Mahseredjian; Yoshihiro Baba; Farhad Rachidi; Ilhan Kocar	10.1109/TEMC.2017.2737439		26N8S9XI	S665K4ID	external-impedance		application-only	Local PDF abstract and mode analysis inspected; it evaluates high-frequency mode-transition transients using previously developed complete-field line parameters.
catalogue:C042	Tutorial Note on the General Transmission Line Theory for a Thin Wire Above the Ground	1991	James R. Wait					external-impedance;external-admittance	core:C042	application-only	The local tutorial note was inspected; it restates and interprets the general thin-wire/interface transmission-line theory without claiming a distinct original parameter formulation.
zotero:GGAB2YTA	Two-Layer Earth Modeling Approaches for Electromagnetic Transient Analysis of Overhead Lines	2025-9-21	Jesus E. Guevara Asorza; Theofilos A. Papadopoulos; Andreas I. Chrysochos; Amauri G. Martins-Britto	10.1109/SIPDA68639.2025.11296716		GGAB2YTA	BDXQLYYI			application-only	Local PDF abstract and modeling approaches inspected; it compares published two-layer and equivalent-homogeneous models in lightning simulations without deriving a new formula.
catalogue:C004	Über das Feld einer unendlich langen wechselstromdurchflossenen Einfachleitung	1926	Felix Pollaczek		Pollaczek1926	HQYGB9D3		external-impedance;external-admittance	core:C004	duplicate	Catalogue row duplicates Zotero item QL7VGW93 and the same Pollaczek 1926 scan; retain the Zotero row.
catalogue:C002	Über die Ausbreitung der Wellen in der drahtlosen Telegraphie	1909	Arnold Sommerfeld	10.1002/andp.19093330402				external-impedance;external-admittance	core:C002	out-of-scope	The local original scan was inspected; it derives the Sommerfeld radio-wave half-space field problem, not a line/cable parameter output in one of the five requested families.
catalogue:C001	Über die Fortpflanzung elektrodynamischer Wellen längs eines Drahtes	1899	Arnold Sommerfeld	10.1002/andp.18993030202				external-impedance;external-admittance	core:C001	out-of-scope	The local original scan opening and mathematical development were inspected; it is the foundational cylindrical surface-wave propagation problem, not a per-unit-length internal/external/insulation impedance or admittance expression in the requested line/cable corpus.
zotero:5KJQSU2S	Uncertainty quantification in low voltage distribution grids: Comparing Monte Carlo and general polynomial chaos approaches	09/2022	Arpan Koirala; Tom Van Acker; Reinhilde D’hulst; Dirk Van Hertem	10.1016/j.segan.2022.100763		5KJQSU2S	ZVJFUG6D;2FKLL2MA			out-of-scope	Local PDF abstract and methodology inspected; it compares uncertainty-quantification techniques for distribution grids, unrelated to the requested formula families.
reference:iwamoto-1958-jstage	進行波による大地固有抵抗の測定法 / Use of the Traveling Waves on the Measurment of Earth Resistivity (English spelling as printed)	1958	岩本 国三 / K. Iwamoto		Iwamoto1958b	M7E3XRHY		external-impedance	reference-chain	application-only	The August 1958 paper restates a Sunde-attributed two-layer self kernel and applies it to resistivity measurement. The root, longitudinal prescription, unit scaling, and 1949 Sunde edition remain unresolved.
zotero:3RJHHR8I	Validation Limits of Quasi-TEM Approximation for Buried Bare and Insulated Cables	12/2015	Antonio Paulo C. Magalhaes; Jose Carlos Leao V. Silva; Antonio C. S. Lima; Maria Teresa Correia De Barros	10.1109/TEMC.2015.2489461		3RJHHR8I	MCYZTK2B			application-only	Local PDF abstract, full-wave comparator, and results inspected; it validates quasi-TEM assumptions for buried wires but does not claim the underlying parameter equations as a new formulation.
catalogue:C077	Validation of the Transmission-Line Approximation for Overhead Conductors Above Lossy Ground	2015	M. T. C. de Barros; A. C. S. de Lima; M. A. O. Schroeder; R. Alipio					external-impedance;external-admittance	core:C077	application-only	Local catalogue PDF/abstract inspected; it validates the transmission-line approximation against a full-wave model and does not introduce a new parameter formulation.
catalogue:C011	Wave Propagation Along an Infinite Wire Above Ground at High Frequencies	1956	Hiroshi Kikuchi		Kikuchi1956			external-impedance;external-admittance	core:C011	duplicate	Bibliographic reconciliation identifies Kikuchi as the author. Wait (1972) explicitly recovers this result, and the equation-complete Kikuchi (1957) and Wait (1972) records cover the formulation.
zotero:W36UHQVN	Wave Propagation Characteristics and Electromagnetic Transient Analysis of Underground Cable Systems Considering Frequency-Dependent Soil Properties	2/2021	Theofilos A. Papadopoulos; Zacharias G. Datsios; Andreas I. Chrysochos; Pantelis N. Mikropoulos; Grigoris K. Papagiannis	10.1109/TEMC.2020.2986821		W36UHQVN	2SXMBZ2B	external-impedance		application-only	Local PDF abstract and parameter sections inspected; it adopts a previously published generalized underground-cable formulation to study frequency-dependent soil and transients.
zotero:5I3XY5GF	Wave propagation characteristics and transient performance of underground cables based on analytical expressions for the ground return impedance and admittance	08/2026	Alberto De Conti; Naiara Duarte; Rafael Alipio	10.1016/j.epsr.2026.112921		5I3XY5GF	LCDD8WJF	external-impedance		application-only	Abstract and formulation section inspected; it evaluates wave propagation and transients using previously published analytical and integral ground-return expressions.
reference:ametani-nagaoka-koide-2000-jstage	積雪時の架空線波形伝搬特性 / Wave Propagation Characteristics of an Overhead Conductor above Snow	2000	Akihiro Ametani; Naoto Nagaoka; Ryuji Koide	10.1541/ieejpes1990.120.2_271	Ametani2000	R9WTH7M6		external-admittance	reference-chain	extracted	Original Japanese article obtained from official J-STAGE https://www.jstage.jst.go.jp/article/ieejpes1990/120/2/120_2_271/_pdf/-char/en; all seven printed pages 271-277 image-screened. Main potential coefficient (14)-(15), interface dependencies, no-snow leaf (16), snow constitutive dependency/Table 1 and contextual comparison assemblies are recorded with the independently inspected published 2001 English translation. Original A2 grouping and symbol/material ambiguities remain specific unresolved dependencies; original image resolves which differing tokens each publication actually prints, not an imagined corrected kernel.
zotero:PERYSYNU	Wave Propagation Characteristics of Overhead Conductors Above Imperfect Stratified Earth for a Wide Frequency Range	03/2009	T.A. Papadopoulos; G.K. Papagiannis; D.A. Labridis	10.1109/TMAG.2009.2012580	Papadopoulos2009	PERYSYNU	58DK4Z6V	external-impedance;external-admittance	core:C062	extracted	All four original IEEE pages 1064-1067 image-inspected. Two records preserve the overhead two-layer earth correction (1), potential/admittance correction (2), self and homogeneous substitutions, and complete appendix dependencies. Main Greek alpha1 versus defined Latin a_m and primed a1 in (A.5) remain unresolved; third-author printed byline/BibTeX disagreement and Nakagawa/Kikuchi reference-number issues retained. Existing family-local:Papadopoulos2009 IDs verified against their cited publication, not used as equation authority. The 2010 original was independently screened and its later full external/matrix assembly and parent integrals are separately labelled witnesses in these same records; no duplicate contribution is counted merely for changing u to lambda.
zotero:ZFKJHZIE	Wave propagation characteristics on an overhead conductor above snow	02/2001	Akihiro Ametani; Naoto Nagaoka; Ryuji Koide	10.1002/1520-6416(200102)134:3<26::AID-EEJ4>3.0.CO;2-U	Ametani2001	ZFKJHZIE	W7EPUCXL	external-admittance	core:C052	extracted	The 2001 English paper translates the February 2000 Japanese source. The 2000 record retains both witnesses; their coefficient, sign, and constitutive differences are resolved by the implementation decisions in the gap analysis.
catalogue:C015	Wave Propagation in Multiconductor Overhead Lines: Calculation of Series Impedance for Multilayer Earth	1966	L. M. Wedepohl; R. G. Wasley	10.1049/piee.1966.0102	Wedepohl1966	XW39DCKS		external-impedance	core:C015	extracted	Prior blocker overturned by full-library Zotero/FTS matching. Original equations (8)-(9) were page-image screened; conduction-only and displacement-current two-layer kernels were transcribed.
zotero:3AKTN74L	Wave Propagation in Overhead Wires with Ground Return	10/1926	John R. Carson	10.1002/j.1538-7305.1926.tb00122.x	Carson1926	3AKTN74L	AFJ7L266		core:C003	extracted	Original publication inspected; self/mutual correction integrals (27)-(31) verified against scan images on printed pp. 539-545; later series evaluator forms remain an explicit gap
zotero:UGKR69PM	Wave propagation in transmission lines over lossy ground: a new, complete field solution	1978	L.M. Wedepohl; A.E. Efthymiadis	10.1049/piee.1978.0123		UGKR69PM	FKBW2JW6		core:C028	duplicate	Original publication screened. Its complete-field buried-line equations are the historical parent of the later generalized complete-field/quasi-TEM formulation, which retains the parent distinctions and provides the image-verified equation record.
zotero:IXABNLIJ	Wave Propagation on an Overhead Multiconductor in a High-Frequency Region	12/2014	Akihiro Ametani; Yoshiko Miyamoto; Yoshihiro Baba; Naoto Nagaoka	10.1109/TEMC.2014.2314720		IXABNLIJ	S3NEQWN5;P6Q6X2HG	external-impedance;external-admittance	core:C075	application-only	Original publication screened. It evaluates high-frequency propagation using the separately inventoried 2014 displacement-current impedance; no additional physical parameter leaf is introduced.
catalogue:C010	Wave Propagation on the Ground Return Circuit in High Frequency Regions	1955	Hiroshi Kikuchi					external-impedance;external-admittance	core:C010	duplicate	The 1955 Japanese publication is the earlier-language witness to Kikuchi's 1957 English formulation; the verified 1957 record preserves that publication-history issue rather than counting a second formula.
zotero:WEKZXCLH	Coupling to Shielded Cables	1978	E. F. Vance		Vance1978	WEKZXCLH		external-impedance;external-admittance	reference-chain	duplicate	The Vance ground-impedance and derived scalar-admittance relations are equation-complete in the accessible Theethayi, Zhang, and Güneri publications; the book attribution is retained without counting another formula leaf.
zotero:7NNI5AZN	Electrical characteristics of steel-cored aluminium conductors	1965	V. T. Morgan	10.1049/piee.1965.0051	Morgan1965	7NNI5AZN	7HYAQMUM	internal-impedance	library-sweep:2026-09-05	extracted	Original equations (6)-(27) screened; the ACSR resistance/internal-inductance assembly with steel-core magnetic, skin, and proximity terms was promoted.
zotero:UJXYDM6C	Wave Propagation Characteristics In Underground Power Cable	1984	W. Weeks; Yi Diao	10.1109/TPAS.1984.318279	Weeks1984	UJXYDM6C	TBNCS83E	insulation-admittance	library-sweep:2026-09-05	extracted	Original pp. 2818-2819 screened; the explicit series combination of two semiconducting screens and lossy coaxial insulation, including equation (10), was promoted.
zotero:QQG79ISB	Computation of Cable Impedances Based on Subdivision of Conductors	1987	Paloma De Arizon; Hermann W. Dommel	10.1109/TPWRD.1987.4308068	DeArizon1987	QQG79ISB		internal-impedance	library-sweep:2026-09-05	extracted	Original equations (9)-(12) screened; the primitive subconductor matrix, bundle reduction, and reference-conductor transformation were promoted as a skin/proximity numerical formulation.
zotero-attachment:49UZZ5UX	Computation of Cable Parameters for Pipe-Type Cables With Arbitrary Pipe Thicknesses	2001	Yixin Yang; J. Ma; F. P. Dawalibi	10.1109/TDC.2001.971316	Yang2001		49UZZ5UX	internal-impedance	library-sweep:2026-09-05	extracted	The attachment contains the original conference paper. Equations (7)–(12) define the finite-wall pipe input and harmonic self and mutual terms; the citation key uses the printed first-author surname and year.
zotero:U4LW86NU	Effects Of Eddy Current On The Impedance Of Pipe-Type Cables With Arbitrary Pipe Thickness	2005	Simon Fortin; Y. Yang; J. Ma; F. P. Dawalibi		Fortin2005	U4LW86NU	WG3ICF3L	internal-impedance	library-sweep:2026-09-05	extracted	Original-author conference pages screened; finite-wall current/vector-potential equations and terminal self/mutual equations (12)-(13) were promoted.
zotero:HNF6MBMX	Reluctance Network Method for Calculating the Series Impedance Matrix of Multi-Conductor Transmission Lines	2013	Dierk Bormann; Hanif Tavakoli	10.1109/TMAG.2013.2261999	Bormann2013	HNF6MBMX	Q23KRQXL	internal-impedance	library-sweep:2026-09-05	extracted	Original equations (1)-(8) screened; the reluctance-network matrix and internal-impedance correction were promoted.
zotero:KQBK3YS3	On Resistance and Inductance of Solid Conductors	2013	Oldřich Coufal	10.1155/2013/526072	Coufal2013	KQBK3YS3	LQ6D3MI6	internal-impedance	library-sweep:2026-09-05	extracted	Original pp. 7-9 screened; the coaxial annular partial-loop phasor system and terminal R+jωL extraction were promoted.
zotero:IZYR538Y	Efficient evaluation of the earth return mutual impedance of overhead conductors over a horizontally multilayered soil	2014	Jae-bok Lee; Jun Zou; Benliang Li; Munno Ju	10.1108/COMPEL-08-2013-0265	Lee2014	IZYR538Y		external-impedance	library-sweep:2026-09-05	extracted	Original paper screened; arbitrary-layer kernel recursion, spline moments, and asymptotic exponential-integral tail were promoted. PDF byline controls creator order.
zotero:CW8B7A9L	Skin and proximity effects in the series-impedance of three-phase underground cables	2016	Ana Isabel Brito; V. Maló Machado; M. E. Almeida; M. Guerreiro das Neves	10.1016/j.epsr.2015.08.027	Brito2016	CW8B7A9L		internal-impedance	library-sweep:2026-09-05	extracted	Original equations (4)-(37) screened; multipole proximity terms and perfect/nonperfect sheath series-matrix assemblies were promoted.
zotero-attachment:YCJCU5QF	New Method of Moments Approach to Rigorous Analysis of Overhead and Buried Transmission Lines in the Presence of Air-Soil Interface	2019	S. Zheng; M. Shafieipour; J. DeSilva; J. Nordstrom; V. Okhmatovski		Zheng2019		YCJCU5QF	internal-impedance;external-impedance	library-sweep:2026-09-05	extracted	Original IPST title and formula pages screened; SVS-EFIE and multilayer Green-function equations yielding p.u.l. R/L were promoted as an external-impedance numerical formulation.
zotero-attachment:LPLAIG2Z	On Combining Classical and Numerical Techniques for Extracting the Impedance and Admittance of Cables and Overhead Lines	2019	H. M. J. De Silva; M. Shafieipour		DeSilva2019		LPLAIG2Z	internal-impedance	library-sweep:2026-09-05	extracted	Original IPST appendix screened; finite-pipe correction and matrix assembly (A1)-(A6) were promoted. Attachment-only Zotero storage is explicit.
zotero:PWEAPUJN	Self and mutual capacitance of conductors in air and lossy earth with application to electrified railways	2019	Andrea Mariscotti	10.24425/aee.2019.130688	Mariscotti2019	PWEAPUJN		external-admittance	library-sweep:2026-09-05	extracted	Original generalized-potential equations (12)-(21) screened; air/earth potentials and source scalar admittance extraction were promoted with the printed K1 image term retained.
zotero:IIZ6IT9I	Propagation Along a Thin Insulated Conductor Parallel to Interfacing Homogeneous Half-Spaces	2020	Brent Pawlik; Darren J. Woodhouse; Terrence J. Summers	10.1109/TEMC.2020.2965156	Pawlik2020	IIZ6IT9I		internal-impedance;external-impedance;external-admittance;insulation-admittance	library-sweep:2026-09-05	extracted	Entire modal/extracted-parameter development screened. Distinct external series, external shunt, and lossy coating shunt leaves were promoted; source byline fixes creator order.
zotero:GV4DWWRF	A generalized approach to deduce the impedance and admittance of underground cable containing N semiconductor screens	2022	Swarnankur Ghosh; Supriyo Das	10.1016/j.jestch.2021.06.009	Ghosh2022	GV4DWWRF	BT26L89H	internal-impedance;insulation-admittance	library-sweep:2026-09-05	extracted	Original equations (1)-(17) screened; arbitrary-N effective surface-impedance recursion and radial shunt network were promoted as separate taxonomy records.
zotero:T5B5478Q	On Proximity Correction of Pipe-Type Cable Parameters with Method of Moment Approach	2025	Hans Kristian Høidalen; Martin Høyer-Hansen; Felipe Camara Neto; Claus Leth Bak	10.2139/ssrn.5084160	Hoidalen2025	T5B5478Q		internal-impedance	library-sweep:2026-09-05	extracted	Original/preprint equations (19)-(22) screened; MoM proximity increment and zero-harmonic subtraction were promoted.
zotero:EJ9P35XQ	Contributions to cable constants programs for accurate and efficient electromagnetic transient modeling in submarine cables	2026	D. L. Pires; F. A. Moreira; M. G. Soares; F. M. Vasconcellos	10.1016/j.epsr.2025.112388	Pires2026	EJ9P35XQ		external-impedance;external-admittance	library-sweep:2026-09-05	extracted	Final and accepted versions screened; the double-exponential quadrature used for both series and shunt cable integrals was promoted as two taxonomy-specific evaluator records.
zotero:L2WSKLTJ	Simple and accurate analytical expressions for evaluating related transmission line integrals	2001	A. Maaouni; A. Amri; A. Zouhir	10.1088/0305-4470/34/42/319	Maaouni2001	L2WSKLTJ	6E578JEY	external-impedance;external-admittance	library-sweep:2026-09-05	extracted	Original equations (2)-(26) screened; exact spectral parents, qTEM complex-image reduction, and full exponential-integral helper were promoted as separate series and shunt taxonomy records.
zotero:7KCBKTKL	Effect of earth stratification on impedances of power transmission lines	1998	I. S. Moghram	10.1002/etep.4450080606	Moghram1998	7KCBKTKL		external-impedance	library-sweep:2026-09-05	extracted	Original equations (1)-(19) manually screened from the residual high-score list; the independent three-layer DCFT coefficient and self/mutual terminal leaves were promoted with two-layer and homogeneous reductions explicit.
zotero:3AIU4PRV	Evaluation of HVDC cable impedance and admittance matrices by finite element method	2018	A. Mouhaidali; O. Chadebec; S. Silvant; D. Tromeur-Dervout; J.-M. Guichon	10.1109/ICIT.2018.8352437	Mouhaidali2018	3AIU4PRV		internal-impedance;external-impedance;external-admittance;insulation-admittance	library-sweep:2026-09-05	extracted	Original formulation/extraction sections manually screened. Loop-based magnetodynamic and complex-power electric FEM leaves for multilayer HVDC cable installations were promoted into series and shunt taxonomy records.
zotero:NY24G6XD	Impedance and Admittance Calculations of a Three-Core Power Cable by the Finite Element Method	2015	Angelo A. Hafner; Mauricio V. Ferreira da Luz; Walter P. Carpes Jr.		Hafner2015	NY24G6XD		internal-impedance;insulation-admittance	library-sweep:2026-09-05	extracted	Original IPST equations (8)-(17) manually screened; full metallic-element FEM impedance and nonconcentric dielectric-admittance matrix were promoted separately.
zotero:A63YFX2Z	Earth conduction effects in systems of overhead and underground conductors in multilayered soils	2006-00-00 2006	D.A. Tsiamitros; G.C. Christoforidis; G.K. Papagiannis; D.P. Labridis; P.S. Dokopoulos	10.1049/ip-gtd:20050195		A63YFX2Z	Z3TCDQHU	internal-impedance;external-impedance	library-sweep:2026-09-05	duplicate	The normalized title matches screened ledger row zotero:SE23ZFCL; this alternate Zotero item or attachment is not counted again.
zotero:S7YG2LRJ	Erling D. Sunde - Earth Conduction Effects in Transmission Systems-Dover Publications, Inc. (1968)				Sunde1949	S7YG2LRJ	S7YG2LRJ	internal-impedance;external-impedance;external-admittance	library-sweep:2026-09-05	duplicate	The normalized title matches screened ledger row catalogue:C009; this alternate Zotero item or attachment is not counted again.
zotero:PM6XBINX	Revisiting the influence of dispersive characteristics of soil electrical parameters on transient behavior of underground cables: Impacts on wave propagation and practical case studies	2026-01-00 01/2026	Rafael Alipio; Naiara Duarte; Alberto De Conti	10.1016/j.epsr.2025.112309		PM6XBINX	E692C9YM	internal-impedance;external-impedance;external-admittance	library-sweep:2026-09-05	application-only	The inspected source applies existing parameter relations to a transient, fault, lightning, or harmonic-system calculation; it does not define a distinct p.u.l. formula beyond the indexed records.
zotero:BHIV98GS	Electromagnetic Interferences Between a HVAC 500 kV Power Line and a Pipeline Considering a Multilayered Soil Model	2020-00-00 2020	Amauri G Martins-Britto; Caio M Moraes; Felipe V Lopes			BHIV98GS	7MU9T6Y5	internal-impedance;external-impedance;external-admittance	library-sweep:2026-09-05	duplicate	The normalized title matches screened ledger row zotero:LVUGNA65; this alternate Zotero item or attachment is not counted again.
zotero:92HKWP5L	Computerized Analysis of Power Systems and Pipelines Proximity Effects	1986-00-00 1986	F. Dawalibi; A. Pinho	10.1109/TPWRD.1986.4307932		92HKWP5L	PFNJ3N8W	internal-impedance;external-impedance	library-sweep:2026-09-05	out-of-scope	The title and available text concern an interference, coupling, or induced-voltage calculation; the source does not define a distinct p.u.l. line or cable parameter relation in the indexed families.
zotero:AWUN4GM2	Propagation of waves on a wire above a lossy ground-different formulations with approximations	1999-07-00 7/1999	P. Pettersson	10.1109/61.772389		AWUN4GM2	H7457HGX;JTTRJUI3	internal-impedance;external-impedance;external-admittance	library-sweep:2026-09-05	duplicate	The normalized title matches screened ledger row catalogue:C050; this alternate Zotero item or attachment is not counted again.
zotero:PB5RHZQU	Time-domain modeling of a subsea buried cable	2024-08-00 08/2024	Felipe Camara; Antonio C.S. Lima; Maria Teresa Correia De Barros; Filipe M. Faria Da Silva; Claus L. Bak	10.1016/j.epsr.2024.110444		PB5RHZQU	3PI9CNI9	internal-impedance;external-impedance;external-admittance	library-sweep:2026-09-05	application-only	The inspected source applies existing parameter relations to a line or cable application; it does not define a distinct p.u.l. formula beyond the indexed records.
zotero:NWAX3Q36	Total AC Interferences Between a Power Line Subject to a Single-Phase Fault and a Nearby Pipeline With Multilayered Soil	2023-04-00 4/2023	Caio M. Moraes; Gustavo H. De Sá Matos; Amauri G. Martins-Britto; Kleber M. Silva; Felipe V. Lopes	10.1109/TEMC.2023.3244095		NWAX3Q36	73A6SVIV;8UDZZV3V;D2EILAS3;FAIEYSM9;IDKDT42C;KSJPEMDW;RMZ3F9SX;W6LPRD2V	internal-impedance;external-impedance;external-admittance	library-sweep:2026-09-05	out-of-scope	The title and available text concern an interference, coupling, or induced-voltage calculation; the source does not define a distinct p.u.l. line or cable parameter relation in the indexed families.
zotero:JXPANVSQ	C047_Simulation_models_of_a_dissipative_transmission_line_above_a_lossy_ground_for_a_wide-frequency_range._II._Multiconductor_configuration				DAmore1996	JXPANVSQ	JXPANVSQ	internal-impedance;external-impedance;external-admittance;insulation-admittance	library-sweep:2026-09-05	duplicate	The normalized title matches screened ledger row catalogue:C047; this alternate Zotero item or attachment is not counted again.
zotero:N9BAU83R	Electromagnetic wave propagation on a thin wire above earth	2000-09-00 Sept./2000	R.G. Olsen; J.L. Young; D.C. Chang	10.1109/8.898775		N9BAU83R	DGJ3C2Y5	internal-impedance;external-impedance	library-sweep:2026-09-05	duplicate	The normalized title matches screened ledger row catalogue:C051; this alternate Zotero item or attachment is not counted again.
zotero:FRHGRQ5S	EPSR-D-24-05664_R1_reviewer					FRHGRQ5S	FRHGRQ5S	internal-impedance;external-impedance;external-admittance;insulation-admittance	library-sweep:2026-09-05	duplicate	No independent publication or formula is associated with this attachment or container row.
zotero:7TVF59P9	EPSR-D-24-05664_reviewer					7TVF59P9	7TVF59P9	internal-impedance;external-impedance;external-admittance;insulation-admittance	library-sweep:2026-09-05	duplicate	No independent publication or formula is associated with this attachment or container row.
zotero:P5Y6CQU3	Simulation_models_of_a_dissipative_transmission_line_above_a_lossy_ground_for_a_wide-frequency_range._II._Multiconductor_configuration				DAmore1996	P5Y6CQU3	P5Y6CQU3	internal-impedance;external-impedance;external-admittance;insulation-admittance	library-sweep:2026-09-05	duplicate	The normalized title matches screened ledger row catalogue:C047; this alternate Zotero item or attachment is not counted again.
zotero:AQRME4DW	Calculation of Interference Voltage on the Nearby Underground Metal Pipeline due to the Grounding Fault on Overhead Transmission Lines	2013-10-00 10/2013	Lei Qi; Hui Yuan; Lin Li; Xiang Cui	10.1109/TEMC.2013.2240391		AQRME4DW	N7ETVURF	internal-impedance;external-impedance;external-admittance	library-sweep:2026-09-05	out-of-scope	The title and available text concern an interference, coupling, or induced-voltage calculation; the source does not define a distinct p.u.l. line or cable parameter relation in the indexed families.
zotero:K5DVKNVK	Harmonic behaviour of HVDC cables	2012-08-00 8/2012	Roberto Benato; Michele Forzan; Marco Marelli; Ambrogio Orini; Ernesto Zaccone	10.1016/j.epsr.2012.03.012		K5DVKNVK	7Y4NXNVQ	internal-impedance;external-impedance;external-admittance;insulation-admittance	library-sweep:2026-09-05	application-only	The inspected source applies existing parameter relations to a transient, fault, lightning, or harmonic-system calculation; it does not define a distinct p.u.l. formula beyond the indexed records.
zotero:YT3WNVT3	Inductive Interference on Pipelines Buried in Multilayer Soil Due to Magnetic Fields From Nearby Faulted Power Lines	2005-05-00 05/2005	G.C. Christoforidis; D.P. Labridis; P.S. Dokopoulos	10.1109/TEMC.2005.847399		YT3WNVT3	YL7SJBUF	internal-impedance;external-impedance	library-sweep:2026-09-05	out-of-scope	The title and available text concern an interference, coupling, or induced-voltage calculation; the source does not define a distinct p.u.l. line or cable parameter relation in the indexed families.
zotero:ZC4BTTK6	CableModeling					ZC4BTTK6	ZC4BTTK6	internal-impedance;external-impedance;external-admittance;insulation-admittance	library-sweep:2026-09-05	duplicate	No independent publication or formula is associated with this attachment or container row.
zotero:UBQ3L572	CableModeling__5c77b2af					UBQ3L572	UBQ3L572	internal-impedance;external-impedance;external-admittance;insulation-admittance	library-sweep:2026-09-05	duplicate	No independent publication or formula is associated with this attachment or container row.
zotero:4YZFFA72	CIGRE 531-2013 - Cable systems electrical characteristics - WG B1.30					4YZFFA72	4YZFFA72	internal-impedance;external-impedance;external-admittance;insulation-admittance	library-sweep:2026-09-05	application-only	The inspected source applies existing parameter relations to a line or cable application; it does not define a distinct p.u.l. formula beyond the indexed records.
zotero:LHEG7UQ2	CIGRE TB531					LHEG7UQ2	LHEG7UQ2	internal-impedance;external-impedance;external-admittance;insulation-admittance	library-sweep:2026-09-05	application-only	The inspected source applies existing parameter relations to an application outside the indexed formula families; it does not define a distinct p.u.l. formula beyond the indexed records.
zotero:58EWG23V	Overhead Lines and Cable Modeling Guidelines for PSCAD		Maryia Kuzura			58EWG23V	CY6AX63P	internal-impedance;insulation-admittance	library-sweep:2026-09-05	application-only	The inspected source applies existing parameter relations to a line or cable application; it does not define a distinct p.u.l. formula beyond the indexed records.
zotero:3WH39D9X	Power System Transient Analysis		Eiichi Haginomori			3WH39D9X	Y4UVWQ4M	internal-impedance;external-impedance;external-admittance;insulation-admittance	library-sweep:2026-09-05	application-only	The inspected source applies existing parameter relations to a transient, fault, lightning, or harmonic-system calculation; it does not define a distinct p.u.l. formula beyond the indexed records.
zotero:BJFUYELT	TechRef_CableSystem					BJFUYELT	BJFUYELT	internal-impedance;external-impedance;external-admittance;insulation-admittance	library-sweep:2026-09-05	duplicate	No independent publication or formula is associated with this attachment or container row.
zotero:6SQQGF4W	THEORY OF WAVEGUIDES AND TRANSMISSION LINES (Course Notes for ECEN 5114)		E F Kuester			6SQQGF4W	IYZSURWG	internal-impedance;external-impedance;external-admittance;insulation-admittance	library-sweep:2026-09-05	duplicate	No independent publication or formula is associated with this attachment or container row.
zotero:PXIIJBEM	97-Lightning Overvoltages Including Frequency-Dependent Soil Parameters in the Transmission Line Model					PXIIJBEM	PXIIJBEM	external-impedance	library-sweep:2026-09-05	out-of-scope	The title and available text concern a transient, fault, lightning, or harmonic-system calculation; the source does not define a distinct p.u.l. line or cable parameter relation in the indexed families.
zotero:U3BUCF2I	Juan A. Martinez-Velasco (ed.) - Power System Transients_ Parameter Determination (2010, CRC Press) - libgen.li					U3BUCF2I	U3BUCF2I	internal-impedance;external-impedance;external-admittance	library-sweep:2026-09-05	application-only	The inspected source applies existing parameter relations to a transient, fault, lightning, or harmonic-system calculation; it does not define a distinct p.u.l. formula beyond the indexed records.
zotero:2ANPZLN9	Robust Calculation of Frequency-Dependent Transmission-Line Transformation Matrices Using the Levenberg–Marquardt Method	2014-08-00 8/2014	Andreas I. Chrysochos; Theofilos A. Papadopoulos; Grigoris K. Papagiannis	10.1109/TPWRD.2013.2284504		2ANPZLN9	GAKTVF22;M3UMQNWT	external-impedance;external-admittance;insulation-admittance	library-sweep:2026-09-05	application-only	The inspected source applies existing parameter relations to an application outside the indexed formula families; it does not define a distinct p.u.l. formula beyond the indexed records.
zotero:4RGWLEJN	Stratified Earth Effects on Wave Propagation - Frequency-Dependent Parameters	1974-09-00 09/1974	A. Ametani	10.1109/TPAS.1974.293846		4RGWLEJN	LRLS68Y8;ZB98MHWA	external-impedance	library-sweep:2026-09-05	duplicate	The normalized title matches screened ledger row catalogue:C022; this alternate Zotero item or attachment is not counted again.
zotero:TYDHZDLP	Three-Phase Compact Distribution Line Transient Analysis Considering Different Line Models		A De Conti; A C Silva			TYDHZDLP	TESYQ5PN	internal-impedance;external-impedance;external-admittance;insulation-admittance	library-sweep:2026-09-05	application-only	The inspected source applies existing parameter relations to a transient, fault, lightning, or harmonic-system calculation; it does not define a distinct p.u.l. formula beyond the indexed records.
zotero:GJ2EZNSC	Total Electromagnetic Interference Toolbox for ATPDraw automated case creation and simulation		Luis J Rodríguez; Amauri G Martins-Britto; Jeancarlo Videla; Luis Chamorro; Marlon Luján			GJ2EZNSC	X88WPTY7	internal-impedance;external-impedance;external-admittance	library-sweep:2026-09-05	out-of-scope	The title and available text concern an interference, coupling, or induced-voltage calculation; the source does not define a distinct p.u.l. line or cable parameter relation in the indexed families.
zotero:HBID9WYL	Estimation of Multilayer Soil Parameters Using Genetic Algorithms	2005-01-00 01/2005	I.F. Gonos; I.A. Stathopulos	10.1109/TPWRD.2004.836833		HBID9WYL	YHC769RV	external-impedance	library-sweep:2026-09-05	application-only	The inspected source applies existing parameter relations to an application outside the indexed formula families; it does not define a distinct p.u.l. formula beyond the indexed records.
zotero:HFEMBPYI	On the Importance of Ground Impedance as an Indicator of Grounding Performance and Safe Design	2018-00-00 2018	Maxime Daigle; Jie Liu; Farid P Dawalibi			HFEMBPYI	3AXW4KXY;7GSQ2FBP	external-impedance	library-sweep:2026-09-05	out-of-scope	The title and available text concern a grounding or soil-resistivity calculation; the source does not define a distinct p.u.l. line or cable parameter relation in the indexed families.
zotero:WPZ4F5D2	Overhead Lines	2017-00-00 2017	Konstantin O. Papailiou	10.1007/978-3-319-31747-2		WPZ4F5D2	JFXYADWF	internal-impedance;external-impedance;external-admittance	library-sweep:2026-09-05	application-only	The inspected source applies existing parameter relations to a line or cable application; it does not define a distinct p.u.l. formula beyond the indexed records.
zotero:PQM9PH42	Technical Performance of EHV Power Transmission Systems with Long Underground Cables	2018-00-00 2018	H. Khalilnezhad	10.4233/UUID:1A7BBCD9-E0D8-489D-9C0F-67B8595FB945		PQM9PH42	EICGNM7L	external-impedance;external-admittance	library-sweep:2026-09-05	application-only	The inspected source applies existing parameter relations to a line or cable application; it does not define a distinct p.u.l. formula beyond the indexed records.
zotero:IXUNTFN4	A PARAMETRIC ANALYSIS OF FAULT CURRENT DIVISION BETWEEN OVERHEAD WIRES AND SUBSTATION GROUNDING SYSTEMS		C Li; X Wei; Y Li; F P Dawalibi			IXUNTFN4	A6CC4FKF	external-impedance	library-sweep:2026-09-05	out-of-scope	The title and available text concern a grounding or soil-resistivity calculation; the source does not define a distinct p.u.l. line or cable parameter relation in the indexed families.
zotero:76J7ZCKF	Inductive coupling on metallic pipelines: Effects of a nonuniform soil resistivity along a pipeline-power line corridor	2020-12-00 12/2020	Arturo Popoli; Leonardo Sandrolini; Andrea Cristofolini	10.1016/j.epsr.2020.106621		76J7ZCKF	CMTCR2EN	internal-impedance;external-impedance	library-sweep:2026-09-05	out-of-scope	The title and available text concern an interference, coupling, or induced-voltage calculation; the source does not define a distinct p.u.l. line or cable parameter relation in the indexed families.
zotero:AE79AYJV	Tutorial note on the general transmission line theory for a thin wire above the ground	1991-02-00 Feb./1991	J.R. Wait	10.1109/15.68253		AE79AYJV	J7RXUX5J	internal-impedance;external-impedance	library-sweep:2026-09-05	duplicate	The normalized title matches screened ledger row catalogue:C042; this alternate Zotero item or attachment is not counted again.
zotero:C9ISCHDW	Using Fall-of-Potential Measurements to Improve Deep Soil Resistivity Estimates	2015-11-00 11/2015	Robert D. Southey; Majid Siahrang; Simon Fortin; Farid P. Dawalibi	10.1109/TIA.2015.2428679		C9ISCHDW	IZBSC3EW;WKXL88SX	external-impedance	library-sweep:2026-09-05	out-of-scope	The title and available text concern a grounding or soil-resistivity calculation; the source does not define a distinct p.u.l. line or cable parameter relation in the indexed families.
zotero:UJ3NHPLQ	556					UJ3NHPLQ	UJ3NHPLQ	internal-impedance;external-impedance;external-admittance	library-sweep:2026-09-05	duplicate	No independent publication or formula is associated with this attachment or container row.
zotero:R9WYMSB3	CableHosting.jl prototype report		Amauri Martins; Dirk Van Hertem; Jef Beertem; Hakan Ergun			R9WYMSB3	SNCNVBYX	internal-impedance;external-impedance;external-admittance	library-sweep:2026-09-05	application-only	The inspected source applies existing parameter relations to a line or cable application; it does not define a distinct p.u.l. formula beyond the indexed records.
zotero:I72B3D7V	COMPELECENG-D-24-01676_reviewer					I72B3D7V	I72B3D7V	internal-impedance;external-impedance;external-admittance	library-sweep:2026-09-05	duplicate	No independent publication or formula is associated with this attachment or container row.
zotero:U6D4S48Y	Comprehensive analysis of lightning strike activity on the power line for grid connected solar power plant	2022-10-00 10/2022	Emre Demirel; Gülşah Karaca Dolgun; Ali Keçebaş	10.1016/j.epsr.2022.108240		U6D4S48Y	7SLE928E;I5YU8T6S	internal-impedance;external-impedance;external-admittance	library-sweep:2026-09-05	out-of-scope	The title and available text concern a transient, fault, lightning, or harmonic-system calculation; the source does not define a distinct p.u.l. line or cable parameter relation in the indexed families.
zotero:S9GQ42PQ	ConferenceProceedings2012					S9GQ42PQ	S9GQ42PQ	internal-impedance;external-impedance;external-admittance	library-sweep:2026-09-05	duplicate	No independent publication or formula is associated with this attachment or container row.
zotero:UMFDXQXZ	EL-4202_1985_Electromagnetic Transients Program (Emtp) Primer					UMFDXQXZ	UMFDXQXZ	internal-impedance;external-impedance;external-admittance	library-sweep:2026-09-05	application-only	The inspected source applies existing parameter relations to a transient, fault, lightning, or harmonic-system calculation; it does not define a distinct p.u.l. formula beyond the indexed records.
zotero:HIGW8RG9	EL-4651_1986_Electromagnetic Transients Program (Emtp) Workbook II					HIGW8RG9	HIGW8RG9	internal-impedance;external-impedance;insulation-admittance	library-sweep:2026-09-05	duplicate	No independent publication or formula is associated with this attachment or container row.
zotero:YE9JUCVR	Electromagnetic Interferences between Power Systems and Pipelines. Field Vs. Circuit Theory based Models		R Andolfato; D Cuccarollo; I Fara			YE9JUCVR	JTFLGGBT	internal-impedance;external-impedance;insulation-admittance	library-sweep:2026-09-05	out-of-scope	The title and available text concern an interference, coupling, or induced-voltage calculation; the source does not define a distinct p.u.l. line or cable parameter relation in the indexed families.
zotero:7ZM23US2	EPRI AC Transmission Line Reference Book--200 kV and Above, Third Edition					7ZM23US2	RSKKY2CV	internal-impedance;external-impedance;external-admittance	library-sweep:2026-09-05	application-only	The inspected source applies existing parameter relations to a line or cable application; it does not define a distinct p.u.l. formula beyond the indexed records.
zotero:A47HETJC	EPSR-D-20-02157					A47HETJC	A47HETJC	internal-impedance;external-impedance;external-admittance	library-sweep:2026-09-05	application-only	The inspected source applies existing parameter relations to an application outside the indexed formula families; it does not define a distinct p.u.l. formula beyond the indexed records.
zotero:U6N7SWP7	EPSR-D-24-00338_reviewer					U6N7SWP7	U6N7SWP7	internal-impedance;external-impedance;external-admittance	library-sweep:2026-09-05	duplicate	No independent publication or formula is associated with this attachment or container row.
zotero:7LUWPJ3P	EPSR-D-25-00115_R1_reviewer					7LUWPJ3P	7LUWPJ3P	internal-impedance;external-impedance;external-admittance	library-sweep:2026-09-05	duplicate	No independent publication or formula is associated with this attachment or container row.
zotero:4QKNIXW4	EPSR-S-20-03282					4QKNIXW4	4QKNIXW4	internal-impedance;external-impedance;external-admittance	library-sweep:2026-09-05	application-only	The inspected source applies existing parameter relations to an application outside the indexed formula families; it does not define a distinct p.u.l. formula beyond the indexed records.
zotero:2DIRHVCQ	EPSR-S-24-07486					2DIRHVCQ	2DIRHVCQ	internal-impedance;external-impedance;external-admittance	library-sweep:2026-09-05	application-only	The inspected source applies existing parameter relations to an application outside the indexed formula families; it does not define a distinct p.u.l. formula beyond the indexed records.
zotero:S5MIEYCP	EPSR-S-24-07486__46a40d45					S5MIEYCP	S5MIEYCP	internal-impedance;external-impedance;external-admittance	library-sweep:2026-09-05	application-only	The inspected source applies existing parameter relations to an application outside the indexed formula families; it does not define a distinct p.u.l. formula beyond the indexed records.
zotero:Z56QFP92	EPSR_107265_edit_report					Z56QFP92	Z56QFP92	internal-impedance;external-impedance;external-admittance	library-sweep:2026-09-05	duplicate	No independent publication or formula is associated with this attachment or container row.
zotero:HW8FJDSS	III RESEARCH INSTITUTE 10 West 35th Street Chicago, Illinois 60615		J Dabkowski; A Taflove			HW8FJDSS	GSGRC64C	internal-impedance;external-impedance;external-admittance	library-sweep:2026-09-05	application-only	The inspected source applies existing parameter relations to an application outside the indexed formula families; it does not define a distinct p.u.l. formula beyond the indexed records.
zotero:YN2UMD9R	Impact of EHV/HV underground power cables on resonant grid behavior	2014-00-00 2014	L Lei Wu; EF Fred Steennis; PAAF Peter Wouters	10.6100/IR781433		YN2UMD9R	NV3VHDWG	internal-impedance;external-impedance;external-admittance	library-sweep:2026-09-05	application-only	The inspected source applies existing parameter relations to a line or cable application; it does not define a distinct p.u.l. formula beyond the indexed records.
zotero:7W64HD6S	Implementation of the universal line model in the alternative transients program✰	2021-08-00 08/2021	Felipe O.S. Zanon; Osis E.S. Leal; Alberto De Conti	10.1016/j.epsr.2021.107311		7W64HD6S	N3XFUTQJ;RR965QQ5	internal-impedance;external-impedance;external-admittance	library-sweep:2026-09-05	application-only	The inspected source applies existing parameter relations to a transient, fault, lightning, or harmonic-system calculation; it does not define a distinct p.u.l. formula beyond the indexed records.
zotero:HGQXG588	Influence of inductive coupling between leads on resistivity measurements in multilayer soils	1998-10-00 Oct./1998	J. Ma; F.P. Dawalibi	10.1109/61.714431		HGQXG588	3MVE5Z6S;ZQNPQTRC	external-impedance	library-sweep:2026-09-05	out-of-scope	The title and available text concern an interference, coupling, or induced-voltage calculation; the source does not define a distinct p.u.l. line or cable parameter relation in the indexed families.
zotero:WQYKK3S6	Investigation of AC Leakage Current Density in Electrically Heated Subsea Pipelines as a Function of Pipeline Parameters		Ronald M Bass; Farid Paul Dawalibi; Yexu Li; Simon Fortin; Haijun Zhou			WQYKK3S6	RTE3E4QL	internal-impedance	library-sweep:2026-09-05	duplicate	The normalized title matches screened ledger row zotero:YS2HJ84F; this alternate Zotero item or attachment is not counted again.
zotero:LTK2GRP2	LineCableData					LTK2GRP2	LTK2GRP2	internal-impedance;external-impedance;external-admittance	library-sweep:2026-09-05	duplicate	No independent publication or formula is associated with this attachment or container row.
zotero:SEYWWDEN	Numerical Analysis of Power System Transients and Dynamics	2015-01-01 2015-01-01	Akihiro Ametani	10.1049/PBPO078E		SEYWWDEN	2NJ555IL;3JQE9MJ6	internal-impedance;external-impedance;external-admittance	library-sweep:2026-09-05	duplicate	The normalized title matches screened ledger row catalogue:N009; this alternate Zotero item or attachment is not counted again.
zotero:PYAT5F97	PropCharsPipeline_En					PYAT5F97	PYAT5F97	internal-impedance;external-impedance;external-admittance	library-sweep:2026-09-05	duplicate	No independent publication or formula is associated with this attachment or container row.
zotero:HEXGZ69T	REALISTIC MODELING OF POWER LINES FOR TRANSIENT ELECTROMAGNETIC INTERFERENCE STUDIES		Amauri Gutierrez Martins Britto			HEXGZ69T	88A48ZCC;QDUS3ZZZ	internal-impedance;external-impedance;external-admittance	library-sweep:2026-09-05	out-of-scope	The title and available text concern an interference, coupling, or induced-voltage calculation; the source does not define a distinct p.u.l. line or cable parameter relation in the indexed families.
zotero:74YWUQSP	Stable thin‐wire model of buried pipe‐type power distribution cables for 3D FDTD transient simulation	2020-12-00 12/2020	Binghao Li; Yuxuan Ding; Yaping Du; Mingli Chen	10.1049/iet-gtd.2020.1150		74YWUQSP	3IAQHVHK	internal-impedance;external-impedance;external-admittance	library-sweep:2026-09-05	application-only	The inspected source applies existing parameter relations to a transient, fault, lightning, or harmonic-system calculation; it does not define a distinct p.u.l. formula beyond the indexed records.
zotero:5QQ8FAJ9	TB Draft C4.74 20250717_Amauri					5QQ8FAJ9	5QQ8FAJ9	internal-impedance;external-impedance;external-admittance	library-sweep:2026-09-05	duplicate	No independent publication or formula is associated with this attachment or container row.
zotero:D3BZXS2V	Universal Line Model (ULM) Theory and Development	2025-00-00 2025	Alberto De Conti; Ósis E S Leal			D3BZXS2V	QL5P2Z32	internal-impedance;external-impedance;external-admittance	library-sweep:2026-09-05	application-only	The inspected source applies existing parameter relations to an application outside the indexed formula families; it does not define a distinct p.u.l. formula beyond the indexed records.
zotero:KAC5P4PT	Evaluation of the Interference Effects of Hvdc Fault on a Buried Pipeline	2025-00-00 2025	Thibault Dechambenoit; Alain Xemard; Jesus Morales; Jean Mahseredjian; Ahmed Zama; Paola Daza	10.2139/ssrn.5091868		KAC5P4PT	5UI8VGR6;VXZQAYHG	internal-impedance;external-impedance	library-sweep:2026-09-05	out-of-scope	The title and available text concern an interference, coupling, or induced-voltage calculation; the source does not define a distinct p.u.l. line or cable parameter relation in the indexed families.
zotero:6WVYGP2E	15 Earth Resistivity in Ireland		J M Whelan; B Hanratty; E Morgan			6WVYGP2E	PMSJD6ZK	external-impedance	library-sweep:2026-09-05	out-of-scope	The title and available text concern an application outside the indexed formula families; the source does not define a distinct p.u.l. line or cable parameter relation in the indexed families.
zotero:K3SACQY4	640					K3SACQY4	K3SACQY4	internal-impedance;external-impedance;insulation-admittance	library-sweep:2026-09-05	duplicate	No independent publication or formula is associated with this attachment or container row.
zotero:CPGH7MMT	Advantages of Soil Resistivity Measurements with Arbitrary Electrode Arrangements	2018-00-00 2018	Octavio Ramos-Leaños; Luis Valcárcel; Amir Hajiaboli; Stephane Franiatte; Farid P Dawalibi			CPGH7MMT	EMS4IQM6;T5CZL3PR	external-impedance	library-sweep:2026-09-05	out-of-scope	The title and available text concern a grounding or soil-resistivity calculation; the source does not define a distinct p.u.l. line or cable parameter relation in the indexed families.
zotero:4MYUKRE5	ANÁLISE DA NORMA NBR 7117 BASEADO NA ESTRATIFICAÇÃO OTIMIZADA DO SOLO A PARTIR DO ALGORITMO DE SUNDE E ALGORITMOS GENÉTICOS					4MYUKRE5	4MYUKRE5	external-impedance	library-sweep:2026-09-05	application-only	The inspected source applies existing parameter relations to an application outside the indexed formula families; it does not define a distinct p.u.l. formula beyond the indexed records.
zotero:P3YTFYG2	Assessing the cable hosting capacity of extra high voltage AC networks		KU Leuven			P3YTFYG2	8MFCBHGM;A9UTHMW5;ARY3Z23F	internal-impedance;external-impedance;insulation-admittance	library-sweep:2026-09-05	out-of-scope	The title and available text concern a line or cable application; the source does not define a distinct p.u.l. line or cable parameter relation in the indexed families.
zotero:JRCXCWL4	Assessing the cable hosting capacity of extra high voltage AC networks		Hakan Ergun; Dr Willem Leterme			JRCXCWL4	DPT4NB4D	internal-impedance;external-impedance;insulation-admittance	library-sweep:2026-09-05	out-of-scope	The title and available text concern a line or cable application; the source does not define a distinct p.u.l. line or cable parameter relation in the indexed families.
zotero:H9DXJDHX	Calculation Models for Grounding Systems Based on Hybrid Methods		J Meppelink; R Andolfato; D Cuccarollo			H9DXJDHX	STB6V79B	internal-impedance;external-impedance;external-admittance	library-sweep:2026-09-05	out-of-scope	The title and available text concern a grounding or soil-resistivity calculation; the source does not define a distinct p.u.l. line or cable parameter relation in the indexed families.
zotero:225JLX7P	Calculation of Lightning-Induced Voltages on a Large-Scale Distribution Network Using the JMarti Model		Alberto De Conti; Osis E S Leal			225JLX7P	V8C8GAQD	internal-impedance;external-impedance;external-admittance	library-sweep:2026-09-05	out-of-scope	The title and available text concern an interference, coupling, or induced-voltage calculation; the source does not define a distinct p.u.l. line or cable parameter relation in the indexed families.
zotero:5NBIDJA2	CPInter_StudentJan2012 Unlocked					5NBIDJA2	5NBIDJA2	internal-impedance;external-impedance;external-admittance	library-sweep:2026-09-05	application-only	The inspected source applies existing parameter relations to an application outside the indexed formula families; it does not define a distinct p.u.l. formula beyond the indexed records.
zotero:7KBNMZ6Q	EARTH RESISTIVITY MEASUREMENT INTERPRETATION TECHNIQUES		F Dawalibi; C J Blattner			7KBNMZ6Q	3KBJ6A3X	external-impedance	library-sweep:2026-09-05	out-of-scope	The title and available text concern an application outside the indexed formula families; the source does not define a distinct p.u.l. line or cable parameter relation in the indexed families.
zotero:KXX5J5C3	Electromagnetic Stability Simulator		Aleksandra Lekic; Philippe De Rua			KXX5J5C3	CLPEE37Y	internal-impedance;external-impedance;external-admittance	library-sweep:2026-09-05	out-of-scope	The title and available text concern an application outside the indexed formula families; the source does not define a distinct p.u.l. line or cable parameter relation in the indexed families.
zotero:4IV3BDG2	EPSR-D-22-00011_reviewer					4IV3BDG2	4IV3BDG2	internal-impedance;external-impedance;external-admittance	library-sweep:2026-09-05	duplicate	No independent publication or formula is associated with this attachment or container row.
zotero:W3TN6JTU	EPSR-D-22-03621_reviewer					W3TN6JTU	W3TN6JTU	internal-impedance;external-impedance;external-admittance	library-sweep:2026-09-05	duplicate	No independent publication or formula is associated with this attachment or container row.
zotero:HZURLBSS	Etch_Training_LineModels					HZURLBSS	HZURLBSS	internal-impedance;external-impedance;external-admittance	library-sweep:2026-09-05	duplicate	No independent publication or formula is associated with this attachment or container row.
zotero:6PBL73H4	How Far is Far Enough When Performing Soil Resistivity Measurements?	2019-00-00 2019	Josh Brown			6PBL73H4	9QBUHQ77;MW8H269X	external-impedance	library-sweep:2026-09-05	out-of-scope	The title and available text concern a grounding or soil-resistivity calculation; the source does not define a distinct p.u.l. line or cable parameter relation in the indexed families.
zotero:ZFZLSCZB	Impact of the Frequency Dependent Soil Models on the Lightning Performance of Grounding Electrodes		Moein Nazari; Rouzbeh Moini; Simon Fortin; Farid P Dawalibi			ZFZLSCZB	33KDJG3J;QBAYVDB7	external-impedance	library-sweep:2026-09-05	out-of-scope	The title and available text concern a grounding or soil-resistivity calculation; the source does not define a distinct p.u.l. line or cable parameter relation in the indexed families.
zotero:EJVPTDA7	Magnetic Field of Pipe-Type Cables with Consideration of Actual Positions of Sub-Cables	2017-00-00 2017	Nathalie Dawalibi			EJVPTDA7	J9RN2WVM;WZ7VQCRE	internal-impedance;external-impedance	library-sweep:2026-09-05	application-only	The inspected source applies existing parameter relations to a line or cable application; it does not define a distinct p.u.l. formula beyond the indexed records.
zotero:ZP2KXB83	Modal theory of long horizontal wire structures above the earth: 2, Properties of discrete modes	1978-07-00 07/1978	Robert G. Olsen; Edward F. Kuester; David C. Chang	10.1029/RS013i004p00615		ZP2KXB83	W5XQVECA;WF3DSG5R	internal-impedance;external-impedance;external-admittance	library-sweep:2026-09-05	duplicate	The normalized title matches screened ledger row catalogue:C031; this alternate Zotero item or attachment is not counted again.
zotero:WK64Q2RV	New Features in SESeBundle: Finding an Equivalent Hollow Conductor Representing a Bundle of Conductors	2016-00-00 2016	Octavio Ramos			WK64Q2RV	GRG63DX5;PG9TYJKH	internal-impedance	library-sweep:2026-09-05	application-only	The inspected source applies existing parameter relations to a line or cable application; it does not define a distinct p.u.l. formula beyond the indexed records.
zotero:979J6U36	Numerical simulation of substation grounding grids buried in both horizontal and vertical multilayer earth model	2007-03-12 2007-03-12	Zhong‐Xin Li; Jian‐Bin Fan; Wei‐Jiang Chen	10.1002/nme.1853		979J6U36	AE8875AN	external-impedance	library-sweep:2026-09-05	out-of-scope	The title and available text concern a grounding or soil-resistivity calculation; the source does not define a distinct p.u.l. line or cable parameter relation in the indexed families.
zotero:GLA82PRS	O Algoritmo de Sunde					GLA82PRS	GLA82PRS	external-impedance	library-sweep:2026-09-05	application-only	The inspected source applies existing parameter relations to an application outside the indexed formula families; it does not define a distinct p.u.l. formula beyond the indexed records.
zotero:XFVECGU6	PhDThesis_AC_Cable_Modeling					XFVECGU6	XFVECGU6	internal-impedance;external-impedance;external-admittance	library-sweep:2026-09-05	application-only	The inspected source applies existing parameter relations to a line or cable application; it does not define a distinct p.u.l. formula beyond the indexed records.
zotero:666EGEHV	PPGEE3604 – MODELAGEM DE SISTEMAS DE POTÊNCIA		Amauri Martins			666EGEHV	2XPJUG3G;63974STH;8L7W9KWR;ADY6SDEU;CLDNC6RP;DZJP93GT;HUYE4Q2B;JFZD3AGV;PCPC7GAL;V2X5X9UM	internal-impedance;external-impedance;external-admittance	library-sweep:2026-09-05	application-only	The inspected source applies existing parameter relations to an application outside the indexed formula families; it does not define a distinct p.u.l. formula beyond the indexed records.
zotero:EHRMP2AP	Review of Substation Grounding System Behavior Under High Frequency and Transient Faults in Uniform Soil	2020-00-00 2020	Navinesshani Permal; Miszaina Osman; Mohd Zainal Abidin Ab. Kadir; Azrul Mohd Ariffin	10.1109/ACCESS.2020.3013657		EHRMP2AP	PRD9SDN6	internal-impedance;external-impedance;insulation-admittance	library-sweep:2026-09-05	out-of-scope	The title and available text concern a grounding or soil-resistivity calculation; the source does not define a distinct p.u.l. line or cable parameter relation in the indexed families.
zotero:TBWB5R5B	SESResap: A New Soil Resistivity Measurement Editor	2016-00-00 2016	Octavio Ramos			TBWB5R5B	JJW5DQ8B;XQQ2JPQ8	external-impedance	library-sweep:2026-09-05	out-of-scope	The title and available text concern a grounding or soil-resistivity calculation; the source does not define a distinct p.u.l. line or cable parameter relation in the indexed families.
zotero:DUTL2YG2	STEEL CASING OVERHEATING ANALYSIS OF OPERATING POWER PIPE-TYPE CABLES		F P Dawalibi; J Liu; S Fortin; S Tee; Y Yang			DUTL2YG2	GQNW8XF7	internal-impedance	library-sweep:2026-09-05	out-of-scope	The title and available text concern a thermal, loss, or ampacity calculation; the source does not define a distinct p.u.l. line or cable parameter relation in the indexed families.
zotero:YL2XIPNI	Study of influence of buried metallic structures on soil resistivity measurements	1998-04-00 4/1998	J. Ma; F.P. Dawalibi	10.1109/61.660902		YL2XIPNI	UD5FWI56	external-impedance	library-sweep:2026-09-05	out-of-scope	The title and available text concern a grounding or soil-resistivity calculation; the source does not define a distinct p.u.l. line or cable parameter relation in the indexed families.
zotero:P97EEBAP	Transient analysis of soil resistivity influence on lightning generated magnetic field	2013-10-00 10/2013	Francois Grange; Sebastien Journet; Simon Fortin; Farid Paul Dawalibi	10.1109/SIPDA.2013.6850262		P97EEBAP	6IB398CK;PJGJ6SEC	internal-impedance;external-impedance	library-sweep:2026-09-05	out-of-scope	The title and available text concern a grounding or soil-resistivity calculation; the source does not define a distinct p.u.l. line or cable parameter relation in the indexed families.
zotero:9IXRJ7AB	CIGRE technical brochure on lightning parameters for engineering applications	2013-10-00 10/2013	V. A. Rakov; A. Borghetti; C. Bouquegneau; W. A. Chisholm; V. Cooray; K. Cummins; G. Diendorfer; F. Heidler; A. Hussein; M. Ishii; C. A. Nucci; A. Piantini; O. Pinto; X. Qie; F. Rachidi; M. M. F. Saba; T. Shindo; W. Schulz; R. Thottappillil; S. Visacro; W. Zischank	10.1109/SIPDA.2013.6729246		9IXRJ7AB	LQXNPWJH	internal-impedance;external-impedance	library-sweep:2026-09-05	out-of-scope	The title and available text concern a transient, fault, lightning, or harmonic-system calculation; the source does not define a distinct p.u.l. line or cable parameter relation in the indexed families.
zotero:DYT8NTKR	Comparative Analysis of J. Martí and Universal Line Models for Pipeline Coupling Effects	2024-12-12 2024-12-12	Marco Antônio B. Ribeiro; Amauri G. Martins-Britto	10.1109/WCNPS65035.2024.10814571		DYT8NTKR	AFF27KDF	external-impedance;external-admittance	library-sweep:2026-09-05	out-of-scope	The title and available text concern an interference, coupling, or induced-voltage calculation; the source does not define a distinct p.u.l. line or cable parameter relation in the indexed families.
zotero:AKJXPCAN	Determination of current distribution in energized conductors for the computation of electromagnetic fields	1994-04-00 4/1994	A. Selby; F. Dawalibi	10.1109/61.296292		AKJXPCAN	WKDYT8CS	internal-impedance;external-impedance;insulation-admittance	library-sweep:2026-09-05	application-only	The inspected source applies existing parameter relations to a field or modal-propagation calculation; it does not define a distinct p.u.l. formula beyond the indexed records.
zotero:8KATBWSI	High-frequency analysis methods of inter-turn stresses in the windings of electrical machines		Kaoutar Hazim			8KATBWSI	QEINAAFN	internal-impedance;external-admittance;insulation-admittance	library-sweep:2026-09-05	application-only	The inspected source applies existing parameter relations to an application outside the indexed formula families; it does not define a distinct p.u.l. formula beyond the indexed records.
zotero:H8XJD5WY	Improving numerical efficiency of frequency dependent transmission line models for EMT simulations	2026-02-00 02/2026	H.M.Jeewantha De Silva; Yi Zhang	10.1016/j.epsr.2025.112328		H8XJD5WY	D372F64L	external-impedance;external-admittance	library-sweep:2026-09-05	application-only	The inspected source applies existing parameter relations to a line or cable application; it does not define a distinct p.u.l. formula beyond the indexed records.
zotero:92BW85KM	Lightning-Induced Overvoltage Peaks Considering Soil Parameters Frequency-Dependence and Multi-Layer Soils	2023-11-22 2023-11-22	Jaimis S. L. Colqui; Rodolfo A. R. Moura; Marco Aurélio O. Schroeder; José Pissolato Filho	10.1109/INDUSCON58041.2023.10374724		92BW85KM	AQ8A3WTN	external-impedance	library-sweep:2026-09-05	out-of-scope	The title and available text concern a transient, fault, lightning, or harmonic-system calculation; the source does not define a distinct p.u.l. line or cable parameter relation in the indexed families.
zotero:DW2PWNUV	Parameter Estimation of Horizontal Multilayer Earth by Complex Image Method	2005-04-00 04/2005	B. Zhang; X. Cui; L. Li; J. He	10.1109/TPWRD.2004.834673		DW2PWNUV	APUA5RRR	external-impedance	library-sweep:2026-09-05	application-only	The inspected source applies existing parameter relations to an application outside the indexed formula families; it does not define a distinct p.u.l. formula beyond the indexed records.
zotero:FWCC3TAI	Transmission Line Parameters	2024-00-00 2024	Mehdi Rahmani-Andebili; Mehdi Rahmani-Andebili	10.1007/978-3-031-64691-1_5		FWCC3TAI	YJVMLQ5S	internal-impedance	library-sweep:2026-09-05	duplicate	The normalized title matches screened ledger row zotero:3RE7SYPR; this alternate Zotero item or attachment is not counted again.
zotero:2FDCNS25	A Sensitivity Analysis: Changing Various Transmission Line Parameters to Study How They Affect the Electromagnetic Coupling on a Buried Pipeline	2019-00-00 2019	Greg Williams; Adam Heskitt			2FDCNS25	2ZPC5ZEA;I8T7MVIL		library-sweep:2026-09-05	out-of-scope	The title and available text concern an interference, coupling, or induced-voltage calculation; the source does not define a distinct p.u.l. line or cable parameter relation in the indexed families.
zotero:52D4C5VQ	Comprehensive Simulation Method to Enhance the Assessment of Induced Voltage in Buried Pipelines, Resulting from Interaction with High Voltage Alternating Current Transmission Lines	2023-00-00 2023	Néstor Rodríguez; Gustavo  Andres Ramos	10.2139/ssrn.4671145		52D4C5VQ	IR3CNERG	internal-impedance;external-impedance	library-sweep:2026-09-05	out-of-scope	The title and available text concern an interference, coupling, or induced-voltage calculation; the source does not define a distinct p.u.l. line or cable parameter relation in the indexed families.
zotero:DVFCAISQ	Dynamic thermal analysis for underground cables under continuously fluctuant load considering time-varying van wormer coefficient	2021-10-00 10/2021	Pengyu Wang; Longyun Kang; Zhifeng Xu; Wenqing Zhou; Shuzhen Bao; Zhiheng Wu; Yanpeng Hao; Gang Liu	10.1016/j.epsr.2021.107395		DVFCAISQ	N8V3Q55X	external-impedance;insulation-admittance	library-sweep:2026-09-05	out-of-scope	The title and available text concern a thermal, loss, or ampacity calculation; the source does not define a distinct p.u.l. line or cable parameter relation in the indexed families.
zotero:R66RNQSZ	Electric Field of Pipe-Type Cables with Consideration of Actual Positions of Sub-Cables: Validation and Applications	2018-00-00 2018	Yixin Yang; Yexu Li; Marc-André Joyal; Moein Nazari; Simon Fortin			R66RNQSZ	2LWURGZP;3MZKUBXB	internal-impedance	library-sweep:2026-09-05	application-only	The inspected source applies existing parameter relations to a line or cable application; it does not define a distinct p.u.l. formula beyond the indexed records.
zotero:CJNQ48IR	IEC 60287-1-1-2023					CJNQ48IR	CJNQ48IR	internal-impedance;external-impedance;insulation-admittance	library-sweep:2026-09-05	out-of-scope	The title and available text concern an application outside the indexed formula families; the source does not define a distinct p.u.l. line or cable parameter relation in the indexed families.
zotero:Q8AF2QKB	Impact of Volumetric Water Content and Porosity on Transmission Lines Submitted to Energization and Lightning Strikes	2022-11-17 2022-11-17	Taina F. G. Pascoalato; Anderson R. J. De Araujo; Sergio Kurokawa; Jose Pissolato Filho	10.1109/WCNPS56355.2022.9969756		Q8AF2QKB	NS52SQSV	internal-impedance;external-impedance	library-sweep:2026-09-05	out-of-scope	The title and available text concern a transient, fault, lightning, or harmonic-system calculation; the source does not define a distinct p.u.l. line or cable parameter relation in the indexed families.
zotero:THT29SXR	Influence of Current Distribution in Enclosed Underground Power Cables on the Overheating of the Steel Casing Enclosure Sharon Tee, Farid Paul Dawalibi, and Jie Liu					THT29SXR	ZTECAL47	internal-impedance;external-impedance	library-sweep:2026-09-05	out-of-scope	The title and available text concern a thermal, loss, or ampacity calculation; the source does not define a distinct p.u.l. line or cable parameter relation in the indexed families.
zotero:ICW83IVS	Numerical Green's Function of a Point Current Source in Horizontal Multilayer Soils by Utilizing the Vector Matrix Pencil Technique	2004-03-00 03/2004	J. Zou; R. Zeng; J.L. He; J. Guo; Y.Q. Gao; S.M. Chen	10.1109/TMAG.2004.825014		ICW83IVS	5PBS33ZA	external-impedance	library-sweep:2026-09-05	application-only	The inspected source applies existing parameter relations to an application outside the indexed formula families; it does not define a distinct p.u.l. formula beyond the indexed records.
zotero:M32Q6492	On the Exact, Carson and Image Theories for Wires at or Above the Earth's Interface	1983-04-00 04/1983	R. G. Olsen; T. A. Pankaskie	10.1109/MPER.1983.5519089		M32Q6492	UPND6STJ	external-impedance	library-sweep:2026-09-05	duplicate	The normalized title matches screened ledger row catalogue:C038; this alternate Zotero item or attachment is not counted again.
zotero:F6RMMHGE	Parameter analysis on the harmonic amplification for offshore wind power plants: A case study in the Netherlands	2023-07-00 07/2023	F. Barakou; G. Ye; K. Koreman; M. Westbomke; A. Menze	10.1016/j.epsr.2023.109307		F6RMMHGE	S96TIP6A	internal-impedance;external-admittance	library-sweep:2026-09-05	out-of-scope	The title and available text concern a transient, fault, lightning, or harmonic-system calculation; the source does not define a distinct p.u.l. line or cable parameter relation in the indexed families.
zotero:Y3CY9KS2	Specifying Data and Displaying Results for Pipe-Type Cable Models in HIFREQ		Yixin Yang; Simon Fortin			Y3CY9KS2	H8XFBQ6E;WSC8KEK2	internal-impedance	library-sweep:2026-09-05	application-only	The inspected source applies existing parameter relations to a line or cable application; it does not define a distinct p.u.l. formula beyond the indexed records.
zotero:4RIZUQ3R	Excitation of Currents on a Buried Insulated Cable	1978-02-01 1978-02-01	James R. Wait	10.1063/1.324619	Wait1978	4RIZUQ3R	MBLCEZPV;WBF9GHBT	internal-impedance;external-impedance;insulation-impedance	library-sweep:2026-09-05	duplicate	The PDF is the same source as extracted catalogue record C032 and is not counted again.
zotero:UNAUY6MV	H04A9A: Power System Calculations (PSC) - Lesson 3: Parameters of grid elements: lines and cables					UNAUY6MV	UGLQPL58	internal-impedance;external-impedance	library-sweep:2026-09-05	duplicate	No independent publication or formula is associated with this attachment or container row.
zotero:FF6R78MQ	129-Dielectric Design Optimization of Transformer Windings under Fast Front Excitation					FF6R78MQ	FF6R78MQ	internal-impedance;insulation-admittance	library-sweep:2026-09-05	out-of-scope	The title and available text concern an application outside the indexed formula families; the source does not define a distinct p.u.l. line or cable parameter relation in the indexed families.
zotero:8546EUDU	250					8546EUDU	8546EUDU	external-impedance;external-admittance	library-sweep:2026-09-05	duplicate	No independent publication or formula is associated with this attachment or container row.
zotero:TPG3BAFR	38-Discrete-Time Fourier Series to Simulate Transient Overvoltages in Power Systems					TPG3BAFR	TPG3BAFR	external-impedance;external-admittance	library-sweep:2026-09-05	out-of-scope	The title and available text concern a transient, fault, lightning, or harmonic-system calculation; the source does not define a distinct p.u.l. line or cable parameter relation in the indexed families.
zotero:SGQ8Y8X6	963					SGQ8Y8X6	SGQ8Y8X6	internal-impedance;external-impedance;insulation-admittance	library-sweep:2026-09-05	duplicate	No independent publication or formula is associated with this attachment or container row.
zotero:2ACCPDPX	A Simple AC Total Interference Mitigation Study Using SES Software					2ACCPDPX	2ACCPDPX	external-impedance;external-admittance	library-sweep:2026-09-05	out-of-scope	The title and available text concern an interference, coupling, or induced-voltage calculation; the source does not define a distinct p.u.l. line or cable parameter relation in the indexed families.
zotero:VKEJNR4J	BELO HORIZONTE DEZEMBRO – 2019		Alberto Resende De Conti			VKEJNR4J	BLYHIN5M	external-impedance;external-admittance	library-sweep:2026-09-05	application-only	The inspected source applies existing parameter relations to an application outside the indexed formula families; it does not define a distinct p.u.l. formula beyond the indexed records.
zotero:3H3IQ6DI	Comprehensive Approach to Improve Backflashover Rate in Overhead Transmission Lines Using Top and Multiple Underbuilt Wires		J E Guevara Asorza; J S Leon Colqui; J Pissolato Filho			3H3IQ6DI	3786MABT	external-impedance;external-admittance	library-sweep:2026-09-05	out-of-scope	The title and available text concern a line or cable application; the source does not define a distinct p.u.l. line or cable parameter relation in the indexed families.
zotero:3UQE2ULR	Comprehensive transient analysis on control system in a photovoltaic power plant under lightning strike	2022-02-00 02/2022	Emre Demirel; Gülşah Karaca Dolgun; Ali Keçebaş	10.1016/j.solener.2022.01.037		3UQE2ULR	CS6SEX6L	external-impedance;external-admittance	library-sweep:2026-09-05	out-of-scope	The title and available text concern a transient, fault, lightning, or harmonic-system calculation; the source does not define a distinct p.u.l. line or cable parameter relation in the indexed families.
zotero:THYDVWKF	CORRELATION BETWEEN WORST CASE SAFETY CONDITIONS AND SOIL RESISTIVITY UNDER POWER SYSTEM FAULT CONDITIONS		J Ma; F P Dawalibi			THYDVWKF	BKZC3PGG	external-impedance	library-sweep:2026-09-05	out-of-scope	The title and available text concern a grounding or soil-resistivity calculation; the source does not define a distinct p.u.l. line or cable parameter relation in the indexed families.
zotero:XN9X8632	COUPLING OF TRANSIENTS IN HVDC LINES TO ADJACENT HVAC LINES AND ITS IMPACT ON THE AC LINE PROTECTION		Tõnn Arro; Owen Silavwe			XN9X8632	7TXGDTQG	external-impedance;external-admittance	library-sweep:2026-09-05	out-of-scope	The title and available text concern an interference, coupling, or induced-voltage calculation; the source does not define a distinct p.u.l. line or cable parameter relation in the indexed families.
zotero:DZJSWXWJ	Effect of DC grounding electrode currents on the corrosion interference behavior of cathodic protection of nearby pipelines	2024-02-01 2024-02-01	Xiao Chen; Lin Li; Boyang Zhang; Hengfeng Li; Lunuo Zhao; Yixi Zhou; Weiting Wu	10.1088/1361-6501/ad0aff		DZJSWXWJ	3WTR9NIG	internal-impedance;external-impedance	library-sweep:2026-09-05	out-of-scope	The title and available text concern an interference, coupling, or induced-voltage calculation; the source does not define a distinct p.u.l. line or cable parameter relation in the indexed families.
zotero:DPHQFR58	EPSR-D-24-05658_R1_reviewer					DPHQFR58	DPHQFR58	external-impedance;external-admittance	library-sweep:2026-09-05	duplicate	No independent publication or formula is associated with this attachment or container row.
zotero:CQDX7M8E	EPSR-D-24-05658_reviewer					CQDX7M8E	CQDX7M8E	external-impedance;external-admittance	library-sweep:2026-09-05	duplicate	No independent publication or formula is associated with this attachment or container row.
zotero:67VUTNFS	EPSR-D-24-06326					67VUTNFS	67VUTNFS	external-impedance;external-admittance	library-sweep:2026-09-05	application-only	The inspected source applies existing parameter relations to an application outside the indexed formula families; it does not define a distinct p.u.l. formula beyond the indexed records.
zotero:E25Z833N	EPSR-D-24-06326_R1					E25Z833N	E25Z833N	external-impedance;external-admittance	library-sweep:2026-09-05	application-only	The inspected source applies existing parameter relations to an application outside the indexed formula families; it does not define a distinct p.u.l. formula beyond the indexed records.
zotero:GSRSP2ZU	EPSR-D-25-00118R1					GSRSP2ZU	GSRSP2ZU	external-impedance;external-admittance	library-sweep:2026-09-05	application-only	The inspected source applies existing parameter relations to an application outside the indexed formula families; it does not define a distinct p.u.l. formula beyond the indexed records.
zotero:LSW95B65	Frequency-dependent modeling of three-phase power cables for electromagnetic transient simulations	2024-06-00 06/2024	Caio G. Morata; Felipe Proença De Albuquerque; Pablo Torrez Caballero; Eduardo Coelho Marques Da Costa; Ademir Pelizari	10.1016/j.ijepes.2024.109792		LSW95B65	MT2LSGUK	internal-impedance;external-impedance	library-sweep:2026-09-05	application-only	The inspected source applies existing parameter relations to a transient, fault, lightning, or harmonic-system calculation; it does not define a distinct p.u.l. formula beyond the indexed records.
zotero:IE2H3Y5M	Lightning Overvoltages in Windfarm considering Surge Characteristics of Grounding Resistance		S Sekioka; K Yamamoto; T Funabashi			IE2H3Y5M	8ZGJUUFQ	external-impedance;external-admittance	library-sweep:2026-09-05	out-of-scope	The title and available text concern a grounding or soil-resistivity calculation; the source does not define a distinct p.u.l. line or cable parameter relation in the indexed families.
zotero:G6ZGTNL9	Optimisation of reactive power compensation of HVAC cable in off‐shore wind power plant	2015-09-00 09/2015	Zhu Guiping; Dui Xiaowei; Zhang Chen	10.1049/iet-rpg.2014.0375		G6ZGTNL9	IPNLGGQK	internal-impedance;external-impedance	library-sweep:2026-09-05	out-of-scope	The title and available text concern a line or cable application; the source does not define a distinct p.u.l. line or cable parameter relation in the indexed families.
zotero:RY2XAIZ6	Transmission Line Conductor Design Comes of Age		Art J Peterson Jr; Sven Hoffmann			RY2XAIZ6	Y94DNTM3	external-impedance;external-admittance	library-sweep:2026-09-05	application-only	The inspected source applies existing parameter relations to a line or cable application; it does not define a distinct p.u.l. formula beyond the indexed records.
zotero:G3L49UVH	(2005 CIGRE) 283 Special bonding of high voltage power cables					G3L49UVH	G3L49UVH	internal-impedance;external-impedance	library-sweep:2026-09-05	application-only	The inspected source applies existing parameter relations to a line or cable application; it does not define a distinct p.u.l. formula beyond the indexed records.
zotero:RJECS52I	(2008 CIGRE) 347 Earth Potential Rises in Specially Bonded Screen Systems					RJECS52I	RJECS52I	internal-impedance;external-impedance	library-sweep:2026-09-05	application-only	The inspected source applies existing parameter relations to an application outside the indexed formula families; it does not define a distinct p.u.l. formula beyond the indexed records.
zotero:PNIYSFJD	1. Soil Resistivity Testing					PNIYSFJD	KJ4AC3CX	external-impedance	library-sweep:2026-09-05	out-of-scope	The title and available text concern a grounding or soil-resistivity calculation; the source does not define a distinct p.u.l. line or cable parameter relation in the indexed families.
zotero:E66UDDYB	4e72630da1968e6c3ccee1c8cf78710103baab56feb6b8fd1770e6de97f0b04a					E66UDDYB	E66UDDYB	internal-impedance;external-impedance	library-sweep:2026-09-05	duplicate	No independent publication or formula is associated with this attachment or container row.
zotero:BAAALSTL	68-An Investigation of Harmonic Induced Voltages on Medium-Voltage Cable Sheaths and Nearby Pipelines					BAAALSTL	BAAALSTL	internal-impedance;external-impedance	library-sweep:2026-09-05	duplicate	The normalized title matches screened ledger row zotero:3Z74VDJD; this alternate Zotero item or attachment is not counted again.
zotero:A5IT43IG	AC interference from a faulty power line on nearby buried pipelines: influence of the surface layer soil	2020-03-00 03/2020	Giovanni Lucca	10.1049/iet-smt.2019.0133		A5IT43IG	VDXTPFWE	internal-impedance;external-impedance	library-sweep:2026-09-05	out-of-scope	The title and available text concern an interference, coupling, or induced-voltage calculation; the source does not define a distinct p.u.l. line or cable parameter relation in the indexed families.
zotero:QHCUZ44A	Brief UGMTableofContents					QHCUZ44A	QHCUZ44A	internal-impedance;external-impedance	library-sweep:2026-09-05	duplicate	No independent publication or formula is associated with this attachment or container row.
zotero:PCHKL77S	ConferenceProceedings2013					PCHKL77S	PCHKL77S	internal-impedance;external-impedance	library-sweep:2026-09-05	duplicate	No independent publication or formula is associated with this attachment or container row.
zotero:FI9RTK4W	EPSR-D-21-03408_reviewer					FI9RTK4W	FI9RTK4W	internal-impedance;external-impedance	library-sweep:2026-09-05	duplicate	No independent publication or formula is associated with this attachment or container row.
zotero:9XE2R6MA	EPSR-D-24-06474R2					9XE2R6MA	9XE2R6MA	internal-impedance;external-impedance	library-sweep:2026-09-05	application-only	The inspected source applies existing parameter relations to an application outside the indexed formula families; it does not define a distinct p.u.l. formula beyond the indexed records.
zotero:DH3WCR2R	EPSR-D-25-00115_reviewer					DH3WCR2R	DH3WCR2R	internal-impedance;external-impedance	library-sweep:2026-09-05	duplicate	No independent publication or formula is associated with this attachment or container row.
zotero:E29SRX86	EPSR-S-25-09086					E29SRX86	E29SRX86	internal-impedance;external-impedance	library-sweep:2026-09-05	application-only	The inspected source applies existing parameter relations to an application outside the indexed formula families; it does not define a distinct p.u.l. formula beyond the indexed records.
zotero:743L7UP7	Equivalent Inductive and Conductive Models of Rail Ballast Resistance in Electromagnetic Interference Studies DAWALIBI, Farid Paul MA, Jinxi LIU, Jie					743L7UP7	SBSKJUG7	internal-impedance;external-impedance	library-sweep:2026-09-05	out-of-scope	The title and available text concern an interference, coupling, or induced-voltage calculation; the source does not define a distinct p.u.l. line or cable parameter relation in the indexed families.
zotero:PQAIFTRA	High voltage AC underground cable systems for power transmission – A review of the Danish experience, part 1	2016-11-00 11/2016	Claus Leth Bak; F. Faria Da Silva	10.1016/j.epsr.2016.05.034		PQAIFTRA	XFWZBYNC	internal-impedance	library-sweep:2026-09-05	application-only	The inspected source applies existing parameter relations to a line or cable application; it does not define a distinct p.u.l. formula beyond the indexed records.
zotero:I68DV3BT	High Voltage AC underground cable systems for power transmission – A review of the Danish experience: Part 2	2016-11-00 11/2016	Claus Leth Bak; F. Faria Da Silva	10.1016/j.epsr.2016.05.035		I68DV3BT	75GFXISH	external-impedance	library-sweep:2026-09-05	application-only	The inspected source applies existing parameter relations to a line or cable application; it does not define a distinct p.u.l. formula beyond the indexed records.
zotero:LCMYTEGG	IEEE Std 738™-2012 (Revision of IEEE Std 738-2006/Incorporates IEEE Std 738-2012/Cor 1-2013), IEEE Standard for Calculating the Current-Temperature Relationship of Bare Overhead Conductors					LCMYTEGG	WG3BKCCZ	internal-impedance	library-sweep:2026-09-05	out-of-scope	The title and available text concern a thermal, loss, or ampacity calculation; the source does not define a distinct p.u.l. line or cable parameter relation in the indexed families.
zotero:D9N9SQRY	Implementing Hybrid Electromagnetic Models in Time-Domain Simulations		A C S Lima; R A R Moura; P H N Viera			D9N9SQRY	E4RTPP6P	internal-impedance;external-impedance	library-sweep:2026-09-05	application-only	The inspected source applies existing parameter relations to an application outside the indexed formula families; it does not define a distinct p.u.l. formula beyond the indexed records.
zotero:GK2KC9HI	Improvements in SES Software	2019-00-00 2019				GK2KC9HI	BQGMZV2J;IK9GUTVK	internal-impedance;external-impedance	library-sweep:2026-09-05	duplicate	The normalized title matches screened ledger row zotero:BI6JHUUH; this alternate Zotero item or attachment is not counted again.
zotero:43MM3XFZ	JPCFI_PSCC_2025					43MM3XFZ	43MM3XFZ	internal-impedance;external-impedance	library-sweep:2026-09-05	application-only	The inspected source applies existing parameter relations to an application outside the indexed formula families; it does not define a distinct p.u.l. formula beyond the indexed records.
zotero:P6B8K22S	Network modelling for harmonic studies					P6B8K22S	6UG4NGIU	internal-impedance;external-impedance	library-sweep:2026-09-05	application-only	The inspected source applies existing parameter relations to a transient, fault, lightning, or harmonic-system calculation; it does not define a distinct p.u.l. formula beyond the indexed records.
zotero:IRH8KINH	New Features in Right-of-Way Pro	2016-00-00 2016	Octavio Ramos			IRH8KINH	7P3CI56P;II8E7EWP	internal-impedance;external-impedance	library-sweep:2026-09-05	application-only	The inspected source applies existing parameter relations to an interference, coupling, or induced-voltage calculation; it does not define a distinct p.u.l. formula beyond the indexed records.
zotero:MEL7GCHK	On the validity of the thin wire approximation in analysis of wave propagation along a wire over a ground	1977-09-00 09/1977	R. J. Pogorzelski; D. C. Chang	10.1029/RS012i005p00699		MEL7GCHK	43Y3ZRKC;AX6URT5L	internal-impedance	library-sweep:2026-09-05	duplicate	The normalized title matches screened ledger row catalogue:C025; this alternate Zotero item or attachment is not counted again.
zotero:X7QRYC93	paper_HomogeneousApprox_ResponseRev1					X7QRYC93	X7QRYC93	internal-impedance;external-impedance	library-sweep:2026-09-05	duplicate	No independent publication or formula is associated with this attachment or container row.
zotero:N575FHWC	PaperCompletoIPST05					N575FHWC	N575FHWC	internal-impedance;external-impedance	library-sweep:2026-09-05	application-only	The inspected source applies existing parameter relations to an application outside the indexed formula families; it does not define a distinct p.u.l. formula beyond the indexed records.
zotero:FN7786R9	R. ATMURI CA B. BISEWSKI CA F. CATTAN BR J. COADY CA A. GANGADHARAN IN K. KENT CA K.L. KOO UK M. LIMA BR T. MAGG ZA T. MANNA US N. RAMAITE ZA M. REYNOLDS US K. WALKER CA M. WEILAND DE		N Shore; G O’Heidhin; R Atmuri; B Bisewski; F Cattan; J Coady; A Gangadharan; K Kent; K L Koo; M Lima; T Magg; T Manna; N Ramaite; M Reynolds; K Walker; M Weiland; S Hammer; R Juhlin; M Kandic; C Karlsson; M Linares; P Riedel; K Roggenkamp; E Starschich			FN7786R9	E2BSS73R	internal-impedance;external-impedance	library-sweep:2026-09-05	application-only	The inspected source applies existing parameter relations to an application outside the indexed formula families; it does not define a distinct p.u.l. formula beyond the indexed records.
zotero:J37BCHVN	ROWCAD and ROW improvements	2017-00-00 2017	Nathalie Dawalibi			J37BCHVN	3M8ZNFET;TAXJHRM8	internal-impedance;external-impedance	library-sweep:2026-09-05	application-only	The inspected source applies existing parameter relations to an application outside the indexed formula families; it does not define a distinct p.u.l. formula beyond the indexed records.
zotero:FD7ZCMXN	SAFE ENGINEERING SERVICES LTD.		F Dawalibi			FD7ZCMXN	HIINZVA8	internal-impedance;external-impedance	library-sweep:2026-09-05	application-only	The inspected source applies existing parameter relations to an application outside the indexed formula families; it does not define a distinct p.u.l. formula beyond the indexed records.
zotero:ZFP33TTY	SD 48-2005- TB 283 - Special bonding of high voltage power cables					ZFP33TTY	ZFP33TTY	internal-impedance;external-impedance	library-sweep:2026-09-05	application-only	The inspected source applies existing parameter relations to a line or cable application; it does not define a distinct p.u.l. formula beyond the indexed records.
zotero:HM3R8NZM	SMT-2022-03-0032.R1_Proof_hi					HM3R8NZM	HM3R8NZM	internal-impedance;external-impedance	library-sweep:2026-09-05	duplicate	No independent publication or formula is associated with this attachment or container row.
zotero:5BAQPGQD	Soil Resistivity Data Computations; Single and Two - Layer Soil Resistivity Structure and Its Implication on Earthing Design	2013-00-00 2013	M Nassereddine; J Rizk; G Nasserddine			5BAQPGQD	NVPAXWRW	external-impedance	library-sweep:2026-09-05	out-of-scope	The title and available text concern a grounding or soil-resistivity calculation; the source does not define a distinct p.u.l. line or cable parameter relation in the indexed families.
zotero:WHNSNDBV	Studies in Overhead Wire--Goubau Line Above Ground	1977-02-00 02/1977	J. Chiba	10.1109/TMTT.1977.1129046		WHNSNDBV	QQRMENED	external-impedance	library-sweep:2026-09-05	duplicate	The normalized title matches screened ledger row catalogue:C027; this alternate Zotero item or attachment is not counted again.
zotero:QEC5PXIZ	Theory of Wave Propagation Along a Thin Wire Parallel to An Interface	1972-06-00 06/1972	James R. Wait	10.1029/RS007i006p00675		QEC5PXIZ	XQLNS5B9	external-impedance	library-sweep:2026-09-05	duplicate	The normalized title matches screened ledger row catalogue:C018; this alternate Zotero item or attachment is not counted again.
zotero:AJTB4KRN	Transient Overvoltage on a Bipolar HVDC Overhead Line Caused by DC Line Faults	1970-04-00 04/1970	Narain Hingorani	10.1109/TPAS.1970.292606		AJTB4KRN	GFTAV65A	external-impedance	library-sweep:2026-09-05	out-of-scope	The title and available text concern a transient, fault, lightning, or harmonic-system calculation; the source does not define a distinct p.u.l. line or cable parameter relation in the indexed families.
zotero:HX5296LG	Allen Taflove, Susan C. Hagness - Computational Electrodynamics_ The Finite-Difference Time-Domain Method, Third Edition (2005, ARTECH HOUSE, INC.)					HX5296LG	HX5296LG	internal-impedance;insulation-admittance	library-sweep:2026-09-05	application-only	The inspected source applies existing parameter relations to an application outside the indexed formula families; it does not define a distinct p.u.l. formula beyond the indexed records.
zotero:55C2ERBP	Analysis of Grounding Systems in Horizontal Multilayer Soils Containing Finite Heterogeneities	2015-11-00 11/2015	Simon Fortin; Nina Mitskevitch; Farid P. Dawalibi	10.1109/TIA.2015.2409793		55C2ERBP	B2MW7FSZ;GBGYQ438	external-impedance	library-sweep:2026-09-05	out-of-scope	The title and available text concern a grounding or soil-resistivity calculation; the source does not define a distinct p.u.l. line or cable parameter relation in the indexed families.
zotero:T9PIUA4L	Analysis of Soil Resistivity					T9PIUA4L	T9PIUA4L	external-impedance	library-sweep:2026-09-05	out-of-scope	The title and available text concern a grounding or soil-resistivity calculation; the source does not define a distinct p.u.l. line or cable parameter relation in the indexed families.
zotero:HISIWSW9	Attenuation of Traveling Waves in HVDC Cable Lines	2024-06-17 2024-6-17	Luigi Colla; Davide Castelli	10.1109/EEEIC/ICPSEurope61470.2024.10751164		HISIWSW9	5Y62D7Q2	external-impedance;insulation-admittance	library-sweep:2026-09-05	application-only	The inspected source applies existing parameter relations to a line or cable application; it does not define a distinct p.u.l. formula beyond the indexed records.
zotero:Z5SR5HI7	Behaviour of grounding systems in multilayer soils: a parametric analysis	1994-01-00 Jan./1994	F.P. Dawalibi; J. Ma; R.D. Southey	10.1109/61.277704		Z5SR5HI7	ZRLFU6SW	external-impedance	library-sweep:2026-09-05	out-of-scope	The title and available text concern a grounding or soil-resistivity calculation; the source does not define a distinct p.u.l. line or cable parameter relation in the indexed families.
zotero:MA7LG3LK	Calculation of Lightning Electromagnetic Fields Above a Lossy Ground for Statistical Appraisal of Induced Overvoltages		F Tossani; F Napolitano; A Borghetti; C A Nucci			MA7LG3LK	GPN4J392	external-impedance	library-sweep:2026-09-05	out-of-scope	The title and available text concern a transient, fault, lightning, or harmonic-system calculation; the source does not define a distinct p.u.l. line or cable parameter relation in the indexed families.
zotero:RN3Z9UVE	Combined Effect of electric and magnetic fields of HV transmission lines on metallic pipelines					RN3Z9UVE	RN3Z9UVE	external-impedance;external-admittance	library-sweep:2026-09-05	out-of-scope	The title and available text concern an interference, coupling, or induced-voltage calculation; the source does not define a distinct p.u.l. line or cable parameter relation in the indexed families.
zotero:BFPXZ4XN	Design Analysis and Evaluation of a W-Element Model for a Twisted-Pair Cable	2020-00-00 2020	Mohammad Zarei; Amin Khalilzadegan; Khayrollah Hadidi	10.1109/ACCESS.2020.3032065		BFPXZ4XN	BH9J9WDX	internal-impedance;insulation-admittance	library-sweep:2026-09-05	application-only	The inspected source applies existing parameter relations to a line or cable application; it does not define a distinct p.u.l. formula beyond the indexed records.
zotero:Y6J4MVHV	Electrical Power Cable Engineering		William A Thue			Y6J4MVHV	YC9Z3YZU	internal-impedance;insulation-admittance	library-sweep:2026-09-05	application-only	The inspected source applies existing parameter relations to a line or cable application; it does not define a distinct p.u.l. formula beyond the indexed records.
zotero:E32R5IFB	Electromagnetic Wave Propagation Along a Buried Insulated Wire	1972-10-15 1972-10-15	James R. Wait	10.1139/p72-319	Wait1972b	E32R5IFB	UM739A92	external-impedance;external-admittance	library-sweep:2026-09-05	duplicate	The normalized title matches screened ledger row catalogue:C019; this alternate Zotero item or attachment is not counted again.
zotero:235JEJIL	EPSR-S-20-03485					235JEJIL	235JEJIL	external-impedance;external-admittance	library-sweep:2026-09-05	application-only	The inspected source applies existing parameter relations to an application outside the indexed formula families; it does not define a distinct p.u.l. formula beyond the indexed records.
zotero:DPGJ4K2J	Evaluating hazards of lightning strike on stationary vehicles under overhead lines	2017-10-00 10/2017	Moein Nazari; Ali Aghabarati; Rouzbeh Moini; Simon Fortin; Yexu Li; Farid Paul Dawalibi	10.1109/EMC-B.2017.8260442		DPGJ4K2J	NHJWB8SA;XVE93Q9N	external-impedance	library-sweep:2026-09-05	out-of-scope	The title and available text concern a transient, fault, lightning, or harmonic-system calculation; the source does not define a distinct p.u.l. line or cable parameter relation in the indexed families.
zotero:KRGBIQ4J	Glover_Power.System.Analysis.Design.5E-Solutions					KRGBIQ4J	KRGBIQ4J	internal-impedance;external-admittance	library-sweep:2026-09-05	application-only	The inspected source applies existing parameter relations to an application outside the indexed formula families; it does not define a distinct p.u.l. formula beyond the indexed records.
zotero:43XR9RUB	Grounding Performance under Lightning Surges in High Voltage Substations		Vegard Steinsland			43XR9RUB	P5SKYFDB	external-impedance;external-admittance	library-sweep:2026-09-05	out-of-scope	The title and available text concern a grounding or soil-resistivity calculation; the source does not define a distinct p.u.l. line or cable parameter relation in the indexed families.
zotero:X7Q82S8B	Inclusion of information regarding deep layer soil from remote long traverses to improve deep soil resistivity estimates	2016-00-00 2016	Octavio Ramos			X7Q82S8B	8U97YDHN;ZZCQK844	external-impedance	library-sweep:2026-09-05	out-of-scope	The title and available text concern a grounding or soil-resistivity calculation; the source does not define a distinct p.u.l. line or cable parameter relation in the indexed families.
zotero:22NPGF27	Investigations on Tower Footing Impedance with Regards to Frequency Dependence		F Grange; I Tannemaat; A Sellier; S Fortin			22NPGF27	3FVJS4TA;IARPWASX	external-impedance	library-sweep:2026-09-05	out-of-scope	The title and available text concern an application outside the indexed formula families; the source does not define a distinct p.u.l. line or cable parameter relation in the indexed families.
zotero:NW225B9B	Modeling and Mitigation Design Considerations for AC Interference Studies in Low Soil Resistivity	2017-00-00 2017	Nathalie Dawalibi			NW225B9B	CYQCVVRQ;GLWAXI65	external-impedance	library-sweep:2026-09-05	out-of-scope	The title and available text concern an interference, coupling, or induced-voltage calculation; the source does not define a distinct p.u.l. line or cable parameter relation in the indexed families.
zotero:JHXDJQK9	multilayer					JHXDJQK9	JHXDJQK9	external-impedance;external-admittance	library-sweep:2026-09-05	application-only	The inspected source applies existing parameter relations to an application outside the indexed formula families; it does not define a distinct p.u.l. formula beyond the indexed records.
zotero:LBTJ8A4N	NBN EN ISO 21857_2021_en					LBTJ8A4N	LBTJ8A4N	external-impedance;insulation-admittance	library-sweep:2026-09-05	out-of-scope	The title and available text concern an application outside the indexed formula families; the source does not define a distinct p.u.l. line or cable parameter relation in the indexed families.
zotero:CUNYTSX4	On the equivalence of uniform and two-layer soils to multilayer soils in the analysis of grounding systems	1996-00-00 1996	J. Ma; F.P. Dawalibi; R.D. Southey	10.1049/ip-gtd:19960056		CUNYTSX4	VKSSJW52	external-impedance	library-sweep:2026-09-05	out-of-scope	The title and available text concern a grounding or soil-resistivity calculation; the source does not define a distinct p.u.l. line or cable parameter relation in the indexed families.
zotero:GXRG8M24	Optimization of Grounding Grids Design with Evolutionary Strategies		Univeristät Duisburg-Essen			GXRG8M24	SFA5QFWK	external-impedance;external-admittance	library-sweep:2026-09-05	out-of-scope	The title and available text concern a grounding or soil-resistivity calculation; the source does not define a distinct p.u.l. line or cable parameter relation in the indexed families.
zotero:6WIWTZ2W	Power_System_Analysis_Hadi_Saadat_Solution_manual					6WIWTZ2W	6WIWTZ2W	internal-impedance;external-admittance	library-sweep:2026-09-05	duplicate	No independent publication or formula is associated with this attachment or container row.
zotero:BDW37QT8	Pozar, David M - Microwave engineering-Wiley (2012)					BDW37QT8	BDW37QT8	internal-impedance;insulation-admittance	library-sweep:2026-09-05	application-only	The inspected source applies existing parameter relations to an application outside the indexed formula families; it does not define a distinct p.u.l. formula beyond the indexed records.
zotero:8JJX4TRF	Practical Advice for Electrical Soil Resistivity Testing via the Wenner Method	2017-00-00 2017	Nathalie Dawalibi			8JJX4TRF	KTL3FK6C;V39KA49A	external-impedance	library-sweep:2026-09-05	out-of-scope	The title and available text concern a grounding or soil-resistivity calculation; the source does not define a distinct p.u.l. line or cable parameter relation in the indexed families.
zotero:IS8TJC4G	Report_Amauri_TestY-6					IS8TJC4G	IS8TJC4G	external-impedance;external-admittance	library-sweep:2026-09-05	application-only	The inspected source applies existing parameter relations to an application outside the indexed formula families; it does not define a distinct p.u.l. formula beyond the indexed records.
zotero:N8D9B4BT	S. J. Orfanidis - Electromagnetic Waves & Antennas					N8D9B4BT	N8D9B4BT	internal-impedance;external-impedance;insulation-admittance	library-sweep:2026-09-05	application-only	The inspected source applies existing parameter relations to a field or modal-propagation calculation; it does not define a distinct p.u.l. formula beyond the indexed records.
zotero:KGNIUIZY	Seasonal Soil Resistivity Variations at Power Substations Located in Warm Regions		Sheng Wei; Simon Fortin; Farid Dawalibi			KGNIUIZY	6KNJZQH9;MSQD6EWV	external-impedance	library-sweep:2026-09-05	out-of-scope	The title and available text concern a grounding or soil-resistivity calculation; the source does not define a distinct p.u.l. line or cable parameter relation in the indexed families.
zotero:GIU4HCSD	Simplified Versus Detailed Analytical Modelling of Signal Cables in Submarine Umbilicals		Anny A Santos; Pedro H N Vieira; Antonio C S Lima			GIU4HCSD	KAG4NY4L	internal-impedance;external-admittance	library-sweep:2026-09-05	application-only	The inspected source applies existing parameter relations to a line or cable application; it does not define a distinct p.u.l. formula beyond the indexed records.
zotero:8WGU4GD3	The Simulated Annealing Method Applied to the Soil Resistivity Analysis Inverse Problem	2017-00-00 2017	Nathalie Dawalibi			8WGU4GD3	538VJB77;KR9YQ8R8	external-impedance	library-sweep:2026-09-05	out-of-scope	The title and available text concern a grounding or soil-resistivity calculation; the source does not define a distinct p.u.l. line or cable parameter relation in the indexed families.
zotero:BVMYREXA	Transient electromagnetic interferences between a power line and a pipeline due to a lightning discharge: An EMTP-based approach	2021-08-00 08/2021	Amauri G. Martins-Britto; Caio M. Moraes; Felipe V. Lopes	10.1016/j.epsr.2021.107321		BVMYREXA	5GNIQ8F4;8T2BEYR5;BQT4A2G3;M2DCHJJ6;NGFXXEZP;UDVMRV22;VNA5335W	external-impedance;external-admittance	library-sweep:2026-09-05	out-of-scope	The title and available text concern an interference, coupling, or induced-voltage calculation; the source does not define a distinct p.u.l. line or cable parameter relation in the indexed families.
zotero:STQLR8IG	WavePropagationThinWire					STQLR8IG	STQLR8IG	external-impedance;external-admittance	library-sweep:2026-09-05	application-only	The inspected source applies existing parameter relations to an application outside the indexed formula families; it does not define a distinct p.u.l. formula beyond the indexed records.
zotero:DWWVXACJ	Wideband EMT-Compatible Model for Grounding Electrodes Buried in Frequency Dependent Soil		B Salarieh			DWWVXACJ	XJYIAFQQ	external-impedance	library-sweep:2026-09-05	out-of-scope	The title and available text concern a grounding or soil-resistivity calculation; the source does not define a distinct p.u.l. line or cable parameter relation in the indexed families.
zotero:C25E82QY	1.ATP-EMTP-Cable-modelling-Webinar_Final					C25E82QY	C25E82QY	internal-impedance;external-impedance	library-sweep:2026-09-05	application-only	The inspected source applies existing parameter relations to a line or cable application; it does not define a distinct p.u.l. formula beyond the indexed records.
zotero:Q5I4WH6A	8275de20eaab88b03220dc2614eef9556b93bd88f6974354ed6668200f0f0ee3					Q5I4WH6A	Q5I4WH6A	internal-impedance;external-impedance	library-sweep:2026-09-05	duplicate	No independent publication or formula is associated with this attachment or container row.
zotero:P8U4YWVD	Aerial and grounding system analysis by the shifting complex images method	2000-07-00 7/2000	R. Andolfato; L. Bernardi; L. Fellin	10.1109/61.871366		P8U4YWVD	I543WEWA	internal-impedance;external-impedance	library-sweep:2026-09-05	out-of-scope	The title and available text concern a grounding or soil-resistivity calculation; the source does not define a distinct p.u.l. line or cable parameter relation in the indexed families.
zotero:UDTRXBBG	Can a Grounding Grid Impedance Be Capacitive at Power Frequencies?	2016-00-00 2016	Octavio Ramos			UDTRXBBG	TVLESL2H;Z7SV4PHZ	external-impedance	library-sweep:2026-09-05	out-of-scope	The title and available text concern a grounding or soil-resistivity calculation; the source does not define a distinct p.u.l. line or cable parameter relation in the indexed families.
zotero:F2KUXUAG	Dissertação_de_Mestrado_PPGEE_UnB___JPCFI (2)					F2KUXUAG	F2KUXUAG	internal-impedance;external-impedance	library-sweep:2026-09-05	application-only	The inspected source applies existing parameter relations to an application outside the indexed formula families; it does not define a distinct p.u.l. formula beyond the indexed records.
zotero:AK5NH48C	Dr. A. Haddad, Doug Warne - Advances in High Voltage Engineering (2009)					AK5NH48C	AK5NH48C	internal-impedance;external-impedance	library-sweep:2026-09-05	application-only	The inspected source applies existing parameter relations to an application outside the indexed formula families; it does not define a distinct p.u.l. formula beyond the indexed records.
zotero:83Q9NCLX	Electromagnetic Interference Caused by Iraqi 400kV Transmission Lines on Buried Oil Pipelines	2010-12-01 2010-12-01	Suad I. Shahl	10.30684/etj.28.24.9		83Q9NCLX	IICSP34S	internal-impedance;external-impedance	library-sweep:2026-09-05	out-of-scope	The title and available text concern an interference, coupling, or induced-voltage calculation; the source does not define a distinct p.u.l. line or cable parameter relation in the indexed families.
zotero:AGV6LL57	Etch_Training_TransmissionLineTheory					AGV6LL57	AGV6LL57	internal-impedance;external-impedance	library-sweep:2026-09-05	duplicate	No independent publication or formula is associated with this attachment or container row.
zotero:QKB6F94U	HVDC Electrode Temperature Rise Calculation in SESAmpacity	2021-00-00 2021	Jie Liu; Stéphane Baron; Baki Cetindag; Farid P Dawalibi			QKB6F94U	5KFV6UCY;JJMJ9N5W	internal-impedance;external-impedance	library-sweep:2026-09-05	out-of-scope	The title and available text concern a thermal, loss, or ampacity calculation; the source does not define a distinct p.u.l. line or cable parameter relation in the indexed families.
zotero:TVFBU8RX	IEEE_A1					TVFBU8RX	TVFBU8RX	internal-impedance;external-impedance	library-sweep:2026-09-05	application-only	The inspected source applies existing parameter relations to an application outside the indexed formula families; it does not define a distinct p.u.l. formula beyond the indexed records.
zotero:ABY6VZHT	Improvements in FCDIST	2019-00-00 2019	Farid P Dawalibi; Yanmei Jiang; Luis Valcárcel; Yixin Yang			ABY6VZHT	QSCTG6G7;UEXI39GB	internal-impedance;external-impedance	library-sweep:2026-09-05	application-only	The inspected source applies existing parameter relations to an application outside the indexed formula families; it does not define a distinct p.u.l. formula beyond the indexed records.
zotero:YERD7YBJ	LERB2-PB-RT-001-0E LINHA DO ELETRODO-PROJETO BÁSICO (1)					YERD7YBJ	YERD7YBJ	internal-impedance;external-impedance	library-sweep:2026-09-05	application-only	The inspected source applies existing parameter relations to an application outside the indexed formula families; it does not define a distinct p.u.l. formula beyond the indexed records.
zotero:EGG8CWE4	LEXB2-PB-RT-0001-0F (1)					EGG8CWE4	EGG8CWE4	internal-impedance;external-impedance	library-sweep:2026-09-05	application-only	The inspected source applies existing parameter relations to an application outside the indexed formula families; it does not define a distinct p.u.l. formula beyond the indexed records.
zotero:BJIWWPUL	Modelos Eletromagnéticos de Cabos Umbilicais Submarinos		Pedro Henrique Nascimento Vieira			BJIWWPUL	3773DYR7	internal-impedance;external-impedance	library-sweep:2026-09-05	application-only	The inspected source applies existing parameter relations to an application outside the indexed formula families; it does not define a distinct p.u.l. formula beyond the indexed records.
zotero:K4HLDZUF	Power System Test Cases for EMT-type Simulation Studies		Aboutaleb Haddadi; Ming Cai; Ulas Karaagac; Jean Mahseredjian			K4HLDZUF	ZLLQB2K8	internal-impedance;external-impedance	library-sweep:2026-09-05	application-only	The inspected source applies existing parameter relations to an application outside the indexed formula families; it does not define a distinct p.u.l. formula beyond the indexed records.
zotero:74WA3JHZ	pscad_manual_v4_6					74WA3JHZ	74WA3JHZ	internal-impedance;external-impedance	library-sweep:2026-09-05	duplicate	No independent publication or formula is associated with this attachment or container row.
zotero:V3YGINTT	Relatório_cientifico					V3YGINTT	V3YGINTT	internal-impedance;external-impedance	library-sweep:2026-09-05	application-only	The inspected source applies existing parameter relations to an application outside the indexed formula families; it does not define a distinct p.u.l. formula beyond the indexed records.
zotero:5U7EHX7W	Rigorous Green’s Function Derivation for Grounding Calculations Using the Method of Moments	2024-12-12 2024-12-12	João Pedro C. F. Ivo; Amauri G. Martins-Britto	10.1109/WCNPS65035.2024.10814163		5U7EHX7W	SKN4MIY4;YKAKDLU9	internal-impedance;external-impedance	library-sweep:2026-09-05	out-of-scope	The title and available text concern a grounding or soil-resistivity calculation; the source does not define a distinct p.u.l. line or cable parameter relation in the indexed families.
zotero:X783NR3F	ULM in ATPDraw					X783NR3F	X783NR3F	internal-impedance;external-impedance	library-sweep:2026-09-05	application-only	The inspected source applies existing parameter relations to an application outside the indexed formula families; it does not define a distinct p.u.l. formula beyond the indexed records.
zotero:GZ3QHEZX	2008+ Solved Problems in Electromagnetics		Syed A Nasar			GZ3QHEZX	E8WHESYD	internal-impedance;insulation-admittance	library-sweep:2026-09-05	application-only	The inspected source applies existing parameter relations to an application outside the indexed formula families; it does not define a distinct p.u.l. formula beyond the indexed records.
zotero:NCTX94CT	[1994] Power System Analysis Stevenson					NCTX94CT	NCTX94CT	internal-impedance;external-admittance	library-sweep:2026-09-05	application-only	The inspected source applies existing parameter relations to an application outside the indexed formula families; it does not define a distinct p.u.l. formula beyond the indexed records.
zotero:5BX9CASG	A New Efficient Measurement Technique Based on the Wenner Four Electrode Method SOUTHEY, Robert TEE, Sharon RUAN, Winston DAWALIBI, Farid Paul Member, IEEE					5BX9CASG	9WEYGKRN	external-impedance	library-sweep:2026-09-05	application-only	The inspected source applies existing parameter relations to a grounding or soil-resistivity calculation; it does not define a distinct p.u.l. formula beyond the indexed records.
zotero:NDJMG5AP	A novel approach to touch voltage risk assessment for gas pipelines in shared transmission corridors	2023-01-00 01/2023	Keith Man‐Kei Chan; Craig Antony Baguley; Udaya K. Madawala	10.1049/smt2.12127		NDJMG5AP	SIHM38ZA	external-impedance	library-sweep:2026-09-05	out-of-scope	The title and available text concern an interference, coupling, or induced-voltage calculation; the source does not define a distinct p.u.l. line or cable parameter relation in the indexed families.
zotero:8ADQFQVX	An Improved Antenna Theory Model of Lightning Return Stroke Using a Distributed Current Source–Part I: Theory and Implementation	2019-04-00 4/2019	Rouzbeh Moini; Ali Aghabarati; Simon Fortin; Farid P. Dawalibi	10.1109/TEMC.2018.2830657		8ADQFQVX	99MKE7MP;J7QIXTFU	internal-impedance;external-impedance	library-sweep:2026-09-05	out-of-scope	The title and available text concern a transient, fault, lightning, or harmonic-system calculation; the source does not define a distinct p.u.l. line or cable parameter relation in the indexed families.
zotero:TM7JDYV2	Analysis of Electrical Interference from Power Lines to Gas Pipelines Part I: Computation Methods	1989-07-00 07/1989	F. P. Dawalbi; R. D. Southey	10.1109/MPER.1989.4310825	Dawalibi1989	TM7JDYV2	BNNHSY3H	external-impedance	library-sweep:2026-09-05	duplicate	The normalized title matches screened ledger row zotero:9YTAFUUA; this alternate Zotero item or attachment is not counted again.
zotero:UBFGV85G	Analysis of Grounding Grids Influence on Lightning Generated Magnetic Field		François Grange; Sébastien Journet; Simon Fortin; Farid Paul Dawalibi			UBFGV85G	D9WP4PI5;EECNV6HV	internal-impedance;external-impedance	library-sweep:2026-09-05	out-of-scope	The title and available text concern a grounding or soil-resistivity calculation; the source does not define a distinct p.u.l. line or cable parameter relation in the indexed families.
zotero:ZUUBZRWF	C009_Sunde_1949_Earth_Conduction_Effects_in_Transmission_Systems				Sunde1949	ZUUBZRWF	ZUUBZRWF	external-impedance	library-sweep:2026-09-05	duplicate	The normalized title matches screened ledger row catalogue:C009; this alternate Zotero item or attachment is not counted again.
zotero:SCUX5BK3	ch6_postprocessing					SCUX5BK3	SCUX5BK3	internal-impedance;insulation-admittance	library-sweep:2026-09-05	application-only	The inspected source applies existing parameter relations to an application outside the indexed formula families; it does not define a distinct p.u.l. formula beyond the indexed records.
zotero:D3S66EN5	Detailed versus simplified representation of a pipeline for assessment of inductive and conductive couplings to an overhead transmission lines during steady-state and fault conditions	2022-11-00 11/2022	Luciano Coelho; Guilherme Sotelo; Antonio C.S. Lima	10.1016/j.ijepes.2022.108350		D3S66EN5	55XNV9VC	external-impedance	library-sweep:2026-09-05	out-of-scope	The title and available text concern an interference, coupling, or induced-voltage calculation; the source does not define a distinct p.u.l. line or cable parameter relation in the indexed families.
zotero:55JH4A8D	Dredging International NV treatment & approval of present document:		Thomas Hoornaert; Mahdi Mirzaei; Marten Kevelam			55JH4A8D	ZYGQN8FN	internal-impedance;insulation-admittance	library-sweep:2026-09-05	application-only	The inspected source applies existing parameter relations to an application outside the indexed formula families; it does not define a distinct p.u.l. formula beyond the indexed records.
zotero:KKJZBB7R	Electromagnetic Fields of Energized Conductors in Multilayer Soils	2006-08-00 08/2006	S. Fortin; Y. Yang; J. Ma; F. Dawalibi	10.1109/CEEM.2006.258096		KKJZBB7R	NJFMGWGZ	external-impedance	library-sweep:2026-09-05	application-only	The inspected source applies existing parameter relations to a field or modal-propagation calculation; it does not define a distinct p.u.l. formula beyond the indexed records.
zotero:ILVWD5TC	EMTDC Users Guide V4.3.1					ILVWD5TC	ILVWD5TC	external-impedance;external-admittance	library-sweep:2026-09-05	application-only	The inspected source applies existing parameter relations to an application outside the indexed formula families; it does not define a distinct p.u.l. formula beyond the indexed records.
zotero:GM9BFKXU	EMTDC Users Guide V4.3.1__a72e84fd					GM9BFKXU	GM9BFKXU	external-impedance;external-admittance	library-sweep:2026-09-05	application-only	The inspected source applies existing parameter relations to an application outside the indexed formula families; it does not define a distinct p.u.l. formula beyond the indexed records.
zotero:FWKV296G	FA_2020_cable_system_NEXANS_220kV_EAXeCeW_1x2500²_252 (1)					FWKV296G	FWKV296G	internal-impedance;insulation-admittance	library-sweep:2026-09-05	application-only	The inspected source applies existing parameter relations to a line or cable application; it does not define a distinct p.u.l. formula beyond the indexed records.
zotero:XA4I643P	GROUNDING OF DE-ENERGIZED ELECTRIC LINES CAPACITIVELY COUPLED TO ENERGIZED LINES J. MA and F. P. DAWALIBI					XA4I643P	N295GW8W	external-impedance	library-sweep:2026-09-05	out-of-scope	The title and available text concern a grounding or soil-resistivity calculation; the source does not define a distinct p.u.l. line or cable parameter relation in the indexed families.
zotero:L8NWZNTW	Horizontal Multilayer Soil Model and Soil Volumes in MALT	2013-00-00 2013	Farid Dawalibi; Simon Fortin; Nina Mitskevitch; Loison Hoi			L8NWZNTW	6J7HXA4Z;MWT6MYML	external-impedance	library-sweep:2026-09-05	application-only	The inspected source applies existing parameter relations to an application outside the indexed formula families; it does not define a distinct p.u.l. formula beyond the indexed records.
zotero:6PUL5M54	IEC 60287-2-1-2015					6PUL5M54	6PUL5M54	internal-impedance;insulation-admittance	library-sweep:2026-09-05	out-of-scope	The title and available text concern an application outside the indexed formula families; the source does not define a distinct p.u.l. line or cable parameter relation in the indexed families.
zotero:6HH5CPPJ	IEC 60287-2-2_1995					6HH5CPPJ	6HH5CPPJ	internal-impedance;insulation-admittance	library-sweep:2026-09-05	out-of-scope	The title and available text concern an application outside the indexed formula families; the source does not define a distinct p.u.l. line or cable parameter relation in the indexed families.
zotero:ACJ3D6UI	Influence of partial undergrounding on the transient stability of EHV power transmission systems	2016-02-00 02/2016	Hossein Khalilnezhad; Marjan Popov; Jorrit A. Bos; Kees P.J. Jansen	10.1016/j.epsr.2015.10.002		ACJ3D6UI	VU6BJXS6	external-impedance	library-sweep:2026-09-05	out-of-scope	The title and available text concern a grounding or soil-resistivity calculation; the source does not define a distinct p.u.l. line or cable parameter relation in the indexed families.
zotero:N729PNNW	Investigation of necessary modeling detail of a large scale EHV transmission network for slow front transients	2017-06-00 06/2017	F. Barakou; A.R.A. Haverkamp; L. Wu; P.A.A.F. Wouters; E.F. Steennis	10.1016/j.epsr.2017.02.030		N729PNNW	9ABKJCIF	external-impedance	library-sweep:2026-09-05	application-only	The inspected source applies existing parameter relations to a transient, fault, lightning, or harmonic-system calculation; it does not define a distinct p.u.l. formula beyond the indexed records.
zotero:F6HKAFZP	manual_femm42					F6HKAFZP	F6HKAFZP	internal-impedance;insulation-admittance	library-sweep:2026-09-05	duplicate	No independent publication or formula is associated with this attachment or container row.
zotero:V3JNL372	Multi-Component Coaxial Cable in TRALIN	2015-00-00 2015	Nathalie Dawalibi			V3JNL372	AVZ2MBUT;L3PJLLB9	internal-impedance;external-admittance	library-sweep:2026-09-05	application-only	The inspected source applies existing parameter relations to a line or cable application; it does not define a distinct p.u.l. formula beyond the indexed records.
zotero:2AK3S8FG	Propagation of partial discharge pulses in shielded power cable	1982-10-00 10/1982	G. C. Stone; S. A. Boggs	10.1109/CEIDP.1982.7726545		2AK3S8FG	IGJTV47F	internal-impedance;insulation-admittance	library-sweep:2026-09-05	application-only	The inspected source applies existing parameter relations to a line or cable application; it does not define a distinct p.u.l. formula beyond the indexed records.
zotero:25T5ZG4A	propcharspipeline_draft					25T5ZG4A	25T5ZG4A	external-impedance;external-admittance	library-sweep:2026-09-05	duplicate	No independent publication or formula is associated with this attachment or container row.
zotero:EXFFT7WD	Recent Advances in Electromagnetic Interference Analysis in Common Corridors	2006-08-00 08/2006	Jinxi Ma; Farid Dawalibi	10.1109/CEEM.2006.257983		EXFFT7WD	ZC5J5FXB	external-impedance	library-sweep:2026-09-05	out-of-scope	The title and available text concern an interference, coupling, or induced-voltage calculation; the source does not define a distinct p.u.l. line or cable parameter relation in the indexed families.
zotero:PQJPXU2S	SD 05-1976- ELECTRA 47 - The design of specially bonded cable systems -Part II					PQJPXU2S	PQJPXU2S	external-impedance;insulation-admittance	library-sweep:2026-09-05	application-only	The inspected source applies existing parameter relations to a line or cable application; it does not define a distinct p.u.l. formula beyond the indexed records.
zotero:K6KNI8NG	SES S01 - 0016-0023 - STUDY OF INFLUENCE OF BURIED METALLIC STRUCTURES ON SOIL RESISTIVITY MEASUREMENTS					K6KNI8NG	K6KNI8NG	external-impedance	library-sweep:2026-09-05	out-of-scope	The title and available text concern a grounding or soil-resistivity calculation; the source does not define a distinct p.u.l. line or cable parameter relation in the indexed families.
zotero:XD2JZCMV	SES S01 - 0024-0030 - INFLUENCE OF INDUCTIVE COUPLING BETWEEN LEADS ON RESISTIVITY MEASUREMENTS IN MULTILAYER SOILS					XD2JZCMV	XD2JZCMV	external-impedance	library-sweep:2026-09-05	out-of-scope	The title and available text concern an interference, coupling, or induced-voltage calculation; the source does not define a distinct p.u.l. line or cable parameter relation in the indexed families.
zotero:8LQ89GTN	SES S02 - 0079-0086 - BEHAVIOUR OF GROUNDING SYSTEMS IN MULTILAYER SOILS A PARAMETRIC ANALYSIS					8LQ89GTN	8LQ89GTN	external-impedance	library-sweep:2026-09-05	out-of-scope	The title and available text concern a grounding or soil-resistivity calculation; the source does not define a distinct p.u.l. line or cable parameter relation in the indexed families.
zotero:MF2CISZ2	Soil Water Content and Porosity on Earth Potential Rise of Vertical Grounding Rods	2022-11-17 2022-11-17	Walter L. Manzi De Azevedo; Anderson R. Justo De Araujo; Jose Pissolato Filho	10.1109/WCNPS56355.2022.9969674		MF2CISZ2	I2ENHGGW	external-impedance	library-sweep:2026-09-05	out-of-scope	The title and available text concern a grounding or soil-resistivity calculation; the source does not define a distinct p.u.l. line or cable parameter relation in the indexed families.
zotero:P6B5W67Y	The Challenges of Designing Solar Park Earthing Systems in the UK	2017-00-00 2017	Nathalie Dawalibi			P6B5W67Y	3J5JE3NW;JRFKBQ6T	external-impedance	library-sweep:2026-09-05	out-of-scope	The title and available text concern a grounding or soil-resistivity calculation; the source does not define a distinct p.u.l. line or cable parameter relation in the indexed families.
zotero:L9A2UHDP	2019-transmissao-de-energia-eletrica-em-corrente-alternada					L9A2UHDP	L9A2UHDP	internal-impedance;external-impedance	library-sweep:2026-09-05	application-only	The inspected source applies existing parameter relations to an application outside the indexed formula families; it does not define a distinct p.u.l. formula beyond the indexed records.
zotero:EIL8B46E	A Deeper Look at Sources of Errors that Affect the Classical Double-Ended Traveling Wave-Based Fault Location Method	2023-11-30 2023-11-30	Felipe V. Lopes; Amauri Martins-Britto; Raphael L. A. Reis; Kleber M. Silva; Eduardo P. A. Ribeiro; Caio M. Moraes; Marco Antonio M. Rodrigues; Rodrigo Agostinho	10.1109/WCNPS60622.2023.10344802		EIL8B46E	USGQJAFA	external-admittance	library-sweep:2026-09-05	out-of-scope	The title and available text concern a transient, fault, lightning, or harmonic-system calculation; the source does not define a distinct p.u.l. line or cable parameter relation in the indexed families.
zotero:3UPDDCFX	A numerical model for the calculation of electromagnetic interference from power lines on nonparallel underground pipelines	2021-05-00 05/2021	Arturo Popoli; Andrea Cristofolini; Leonardo Sandrolini	10.1016/j.matcom.2020.02.015		3UPDDCFX	IC5H2DAC	internal-impedance;external-impedance	library-sweep:2026-09-05	out-of-scope	The title and available text concern an interference, coupling, or induced-voltage calculation; the source does not define a distinct p.u.l. line or cable parameter relation in the indexed families.
zotero:86GZBAQS	Accuracy enhancement of the JMarti model by using real poles through vector fitting	2019-06-00 6/2019	E. S. Bañuelos-Cabral; J. A. Gutiérrez-Robles; J. L. García-Sánchez; J. Sotelo-Castañón; V. A. Galván-Sánchez	10.1007/s00202-019-00807-8		86GZBAQS	GGCI6C3Q	external-admittance	library-sweep:2026-09-05	application-only	The inspected source applies existing parameter relations to an application outside the indexed formula families; it does not define a distinct p.u.l. formula beyond the indexed records.
zotero:4SXFS5CT	Identification of problems when using long high voltage AC cable in transmission system II: Resonance &#x00026; harmonic resonance	2008-04-00 04/2008	S. Rahimi; W. Wiechowski; M. Randrup; J. Ostergaard; A. H. Nielsen	10.1109/TDC.2008.4517187		4SXFS5CT	CVWUAJJY	external-admittance	library-sweep:2026-09-05	application-only	The inspected source applies existing parameter relations to a transient, fault, lightning, or harmonic-system calculation; it does not define a distinct p.u.l. formula beyond the indexed records.
zotero:H7JU6YTZ	Importance of Modeling Foot Impedance	2013-00-00 2013	Carl Moller; P Eng			H7JU6YTZ	QWGKMH5Z;TGT3MF5K	external-impedance	library-sweep:2026-09-05	application-only	The inspected source applies existing parameter relations to an application outside the indexed formula families; it does not define a distinct p.u.l. formula beyond the indexed records.
zotero:Z5NSEENQ	Modeling Impedances Bonds in HIFREQ for the Mitigation of Railway Systems	2015-00-00 2015	Nathalie Dawalibi			Z5NSEENQ	CPAWR4RZ;F85Y387T	external-impedance	library-sweep:2026-09-05	out-of-scope	The title and available text concern an application outside the indexed formula families; the source does not define a distinct p.u.l. line or cable parameter relation in the indexed families.
zotero:TR6CGQC4	nbscircular544					TR6CGQC4	TR6CGQC4	internal-impedance;external-impedance	library-sweep:2026-09-05	application-only	The inspected source applies existing parameter relations to an application outside the indexed formula families; it does not define a distinct p.u.l. formula beyond the indexed records.
zotero:R2KXDG4V	Numerical Calculation of Polynomial Chaos Coefficients for Stochastic Per-Unit-Length Parameters of Circular Conductors	2014-03-00 03/2014	Paolo Manfredi; Flavio G. Canavero	10.1109/TMAG.2013.2284140		R2KXDG4V	SKLW3PJN	internal-impedance	library-sweep:2026-09-05	application-only	The inspected source applies existing parameter relations to a line or cable application; it does not define a distinct p.u.l. formula beyond the indexed records.
zotero:UJ3JCSDR	PROCED_DPES_SEACS_011_2017_Procedimento_Parâmetros_De_Linha_r6_seacs					UJ3JCSDR	UJ3JCSDR	internal-impedance;external-impedance	library-sweep:2026-09-05	application-only	The inspected source applies existing parameter relations to an application outside the indexed formula families; it does not define a distinct p.u.l. formula beyond the indexed records.
zotero:D4JHU8SB	Selected studies on offshore wind farm cable connections - challenges and experience of the Danish TSO	2008-07-00 07/2008	W. Wiechowski; P. Borre Eriksen	10.1109/PES.2008.4596124		D4JHU8SB	7ZPQDZMY	internal-impedance;external-impedance	library-sweep:2026-09-05	out-of-scope	The title and available text concern a line or cable application; the source does not define a distinct p.u.l. line or cable parameter relation in the indexed families.
zotero:IAF9LJAT	Steady-state operating conditions of very long EHVAC cable lines	2011-07-00 7/2011	F.M. Gatta; A. Geri; S. Lauria; M. Maccioni	10.1016/j.epsr.2011.03.011		IAF9LJAT	JENQSFAU	insulation-admittance	library-sweep:2026-09-05	application-only	The inspected source applies existing parameter relations to a thermal, loss, or ampacity calculation; it does not define a distinct p.u.l. formula beyond the indexed records.
zotero:LBAPK9BY	Steady-state operating conditions of very long EHVAC cable lines: Two case studies	2012-02-00 2/2012	F.M. Gatta; A. Geri; S. Lauria; M. Maccioni	10.1016/j.epsr.2011.11.002		LBAPK9BY	RM4K38MS	insulation-admittance	library-sweep:2026-09-05	application-only	The inspected source applies existing parameter relations to a thermal, loss, or ampacity calculation; it does not define a distinct p.u.l. formula beyond the indexed records.
zotero:BPV7JZQJ	Time-Delay Estimation Through All-Pass Functions for ULM Line and Cable Models		S Loaiza-Elejalde; J L Naredo; Martin G Vega-Grijalva; O Ramos-Leaños; E S Bañuelos-Cabral			BPV7JZQJ	JUW6TG5Y	external-admittance	library-sweep:2026-09-05	application-only	The inspected source applies existing parameter relations to a line or cable application; it does not define a distinct p.u.l. formula beyond the indexed records.
zotero:6N5XZEWK	57-Partitioned Fitting and DC Correction in Transmission LineCable Models					6N5XZEWK	6N5XZEWK	external-impedance;external-admittance	library-sweep:2026-09-05	application-only	The inspected source applies existing parameter relations to a line or cable application; it does not define a distinct p.u.l. formula beyond the indexed records.
zotero:3MKM5VN5	A Hybrid Method for Calculating the Inductive Interference Caused by Faulted Power Lines to Nearby Buried Pipelines	2005-04-00 04/2005	G.C. Christoforidis; D.P. Labridis; P.S. Dokopoulos	10.1109/TPWRD.2004.839186		3MKM5VN5	BSIAPKTE	external-impedance	library-sweep:2026-09-05	out-of-scope	The title and available text concern an interference, coupling, or induced-voltage calculation; the source does not define a distinct p.u.l. line or cable parameter relation in the indexed families.
zotero:TNNH99UL	A quasi-3D approach for the assessment of induced AC interference on buried metallic pipelines	2019-03-00 03/2019	Arturo Popoli; Leonardo Sandrolini; Andrea Cristofolini	10.1016/j.ijepes.2018.10.033		TNNH99UL	MG8ZRWCR	external-impedance	library-sweep:2026-09-05	out-of-scope	The title and available text concern an interference, coupling, or induced-voltage calculation; the source does not define a distinct p.u.l. line or cable parameter relation in the indexed families.
zotero:S3WDXA4U	Algoritmo Genético Aplicado a um Método de Prospecção Geoelétrico		Wesley Pacheco Calixto; Luciano Martins Neto; Marcel Wu; Hipólito Barbosa; Machado Filho; Keiji Yamanaka			S3WDXA4U	RRJX655Y	external-impedance	library-sweep:2026-09-05	application-only	The inspected source applies existing parameter relations to an application outside the indexed formula families; it does not define a distinct p.u.l. formula beyond the indexed records.
zotero:IVP9ZUWG	Analysis of a Large Grounding System and Subsequent Field Test Validation Using the Fall of Potential Method	2013-00-00 2013	Huan Huang; Hualin Liu; Hong Luo; Hao Du; Yi Xing; Yexu Li; Farid P. Dawalibi; Haijun Zhou; Longhai Fu	10.4236/epe.2013.54B240		IVP9ZUWG	HDL3ZDGL;Z8G3A6ZE	external-impedance	library-sweep:2026-09-05	out-of-scope	The title and available text concern a grounding or soil-resistivity calculation; the source does not define a distinct p.u.l. line or cable parameter relation in the indexed families.
zotero:VLFYQZ7I	Analysis of a Steel Grounding System: A Practical Case Study		Y Li; F P Dawalibi; J Ma; Y Yang			VLFYQZ7I	TJ7RQ78A	external-impedance	library-sweep:2026-09-05	out-of-scope	The title and available text concern a grounding or soil-resistivity calculation; the source does not define a distinct p.u.l. line or cable parameter relation in the indexed families.
zotero:96JVBZYH	Analysis of formulas to calculate the AC inductance of different configurations of nonmagnetic circular conductors	2017-09-00 9/2017	Francesca Capelli; Jordi-Roger Riba	10.1007/s00202-016-0455-5		96JVBZYH	4WAJQDEP	internal-impedance;external-impedance	library-sweep:2026-09-05	application-only	The inspected source applies existing parameter relations to a line or cable application; it does not define a distinct p.u.l. formula beyond the indexed records.
zotero:SZSMD9TJ	Avalição de Segurança de Pessoas em Redes Rurais que Utilizam o Solo como Meio Condutor	2022-00-00 2022	G Cardoso, Jr.; D B. Ramos; M S. Martins; P H.B. Sebastiany; R Stefanello	10.20906/sbse.v2i1.3087		SZSMD9TJ	DE9HUN7N	external-impedance	library-sweep:2026-09-05	application-only	The inspected source applies existing parameter relations to an application outside the indexed formula families; it does not define a distinct p.u.l. formula beyond the indexed records.
zotero:FGQ6APQ6	Currents and voltages induced during earth faults in a system consisting of a transmission line and a parellel pipeline	1998-05-00 05/1998	K. J. Satsios; D. P. Labridis; P. S. Dokopoulos	10.1002/etep.4450080307		FGQ6APQ6	5UV3DRTY	external-impedance	library-sweep:2026-09-05	out-of-scope	The title and available text concern an interference, coupling, or induced-voltage calculation; the source does not define a distinct p.u.l. line or cable parameter relation in the indexed families.
zotero:YE6KVSRW	Design Considerations of HVDC Grounding Electrodes	2005-00-00 2005	Jinxi Ma; F.P. Dawalibi; W. Ruan	10.1109/TDC.2005.1546811		YE6KVSRW	V7RXMXIS	external-impedance	library-sweep:2026-09-05	out-of-scope	The title and available text concern a grounding or soil-resistivity calculation; the source does not define a distinct p.u.l. line or cable parameter relation in the indexed families.
zotero:ZU89BLJN	Effects of circulating current from local generators in grounding study of a large power plant	2000-00-00 2000	W. Ruan; R. Southey; F. Dawalibi; D. Czarnomski; G. Farra	10.1109/ESW.2000.848331		ZU89BLJN	6PXKQ69B	external-impedance	library-sweep:2026-09-05	out-of-scope	The title and available text concern a grounding or soil-resistivity calculation; the source does not define a distinct p.u.l. line or cable parameter relation in the indexed families.
zotero:S2U2VREH	Effects of Soil Structures on Grounding Systems Consisting of Steel Conductors		G Yu; J Ma; F P Dawalibi			S2U2VREH	R6EM4FYK	external-impedance	library-sweep:2026-09-05	out-of-scope	The title and available text concern a grounding or soil-resistivity calculation; the source does not define a distinct p.u.l. line or cable parameter relation in the indexed families.
zotero:JPYM66I3	Electrical parameters of soils in the frequency range from 1 kHz to 1 GHz, using lumped‐circuit methods	2001-07-00 07/2001	Ben K. Sternberg; Tsylya M. Levitskaya	10.1029/1999RS002232		JPYM66I3	NCITWMEE	insulation-admittance	library-sweep:2026-09-05	application-only	The inspected source applies existing parameter relations to an application outside the indexed formula families; it does not define a distinct p.u.l. formula beyond the indexed records.
zotero:SLIWG9V8	Electrical_Power_System_Analysis_3._The_Admittance_Model_and_Network					SLIWG9V8	SLIWG9V8	external-admittance	library-sweep:2026-09-05	application-only	The inspected source applies existing parameter relations to an application outside the indexed formula families; it does not define a distinct p.u.l. formula beyond the indexed records.
zotero:872YGBAK	Estimating AC Mitigation Requirements for Pipelines Installed in High Voltage AC Corridors: Fault Conditions		R D Southey; W Ruan			872YGBAK	WQRG4DXQ	external-impedance	library-sweep:2026-09-05	out-of-scope	The title and available text concern an interference, coupling, or induced-voltage calculation; the source does not define a distinct p.u.l. line or cable parameter relation in the indexed families.
zotero:RKLX92MC	Grounding modeling using transmission line theory: Extension to arrangements composed of multiple electrodes	2016-09-00 9/2016	Rafael Alipio; Rodrigo M. Costa; Rosilene N. Dias; Alberto De Conti; Silverio Visacro	10.1109/ICLP.2016.7791429		RKLX92MC	99PKQYMR	external-impedance	library-sweep:2026-09-05	out-of-scope	The title and available text concern a grounding or soil-resistivity calculation; the source does not define a distinct p.u.l. line or cable parameter relation in the indexed families.
zotero:U449WCRC	GROUNDING SYSTEM DESIGN FOR A LARGE POWER PLANT		Jinxi Ma; Farid P Dawalibi			U449WCRC	H5HITZFN	external-impedance	library-sweep:2026-09-05	out-of-scope	The title and available text concern a grounding or soil-resistivity calculation; the source does not define a distinct p.u.l. line or cable parameter relation in the indexed families.
zotero:44YH824J	Improving the reliability of power systems with more accurate grounding system resistance estimates	2002-00-00 2002	R.D. Southey; F.P. Dawalibi	10.1109/ICPST.2002.1053512		44YH824J	56L9K6SQ	external-impedance	library-sweep:2026-09-05	out-of-scope	The title and available text concern a grounding or soil-resistivity calculation; the source does not define a distinct p.u.l. line or cable parameter relation in the indexed families.
zotero:YYDXT6II	In uences of Electromagnetic Interferences on Two-Terminal Impedance-Based Fault Location Methods		Caio M Moraes; Amauri G Martins-Britto; Felipe V Lopes; Kleber M Silva; Eduardo P A Ribeiro; Raphael L A Reis			YYDXT6II	7CH5RPUM;CCDIKJ3X	external-impedance	library-sweep:2026-09-05	out-of-scope	The title and available text concern an interference, coupling, or induced-voltage calculation; the source does not define a distinct p.u.l. line or cable parameter relation in the indexed families.
zotero:23U5W4KS	Influences of Electromagnetic Interferences on Two-Terminal Impedance-Based Fault Location Methods	2022-00-00 2022	Caio M. Moraes; Amauri G. Martins-Britto; Felipe V. Lopes; Kleber M. Silva; Eduardo P. A. Ribeiro; Raphael L. A. Reis; Marco A. M. Rodrigues; Larissa L. Silva	10.20906/sbse.v2i1.3141		23U5W4KS	EKJNW8SZ	external-impedance	library-sweep:2026-09-05	out-of-scope	The title and available text concern an interference, coupling, or induced-voltage calculation; the source does not define a distinct p.u.l. line or cable parameter relation in the indexed families.
zotero:44F2W76G	Interpretation of resistivity sounding measurements in N-layer soil using electrostatic images	1996-07-00 7/1996	P.J. Lagace; J. Fortin; E.D. Crainic	10.1109/61.517490		44F2W76G	JKZ9IJWH	external-impedance	library-sweep:2026-09-05	application-only	The inspected source applies existing parameter relations to an application outside the indexed formula families; it does not define a distinct p.u.l. formula beyond the indexed records.
zotero:P97WYB3X	Novel Compacting Grounding System for Mitigating Ground Potential Rise and Backflashovers		J E Guevara Asorza; Walter L M Azevedo; J Pissolato Filho			P97WYB3X	J6WJY4X8	external-impedance;external-admittance	library-sweep:2026-09-05	out-of-scope	The title and available text concern a grounding or soil-resistivity calculation; the source does not define a distinct p.u.l. line or cable parameter relation in the indexed families.
zotero:N46GD5SR	Novel numerical analysis of electric fields in the near field of very‐low‐frequency antennas based on the charge simulation method	2024-08-00 08/2024	Bo‐Yu Ren; Xian‐Qiang Li; Yuan‐Cheng Qin; Hao Du; Liang‐Chang Fei; Rui Huang	10.1049/mia2.12488		N46GD5SR	B65P6RQZ	external-impedance;external-admittance	library-sweep:2026-09-05	application-only	The inspected source applies existing parameter relations to a field or modal-propagation calculation; it does not define a distinct p.u.l. formula beyond the indexed records.
zotero:TTGB59GR	Power line transmission and radiation		H Kikuchi			TTGB59GR	GTJ5MYA8	external-impedance	library-sweep:2026-09-05	duplicate	The normalized title matches screened ledger row catalogue:C039; this alternate Zotero item or attachment is not counted again.
zotero:LXKQMEG5	Recent Advances in the Modeling and Mitigation of AC Interference along Transmission Lines Right of Ways		Yexu Li; Farid Paul Dawalibi; Haijun Zhou			LXKQMEG5	MDXZ76AH;PH5AA3MY	external-impedance	library-sweep:2026-09-05	out-of-scope	The title and available text concern an interference, coupling, or induced-voltage calculation; the source does not define a distinct p.u.l. line or cable parameter relation in the indexed families.
zotero:WGC97EDL	Research on Overvoltage for XLPE Cable in a Modular Multilevel Converter HVDC Transmission System	2016-04-00 4/2016	Haitian Wang; Junzheng Cao; Zhiyuan He; Jie Yang; Zhengyi Han; George Chen	10.1109/TPWRD.2015.2469595		WGC97EDL	YAFFY3MY	internal-impedance	library-sweep:2026-09-05	out-of-scope	The title and available text concern a transient, fault, lightning, or harmonic-system calculation; the source does not define a distinct p.u.l. line or cable parameter relation in the indexed families.
zotero:44HPWD32	Study of high frequency transient overvoltage caused by cable-transformer quarter-wave resonance	2021-08-00 08/2021	Paul Akiki; Alain Xémard; Charlotte Trouilloud; Jean-Luc Chanelière	10.1016/j.epsr.2021.107295		44HPWD32	R3E5VPCT	internal-impedance	library-sweep:2026-09-05	out-of-scope	The title and available text concern a transient, fault, lightning, or harmonic-system calculation; the source does not define a distinct p.u.l. line or cable parameter relation in the indexed families.
zotero:EGWCK268	Study on the Interference of the HVDC Transmission Grounding Electrode to the Pipeline Cathodic Protection System	2023-06-20 2023-06-20	Xiao Chen; Lin Li	10.1021/acsomega.3c02187		EGWCK268	K6Q7YD84	external-impedance	library-sweep:2026-09-05	out-of-scope	The title and available text concern an interference, coupling, or induced-voltage calculation; the source does not define a distinct p.u.l. line or cable parameter relation in the indexed families.
zotero:JNKY5I7S	TEMC-077-2026_Proof_hi					JNKY5I7S	JNKY5I7S	external-impedance;external-admittance	library-sweep:2026-09-05	duplicate	No independent publication or formula is associated with this attachment or container row.
zotero:9P75353P	12201 Letellier Montreal, Quebec, Canada		F Dawalibi			9P75353P	UWCYCAK3	external-impedance	library-sweep:2026-09-05	application-only	The inspected source applies existing parameter relations to an application outside the indexed formula families; it does not define a distinct p.u.l. formula beyond the indexed records.
zotero:2T67VJ5L	15269fd8a05ae6d65e2860b53ad39270657d7ebd97f40952255e7ce830d5e4df					2T67VJ5L	2T67VJ5L	external-impedance	library-sweep:2026-09-05	duplicate	No independent publication or formula is associated with this attachment or container row.
zotero:R2KI89MI	194					R2KI89MI	R2KI89MI	internal-impedance;external-impedance	library-sweep:2026-09-05	duplicate	No independent publication or formula is associated with this attachment or container row.
zotero:26IDPFIH	290					26IDPFIH	26IDPFIH	external-impedance	library-sweep:2026-09-05	duplicate	No independent publication or formula is associated with this attachment or container row.
zotero:3GG9FRI8	43-Full-Wave Modeling of Grounding System Evaluation The Effects of Multi-Layer Soil and Length of Electrode on Ground Potential Rise					3GG9FRI8	3GG9FRI8	external-impedance	library-sweep:2026-09-05	out-of-scope	The title and available text concern a grounding or soil-resistivity calculation; the source does not define a distinct p.u.l. line or cable parameter relation in the indexed families.
zotero:DZNMH8U4	60-Power Line Transient Interferences on a Nearby Pipeline Due to a Lightning Discharge					DZNMH8U4	DZNMH8U4	external-impedance	library-sweep:2026-09-05	out-of-scope	The title and available text concern an interference, coupling, or induced-voltage calculation; the source does not define a distinct p.u.l. line or cable parameter relation in the indexed families.
zotero:66ZUY5PL	675					66ZUY5PL	66ZUY5PL	external-impedance	library-sweep:2026-09-05	duplicate	No independent publication or formula is associated with this attachment or container row.
zotero:BCUGJ2NS	80-2013					BCUGJ2NS	BCUGJ2NS	external-impedance	library-sweep:2026-09-05	application-only	The inspected source applies existing parameter relations to an application outside the indexed formula families; it does not define a distinct p.u.l. formula beyond the indexed records.
zotero:YTFAE6UI	[6]__5929ef4b					YTFAE6UI	YTFAE6UI	external-impedance	library-sweep:2026-09-05	application-only	The inspected source applies existing parameter relations to an application outside the indexed formula families; it does not define a distinct p.u.l. formula beyond the indexed records.
zotero:RJJEFM2Q	A comparison among eight different techniques to achieve an optimum estimation of electrical grounding parameters in two-layered earth	1993-10-00 Oct./1993	J.L. Del Alamo	10.1109/61.248299		RJJEFM2Q	TZAY6VIU	external-impedance	library-sweep:2026-09-05	out-of-scope	The title and available text concern a grounding or soil-resistivity calculation; the source does not define a distinct p.u.l. line or cable parameter relation in the indexed families.
zotero:4QR8J8IR	A Flexible Model to Calculate Buried Cable Ampacity in Complex Environments	2022-06-00 6/2022	George Callender; Kevin F. Goddard; Justin K. Dix; Paul L. Lewin	10.1109/TPWRD.2021.3102414		4QR8J8IR	INJJQXJU		library-sweep:2026-09-05	out-of-scope	The title and available text concern a thermal, loss, or ampacity calculation; the source does not define a distinct p.u.l. line or cable parameter relation in the indexed families.
zotero:TXUSAYVS	A Simple Substation Grounding Grid Analysis					TXUSAYVS	TXUSAYVS	external-impedance	library-sweep:2026-09-05	out-of-scope	The title and available text concern a grounding or soil-resistivity calculation; the source does not define a distinct p.u.l. line or cable parameter relation in the indexed families.
zotero:M4Y6GEGP	A Simple Substation Grounding Grid Analysis Using Autogrid Pro					M4Y6GEGP	M4Y6GEGP	external-impedance	library-sweep:2026-09-05	out-of-scope	The title and available text concern a grounding or soil-resistivity calculation; the source does not define a distinct p.u.l. line or cable parameter relation in the indexed families.
zotero:CX37SC6E	AC Interference: An Important Issue for Utilities in a Common Power Line Corridor		Yexu Li; Farid P Dawalibi; Deepak Mankar			CX37SC6E	MRGRAXWC	external-impedance	library-sweep:2026-09-05	out-of-scope	The title and available text concern an interference, coupling, or induced-voltage calculation; the source does not define a distinct p.u.l. line or cable parameter relation in the indexed families.
zotero:BUWPMWKZ	An Advanced Transmission Line and Cable Model in Matlab for the Simulation of Power-System Transients	2012-09-26 2012-09-26	Vasilios Katsikis; Octavio Ramos-Leaos; Jose Luis; Jose Alberto	10.5772/48530		BUWPMWKZ	HLXKSW3P	external-impedance	library-sweep:2026-09-05	application-only	The inspected source applies existing parameter relations to a transient, fault, lightning, or harmonic-system calculation; it does not define a distinct p.u.l. formula beyond the indexed records.
zotero:8UB6ZWRL	An Advanced Transmission Line and Cable Model in Matlab for the Simulation of Power-System Transients	2012-09-26 2012-09-26	Vasilios Katsikis; Octavio Ramos-Leaos; Jose Luis; Jose Alberto	10.5772/48530		8UB6ZWRL	BNCKQKCV	external-impedance	library-sweep:2026-09-05	application-only	The inspected source applies existing parameter relations to a transient, fault, lightning, or harmonic-system calculation; it does not define a distinct p.u.l. formula beyond the indexed records.
zotero:CPERXHHA	An efficient method for computing the magnetic field generated by transmission lines with static wires	2002-00-00 2002	Y. Yang; J. Ma; F.P. Dawalibi	10.1109/ICPST.2002.1047524		CPERXHHA	JQMHKWM3	external-impedance	library-sweep:2026-09-05	application-only	The inspected source applies existing parameter relations to a line or cable application; it does not define a distinct p.u.l. formula beyond the indexed records.
zotero:W7XWLB5R	Analysis of electric field distribution of cable insulation defects	2018-09-00 09/2018	Jiaguo Liu; Xin Xin; Yunxing Gao; Xinlong Yu; Zebing Li; Yunliang Liu; Jing Wang; Zhanlong Zhang	10.1088/1742-6596/1087/4/042040		W7XWLB5R	5VDXXNQ9	insulation-admittance	library-sweep:2026-09-05	application-only	The inspected source applies existing parameter relations to a line or cable application; it does not define a distinct p.u.l. formula beyond the indexed records.
zotero:P6XXIP2G	Analysis of grounding systems in soils with hemispherical layering	1993-10-00 Oct./1993	J. Ma; F.P. Dawalibi; W.K. Daily	10.1109/61.248284		P6XXIP2G	7STH5T4U	external-impedance	library-sweep:2026-09-05	out-of-scope	The title and available text concern a grounding or soil-resistivity calculation; the source does not define a distinct p.u.l. line or cable parameter relation in the indexed families.
zotero:WRQJ5NBU	Analysis of Transmission Tower Potentials During Ground Faults	1967-10-00 10/1967	Janos Endrenyi	10.1109/TPAS.1967.291904		WRQJ5NBU	43Y868XS	external-impedance	library-sweep:2026-09-05	application-only	The inspected source applies existing parameter relations to a transient, fault, lightning, or harmonic-system calculation; it does not define a distinct p.u.l. formula beyond the indexed records.
zotero:V6K3MTPL	Assessment of Different Frequency-Dependent Line Models for EMT Simulations of HVDC Systems	2023-11-30 2023-11-30	Marco Antênio B. Ribeiro; Caio M. Moraes; Amauri G. Martins-Britto; Kleber M. Silva	10.1109/WCNPS60622.2023.10344430		V6K3MTPL	S5VBXDA7;XP54GWHL	external-impedance	library-sweep:2026-09-05	application-only	The inspected source applies existing parameter relations to an application outside the indexed formula families; it does not define a distinct p.u.l. formula beyond the indexed records.
zotero:BCGIYATF	Assessment of Underground Cable Ratings Based on Distributed Temperature Sensing	2006-10-00 10/2006	H.J. Li; K.C. Tan; Q. Su	10.1109/TPWRD.2006.874668		BCGIYATF	Y7DZWEHA		library-sweep:2026-09-05	out-of-scope	The title and available text concern a thermal, loss, or ampacity calculation; the source does not define a distinct p.u.l. line or cable parameter relation in the indexed families.
zotero:H6RZXIZQ	Computation of Potential at Surface Above an Energized Grid or Other Electrode, Allowing for Non-Uniform Current Distribution	1979-11-00 11/1979	Aobert Heppe	10.1109/TPAS.1979.319377		H6RZXIZQ	MI8HZV8U	external-impedance	library-sweep:2026-09-05	application-only	The inspected source applies existing parameter relations to a grounding or soil-resistivity calculation; it does not define a distinct p.u.l. formula beyond the indexed records.
zotero:ZVWU3KYM	Cost reduction and minimization of land based on an accurate determination of fault current distribution in shield wires and grounding systems	1993-01-00 Jan./1993	W.K. Daily; F. Dawalibi	10.1109/61.180324		ZVWU3KYM	IDFJ2SCK	external-impedance	library-sweep:2026-09-05	out-of-scope	The title and available text concern a grounding or soil-resistivity calculation; the source does not define a distinct p.u.l. line or cable parameter relation in the indexed families.
zotero:SSZJW5I6	EL-4650_1986_Electromagnetic Transients Program ( EMTP ) Application Guide					SSZJW5I6	SSZJW5I6	external-impedance	library-sweep:2026-09-05	application-only	The inspected source applies existing parameter relations to a transient, fault, lightning, or harmonic-system calculation; it does not define a distinct p.u.l. formula beyond the indexed records.
zotero:AEI85DAX	Electromagnetic fields of energized conductors	1993-07-00 07/1993	F.P. Dawalibi; A. Selby	10.1109/61.252653		AEI85DAX	TMXHFS2A	external-impedance	library-sweep:2026-09-05	application-only	The inspected source applies existing parameter relations to a field or modal-propagation calculation; it does not define a distinct p.u.l. formula beyond the indexed records.
zotero:5NSL2DID	Electromagnetic Interference Caused by a power system network on a neighboring pipeline					5NSL2DID	5NSL2DID	external-impedance	library-sweep:2026-09-05	out-of-scope	The title and available text concern an interference, coupling, or induced-voltage calculation; the source does not define a distinct p.u.l. line or cable parameter relation in the indexed families.
zotero:WZT9ZU9V	EPSR-D-21-03408_R1_reviewer					WZT9ZU9V	WZT9ZU9V	internal-impedance;external-impedance	library-sweep:2026-09-05	duplicate	No independent publication or formula is associated with this attachment or container row.
zotero:HD3I65BH	EPSR-D-21-03408_R2_reviewer					HD3I65BH	HD3I65BH	internal-impedance;external-impedance	library-sweep:2026-09-05	duplicate	No independent publication or formula is associated with this attachment or container row.
zotero:2YKLM8X9	EVALUATION OF DEGREES OF FREEDOM FOR THE DESIGN OF METALLIC SCREEN GROUNDING SYSTEMS OF LONG HVDC UNDERGROUND CABLE SYSTEMS		A Wagner; C Freitag			2YKLM8X9	CI63B72B		library-sweep:2026-09-05	out-of-scope	The title and available text concern a grounding or soil-resistivity calculation; the source does not define a distinct p.u.l. line or cable parameter relation in the indexed families.
zotero:FHX4KPFR	Fast Passivity Enforcement for <i>S</i> -Parameter Models by Perturbation of Residue Matrix Eigenvalues	2010-02-00 02/2010	B. Gustavsen	10.1109/TADVP.2008.2010508		FHX4KPFR	PBGVYHX3	external-impedance	library-sweep:2026-09-05	application-only	The inspected source applies existing parameter relations to an application outside the indexed formula families; it does not define a distinct p.u.l. formula beyond the indexed records.
zotero:ZHTM2KE9	Flexible network model to study the impact of future changes in transmission systems on harmonic levels and impedance		Ana Maria Blanco; Max Domagk; Jan Meyer; Marco Lindner			ZHTM2KE9	J573BHUH	internal-impedance	library-sweep:2026-09-05	application-only	The inspected source applies existing parameter relations to a transient, fault, lightning, or harmonic-system calculation; it does not define a distinct p.u.l. formula beyond the indexed records.
zotero:5DTE3G9L	Frequency-Domain Homogenization for Impedance Characterization of Litz-Wire Transformers in 2-D Finite Element Models		Korawich Niyomsatian			5DTE3G9L	T86UD6FW	internal-impedance	library-sweep:2026-09-05	out-of-scope	The title and available text concern an application outside the indexed formula families; the source does not define a distinct p.u.l. line or cable parameter relation in the indexed families.
zotero:QM53QVVX	Genetic Algorithm and Pattern Search		Qianzhi Zhang			QM53QVVX	PTT98SP4	external-impedance	library-sweep:2026-09-05	application-only	The inspected source applies existing parameter relations to an application outside the indexed formula families; it does not define a distinct p.u.l. formula beyond the indexed records.
zotero:DEA7EJM8	GROUNDING ANALYSIS OF A SUBSTATION CONNECTED TO A NEARBY POWER PLANT		Jinxi Ma; Farid P Dawalibi			DEA7EJM8	E2ZTJTKA	external-impedance	library-sweep:2026-09-05	out-of-scope	The title and available text concern a grounding or soil-resistivity calculation; the source does not define a distinct p.u.l. line or cable parameter relation in the indexed families.
zotero:SL2V6ZK4	Grounding Considerations for Transmission Line Protection	2019-03-00 3/2019	Molli Dooley; Jared Mraz; Aaron Findley; David Lewis; Joe Mooney	10.1109/CPRE.2019.8765866		SL2V6ZK4	WF67E26V	external-impedance	library-sweep:2026-09-05	out-of-scope	The title and available text concern a grounding or soil-resistivity calculation; the source does not define a distinct p.u.l. line or cable parameter relation in the indexed families.
zotero:VDK7GNWR	Grounding Meshes Performance Evaluation in Sand Soil due Lightning Surges		Daniel S Gazzana; Arturo S Bretas; Marcos Telló; Guilherme A D Dias; Vanderlei Dienstmann			VDK7GNWR	WEPB2X6H	external-impedance	library-sweep:2026-09-05	out-of-scope	The title and available text concern a grounding or soil-resistivity calculation; the source does not define a distinct p.u.l. line or cable parameter relation in the indexed families.
zotero:7I4DBFVG	Grounding System Analysis By Means of Simulation & Measurement	2015-00-00 2015	Nathalie Dawalibi			7I4DBFVG	67HPB2GE;9U6BPN2C	external-impedance	library-sweep:2026-09-05	out-of-scope	The title and available text concern a grounding or soil-resistivity calculation; the source does not define a distinct p.u.l. line or cable parameter relation in the indexed families.
zotero:Q3CEQ538	GROUNDING, ELECTROMAGNETIC FIELDS		Winston Ruan			Q3CEQ538	IDIAMFNT	external-impedance	library-sweep:2026-09-05	out-of-scope	The title and available text concern a grounding or soil-resistivity calculation; the source does not define a distinct p.u.l. line or cable parameter relation in the indexed families.
zotero:HX5THDNL	IEEE Std 80					HX5THDNL	HX5THDNL	external-impedance	library-sweep:2026-09-05	out-of-scope	The title and available text concern an application outside the indexed formula families; the source does not define a distinct p.u.l. line or cable parameter relation in the indexed families.
zotero:8XDFAYZH	IEEE_Guide_for_Measuring_Earth_Resistivi					8XDFAYZH	8XDFAYZH	external-impedance	library-sweep:2026-09-05	duplicate	The normalized title matches screened ledger row zotero:986IIGXE; this alternate Zotero item or attachment is not counted again.
zotero:RAKGHE7V	Impact of Underground Cables on Harmonic Hosting Capacity		Tom Van Acker; Hakan Ergun			RAKGHE7V	6KTG8QUH;MCH9KNA7		library-sweep:2026-09-05	out-of-scope	The title and available text concern a transient, fault, lightning, or harmonic-system calculation; the source does not define a distinct p.u.l. line or cable parameter relation in the indexed families.
zotero:DKZLDQGL	Improvements in Right-of-Way Program	2013-00-00 2013	Yexu Li			DKZLDQGL	79K6FKWM;S97QM3YU	external-impedance	library-sweep:2026-09-05	application-only	The inspected source applies existing parameter relations to an interference, coupling, or induced-voltage calculation; it does not define a distinct p.u.l. formula beyond the indexed records.
zotero:H8J9CAJF	Improvements in SES Software	2018-00-00 2018				H8J9CAJF	RKWT6AT2;YDDZ2H34	internal-impedance;external-impedance	library-sweep:2026-09-05	duplicate	The normalized title matches screened ledger row zotero:BI6JHUUH; this alternate Zotero item or attachment is not counted again.
zotero:6VV7JRQC	Induced currents in gas pipelines due to nearby power lines		Dejan Markovic			6VV7JRQC	5ZKT6WJK	external-impedance	library-sweep:2026-09-05	out-of-scope	The title and available text concern an interference, coupling, or induced-voltage calculation; the source does not define a distinct p.u.l. line or cable parameter relation in the indexed families.
zotero:DWHFS7U8	Influence of long EHV AC underground cables on the resonance behavior of the Dutch transmission system	2016-07-00 7/2016	Hossein Khalilnezhad; Marjan Popov; Lou Van Der Sluis; Jorrit A. Bos; Jan P. W. De Jong	10.1109/PESGM.2016.7741332		DWHFS7U8	RKVSFDIW		library-sweep:2026-09-05	application-only	The inspected source applies existing parameter relations to a line or cable application; it does not define a distinct p.u.l. formula beyond the indexed records.
zotero:AIA394UL	INTEGRATED SOFTWARE FOR THE DESIGN AND ANALYSIS OF GROUNDING SYSTEMS		J Ma; F P Dawalibi			AIA394UL	9P3PI9HU	external-impedance	library-sweep:2026-09-05	out-of-scope	The title and available text concern a grounding or soil-resistivity calculation; the source does not define a distinct p.u.l. line or cable parameter relation in the indexed families.
zotero:D4Z5CV7U	IPST_pipeline_TurnItIn					D4Z5CV7U	D4Z5CV7U	external-impedance	library-sweep:2026-09-05	out-of-scope	The title and available text concern an interference, coupling, or induced-voltage calculation; the source does not define a distinct p.u.l. line or cable parameter relation in the indexed families.
zotero:IUHIGDK9	Large Suburban Substation Grounding System Analysis - Measurements and Computer Modeling					IUHIGDK9	IUHIGDK9	external-impedance	library-sweep:2026-09-05	out-of-scope	The title and available text concern a grounding or soil-resistivity calculation; the source does not define a distinct p.u.l. line or cable parameter relation in the indexed families.
zotero:HWRMKPHI	LONG LENGTH EHV UNDERGROUND CABLE SYSTEMS IN THE TRANSMISSION NETWORK		M Del Brenna; F Donazzi; A Mansoldo			HWRMKPHI	UHQ25GXY		library-sweep:2026-09-05	application-only	The inspected source applies existing parameter relations to a line or cable application; it does not define a distinct p.u.l. formula beyond the indexed records.
zotero:5UYKC52U	Long term climate-driven underground cable thermal ratings for network planning	2025-04-00 04/2025	Montana-Salas Sergio; Michiorri Andrea	10.1016/j.epsr.2024.111401		5UYKC52U	6SR8TWAT		library-sweep:2026-09-05	out-of-scope	The title and available text concern a thermal, loss, or ampacity calculation; the source does not define a distinct p.u.l. line or cable parameter relation in the indexed families.
zotero:ZIX8BY46	Measurements and computations of the performance of grounding systems buried in multilayer soils	1991-10-00 Oct./1991	F. Dawalibi; N. Barbeito	10.1109/61.97681		ZIX8BY46	7FMGW94Z	external-impedance	library-sweep:2026-09-05	out-of-scope	The title and available text concern a grounding or soil-resistivity calculation; the source does not define a distinct p.u.l. line or cable parameter relation in the indexed families.
zotero:NC78XA94	Modeling Network of Metallic Plates and Cylindrical Conductors in HIFREQ	2016-00-00 2016	Octavio Ramos			NC78XA94	8R6RXS9Z;97LRXU7A	internal-impedance;external-impedance	library-sweep:2026-09-05	application-only	The inspected source applies existing parameter relations to a line or cable application; it does not define a distinct p.u.l. formula beyond the indexed records.
zotero:H72WDJF7	NT RESEARCH INSTITUTE 10 West 35th Street Chicago, Illinois 60615		J Dabkowski; A Taflove			H72WDJF7	UIRWDGHN	external-impedance	library-sweep:2026-09-05	application-only	The inspected source applies existing parameter relations to an application outside the indexed formula families; it does not define a distinct p.u.l. formula beyond the indexed records.
zotero:UKAI7WGC	Parametric Analysis of Split Factor Using FCDIST	2019-00-00 2019	Nicole Crowe			UKAI7WGC	HYTJQI44;Q7EN873G	external-impedance	library-sweep:2026-09-05	application-only	The inspected source applies existing parameter relations to an application outside the indexed formula families; it does not define a distinct p.u.l. formula beyond the indexed records.
zotero:LGLDPH8W	Power Line Transient Interferences on a Nearby Pipeline Due to a Lightning Discharge		Amauri G Martins-Britto			LGLDPH8W	SMJ3Y3N8;XEYLMI27	external-impedance	library-sweep:2026-09-05	out-of-scope	The title and available text concern an interference, coupling, or induced-voltage calculation; the source does not define a distinct p.u.l. line or cable parameter relation in the indexed families.
zotero:TEFIZKM2	Power Line Transient Interferences on a Nearby Pipeline Due to a Lightning Discharge		Amauri G Martins-Britto			TEFIZKM2	GE6F2XK5	external-impedance	library-sweep:2026-09-05	out-of-scope	The title and available text concern an interference, coupling, or induced-voltage calculation; the source does not define a distinct p.u.l. line or cable parameter relation in the indexed families.
zotero:QT9MIEXW	Propagation characteristics along a dielectric coated cylindrical conductor above the ground	1978-00-00 1978	H. Kikuchi	10.1109/PROC.1978.10906		QT9MIEXW	6UTW29T2	external-impedance	library-sweep:2026-09-05	duplicate	The normalized title matches screened ledger row catalogue:C033; this alternate Zotero item or attachment is not counted again.
zotero:GMF4HNTT	Quantifying possible transmission network benefits from higher cable conductor temperatures	2013-06-00 06/2013	James Pilgrim; Paul Lewin; Ankit Gorwadia; Francis Waite; David Payne	10.1049/iet-gtd.2012.0004		GMF4HNTT	4I5N43VB	insulation-admittance	library-sweep:2026-09-05	out-of-scope	The title and available text concern a thermal, loss, or ampacity calculation; the source does not define a distinct p.u.l. line or cable parameter relation in the indexed families.
zotero:57CJF5Z4	Recent advances in the mitigation of AC voltages occurring in pipelines located close to electric transmission lines	1994-04-00 4/1994	R.D. Southey; F.P. Dawalibi; W. Vukonich	10.1109/61.296294		57CJF5Z4	58KM55JB	external-impedance	library-sweep:2026-09-05	out-of-scope	The title and available text concern an interference, coupling, or induced-voltage calculation; the source does not define a distinct p.u.l. line or cable parameter relation in the indexed families.
zotero:3Y3MVZIG	Reducing the Effect of Lightning on Step and Touch Voltages in a Grounding Grid Using a Nature-Inspired Genetic Algorithm With ATP-EMTP	2019-00-00 2019	Saeid Gholami Farkoush; Abdul Wadood; Tahir Khurshaid; Chang-Hwan Kim; Muhammad Irfan; Sang-Bong Rhee	10.1109/ACCESS.2019.2923656		3Y3MVZIG	DQMCMVF7	external-impedance	library-sweep:2026-09-05	out-of-scope	The title and available text concern a grounding or soil-resistivity calculation; the source does not define a distinct p.u.l. line or cable parameter relation in the indexed families.
zotero:L7RP42FD	Risk-Based Underground Cable Circuit Ratings for Flexible Wind Power Integration	2021-02-00 2/2021	Shuran Liu; Konstantinos Kopsidas	10.1109/TPWRD.2020.2980437		L7RP42FD	JW9VGC3A		library-sweep:2026-09-05	application-only	The inspected source applies existing parameter relations to a thermal, loss, or ampacity calculation; it does not define a distinct p.u.l. formula beyond the indexed records.
zotero:LHTNF8PZ	RowInterf					LHTNF8PZ	LHTNF8PZ	external-impedance	library-sweep:2026-09-05	application-only	The inspected source applies existing parameter relations to an application outside the indexed formula families; it does not define a distinct p.u.l. formula beyond the indexed records.
zotero:IJAVCX6R	SES S01 - 0001-0005 - SES Technical Seminar 2013 - Session 1 outline and references					IJAVCX6R	IJAVCX6R	external-impedance	library-sweep:2026-09-05	application-only	The inspected source applies existing parameter relations to an application outside the indexed formula families; it does not define a distinct p.u.l. formula beyond the indexed records.
zotero:T64S3BAQ	session01_fundamental_concepts					T64S3BAQ	T64S3BAQ	external-impedance	library-sweep:2026-09-05	application-only	The inspected source applies existing parameter relations to an application outside the indexed formula families; it does not define a distinct p.u.l. formula beyond the indexed records.
zotero:8EUI3FDB	SMT-2022-03-0032.R2_Proof_hi					8EUI3FDB	8EUI3FDB	external-impedance	library-sweep:2026-09-05	duplicate	No independent publication or formula is associated with this attachment or container row.
zotero:YBREIFK9	Software Methods: State of the Art in Power Line-Pipeline Interference Analysis		Farid Dawalibi			YBREIFK9	J6FJVAXE	external-impedance	library-sweep:2026-09-05	out-of-scope	The title and available text concern an interference, coupling, or induced-voltage calculation; the source does not define a distinct p.u.l. line or cable parameter relation in the indexed families.
zotero:SAMD5YTG	Studying Safety in Underground Distribution System Vaults with HIFREQ	2016-00-00 2016	Octavio Ramos			SAMD5YTG	BVCMLZRB;FFE95WK5	external-impedance	library-sweep:2026-09-05	application-only	The inspected source applies existing parameter relations to an application outside the indexed formula families; it does not define a distinct p.u.l. formula beyond the indexed records.
zotero:A59T98FI	Superimposed Impulse Voltage Test on 525 kV HVDC Underground Cable		I Radecic; S Jancin; M Perkovic; B Filipovic-Grcic; B Jurisic; D Filipovic-Grcic			A59T98FI	8CWCIRI4		library-sweep:2026-09-05	application-only	The inspected source applies existing parameter relations to a line or cable application; it does not define a distinct p.u.l. formula beyond the indexed records.
zotero:DBKXQ89P	TECHSEM - Seminar manual and supporting notes					DBKXQ89P	DBKXQ89P	external-impedance	library-sweep:2026-09-05	duplicate	No independent publication or formula is associated with this attachment or container row.
zotero:RWK47XHT	The Effect of GSU Transformers on Fault Current Levels		Eamon Kerrigan; Endrit Fiku			RWK47XHT	TXJXKE4N;XGW99L6H	external-impedance	library-sweep:2026-09-05	out-of-scope	The title and available text concern a transient, fault, lightning, or harmonic-system calculation; the source does not define a distinct p.u.l. line or cable parameter relation in the indexed families.
zotero:EPGJRGCV	Three-dimensional full-wave transient analysis of switches and faults using a method of moments solution of the electric field integral equation	2021-07-00 07/2021	Mohammad Shafieipour; Jeewantha De Silva; Moein Nazari; Simon Fortin; Farid Paul Dawalibi	10.1016/j.epsr.2021.107262		EPGJRGCV	9GUPRIJP;9PHEJHBA	external-impedance	library-sweep:2026-09-05	application-only	The inspected source applies existing parameter relations to a transient, fault, lightning, or harmonic-system calculation; it does not define a distinct p.u.l. formula beyond the indexed records.
zotero:PKVRQW4R	Transient analysis of inductive induced voltage between power line and nearby pipeline	2017-01-00 01/2017	Xuan Wu; Hui Zhang; George G. Karady	10.1016/j.ijepes.2016.04.051		PKVRQW4R	H3TMTMHY	external-impedance	library-sweep:2026-09-05	out-of-scope	The title and available text concern an interference, coupling, or induced-voltage calculation; the source does not define a distinct p.u.l. line or cable parameter relation in the indexed families.
zotero:J3MJG4Y5	Validity of conventional approaches for calculating body currents resulting from electric shocks	1990-04-00 4/1990	F.P. Dawalibi; R.D. Southey; R.S. Baishiki	10.1109/61.53063		J3MJG4Y5	A59ZP824	internal-impedance;external-impedance	library-sweep:2026-09-05	application-only	The inspected source applies existing parameter relations to an application outside the indexed formula families; it does not define a distinct p.u.l. formula beyond the indexed records.
zotero:PJ72XINV	Warren L. Stutzman, Gary A. Thiele - Antenna Theory and Design (2012, Wiley)					PJ72XINV	PJ72XINV	internal-impedance;external-impedance	library-sweep:2026-09-05	application-only	The inspected source applies existing parameter relations to a field or modal-propagation calculation; it does not define a distinct p.u.l. formula beyond the indexed records.
zotero:D2BQV2M2	Wave Scattering by Thin Dielectric and Lossy Materials Using the MoM Technique	2020-07-05 2020-7-5	Moein Nazari; Rouzbeh Moini; Simon Fortin; Farid. P. Dawalibi	10.1109/IEEECONF35879.2020.9330332		D2BQV2M2	IB4I9RL6;IZK66LXE	internal-impedance	library-sweep:2026-09-05	application-only	The inspected source applies existing parameter relations to an application outside the indexed formula families; it does not define a distinct p.u.l. formula beyond the indexed records.
zotero:AI7N84XS	WorkShops					AI7N84XS	AI7N84XS	external-impedance	library-sweep:2026-09-05	application-only	The inspected source applies existing parameter relations to an application outside the indexed formula families; it does not define a distinct p.u.l. formula beyond the indexed records.
zotero:K5L2FH9A	Y. Li AUTOMATED ANALYSIS OF ELECTROMAGNETIC INTERFERENCE BETWEEN POWER LINES AND NEIGHBORING RAILWAYS					K5L2FH9A	UQ63WWKR	external-impedance	library-sweep:2026-09-05	out-of-scope	The title and available text concern an interference, coupling, or induced-voltage calculation; the source does not define a distinct p.u.l. line or cable parameter relation in the indexed families.
zotero:WPLCDRCH	33276cf8ced0172f90139af2bc4bad675c6cfca3501f9ca71a32de7373de973e					WPLCDRCH	WPLCDRCH	insulation-admittance	library-sweep:2026-09-05	duplicate	No independent publication or formula is associated with this attachment or container row.
zotero:AT7URVKK	6da815c5c370c9b65c6ab33e596d1b34436e92c84ede9807eb80f556358593d4					AT7URVKK	AT7URVKK	insulation-admittance	library-sweep:2026-09-05	duplicate	No independent publication or formula is associated with this attachment or container row.
zotero:97EPPR8C	B1-2 Proc M. El Chmouri_Development^LJ manufacturing and challenges of 525 kV DC cables and accessories in Saudi Arabia					97EPPR8C	97EPPR8C	insulation-admittance	library-sweep:2026-09-05	application-only	The inspected source applies existing parameter relations to a line or cable application; it does not define a distinct p.u.l. formula beyond the indexed records.
zotero:AKXC4429	Bare Exposed Line and Mitigation in SESTLC		Yixin Yang; Jinxi Ma			AKXC4429	6J89YZZH;ZLU78M8G	external-impedance;external-admittance	library-sweep:2026-09-05	out-of-scope	The title and available text concern an application outside the indexed formula families; the source does not define a distinct p.u.l. line or cable parameter relation in the indexed families.
zotero:CJR5NKN4	Electrical Characteristics of the New Ribbon Anodes Included in SESLibrary	2018-00-00 2018	Ye Zhang; Jie Liu; Farid P Dawalibi; Sofiane Chabane			CJR5NKN4	B97P72ZG;PUIVTPPD	internal-impedance	library-sweep:2026-09-05	application-only	The inspected source applies existing parameter relations to an application outside the indexed formula families; it does not define a distinct p.u.l. formula beyond the indexed records.
zotero:KK8HYVHR	EPSR-D-25-04850_reviewer					KK8HYVHR	KK8HYVHR	external-admittance	library-sweep:2026-09-05	duplicate	No independent publication or formula is associated with this attachment or container row.
zotero:8EBJJKAU	Formulas calculating the reactance of tubular busbars and their derivation in primary electrical connection schemes	2023-02-24 2023-02-24	Qun Ge; Zaiqiang Li; Siyuan Liu; Jiaqi Xing	10.1038/s41598-023-30408-2		8EBJJKAU	DFM5BLTH	internal-impedance	library-sweep:2026-09-05	application-only	The inspected source applies existing parameter relations to an application outside the indexed formula families; it does not define a distinct p.u.l. formula beyond the indexed records.
zotero:YSDV7SI5	Multi-Component Cable Model in HIFREQ	2018-00-00 2018	Fatemeh Afshar; Yixin Yang; Jie Liu; Marc-André Joyal; Simon Fortin			YSDV7SI5	87MGZPNS;PXVFNFH2	internal-impedance	library-sweep:2026-09-05	application-only	The inspected source applies existing parameter relations to a line or cable application; it does not define a distinct p.u.l. formula beyond the indexed records.
zotero:TM8A5JZN	Optimum grounding grid design by using an evolutionary algorithm	2007-06-00 06/2007	Sherif Ghoneim; Holger Hirsch; Ahdab Elmorshedy; Rabah Amer	10.1109/PES.2007.385631		TM8A5JZN	CAVAIV7I	external-impedance;external-admittance	library-sweep:2026-09-05	out-of-scope	The title and available text concern a grounding or soil-resistivity calculation; the source does not define a distinct p.u.l. line or cable parameter relation in the indexed families.
zotero:LXQFQZIW	Overvoltage Mitigation during Critical Three-Phase Faults on Half-Wavelength Transmission Lines		J A Santiago Ortega; M C Tavares			LXQFQZIW	TJSGECLP	external-admittance	library-sweep:2026-09-05	out-of-scope	The title and available text concern a transient, fault, lightning, or harmonic-system calculation; the source does not define a distinct p.u.l. line or cable parameter relation in the indexed families.
zotero:6WU39D23	Selection of Magnet Wire Topologies With Reduced AC Losses for the Windings of Electric Drivetrains	2022-00-00 2022	Ahmed Selema; Mehmet Gulec; Mohamed N. Ibrahim; Ruud Sprangers; Peter Sergeant	10.1109/ACCESS.2022.3222773		6WU39D23	KJTCAED9	internal-impedance	library-sweep:2026-09-05	application-only	The inspected source applies existing parameter relations to an application outside the indexed formula families; it does not define a distinct p.u.l. formula beyond the indexed records.
zotero:KY25KLC5	Text01					KY25KLC5	KY25KLC5	insulation-admittance	library-sweep:2026-09-05	application-only	The inspected source applies existing parameter relations to an application outside the indexed formula families; it does not define a distinct p.u.l. formula beyond the indexed records.
zotero:P38696GX	THE STRIP SIMULATION METHOD FOR COMPUTING ELECTRIC FIELD ON CONDUCTOR SURFACES		Yixin Yang; Daniel Dallaire J Ma; F P Dawalibi			P38696GX	RFPIE73L	external-impedance;external-admittance	library-sweep:2026-09-05	application-only	The inspected source applies existing parameter relations to a line or cable application; it does not define a distinct p.u.l. formula beyond the indexed records.
zotero:9K7LFVQF	(1973 CIGRE) ELT_028_2 The Design of Specially Bonded Cable Systems					9K7LFVQF	9K7LFVQF	external-impedance	library-sweep:2026-09-05	application-only	The inspected source applies existing parameter relations to a line or cable application; it does not define a distinct p.u.l. formula beyond the indexed records.
zotero:6MRDWFV5	11H0001X00-Anixter-WC-Technical-Handbook-EN-US					6MRDWFV5	6MRDWFV5	internal-impedance	library-sweep:2026-09-05	application-only	The inspected source applies existing parameter relations to an application outside the indexed formula families; it does not define a distinct p.u.l. formula beyond the indexed records.
zotero:AVANRB6A	136-Experimental Test Bench for Traveling-Wave-Based Methods Evaluations					AVANRB6A	AVANRB6A	external-impedance	library-sweep:2026-09-05	application-only	The inspected source applies existing parameter relations to an application outside the indexed formula families; it does not define a distinct p.u.l. formula beyond the indexed records.
zotero:9LHK2R7K	173_Analysis of Steel Grounding System					9LHK2R7K	9LHK2R7K	external-impedance	library-sweep:2026-09-05	out-of-scope	The title and available text concern a grounding or soil-resistivity calculation; the source does not define a distinct p.u.l. line or cable parameter relation in the indexed families.
zotero:SLWSXWWI	9f81d4164b2b596e81cc7754852dbc677d1ac35d231dc2e08217ffd5ce96a2ca					SLWSXWWI	SLWSXWWI	internal-impedance	library-sweep:2026-09-05	duplicate	No independent publication or formula is associated with this attachment or container row.
zotero:7683CPI4	A New Interface for Circuit Based Computation Modules: SESCircuitSimulator	2019-00-00 2019	Svetlana Blikov; Maxime Daigle; Eric Dawalibi; Stephane Franiatte			7683CPI4	4E475XZF;5Y64ELSW	external-impedance	library-sweep:2026-09-05	application-only	The inspected source applies existing parameter relations to an application outside the indexed formula families; it does not define a distinct p.u.l. formula beyond the indexed records.
zotero:K7WBE5M3	ABNT NBR 7117					K7WBE5M3	K7WBE5M3	external-impedance	library-sweep:2026-09-05	application-only	The inspected source applies existing parameter relations to an application outside the indexed formula families; it does not define a distinct p.u.l. formula beyond the indexed records.
zotero:CU6ZIE9L	AC INTERFERENCE ON A GAS PIPELINE CAUSED BY NEARBY POWER LINES IN A COMPLEX RIGHT-OF-WAY					CU6ZIE9L	CU6ZIE9L	external-impedance	library-sweep:2026-09-05	out-of-scope	The title and available text concern an interference, coupling, or induced-voltage calculation; the source does not define a distinct p.u.l. line or cable parameter relation in the indexed families.
zotero:63TYAMBD	AC INTERFERENCE ON A GAS PIPELINE CAUSED BY NEARBY POWER LINES IN A COMPLEX RIGHT-OF-WAY		G C Christoforidis; D P Labridis; P S Dokopoulos; N Kioupis			63TYAMBD	LNK56PKM	external-impedance	library-sweep:2026-09-05	out-of-scope	The title and available text concern an interference, coupling, or induced-voltage calculation; the source does not define a distinct p.u.l. line or cable parameter relation in the indexed families.
zotero:UDN7QL6C	Accurate Modelling of Frequency-Dependent Transmission Lines in Electromagnetic Transient Simulations	1982-01-00 1/1982	J. Marti	10.1109/TPAS.1982.317332		UDN7QL6C	BQ8UIXLL	external-impedance	library-sweep:2026-09-05	application-only	The inspected source applies existing parameter relations to a transient, fault, lightning, or harmonic-system calculation; it does not define a distinct p.u.l. formula beyond the indexed records.
zotero:Z4FU368V	Advances in CorrCAD	2021-00-00 2021	Yexu Li; Carleen Cheng; Maxime Daigle; Christian Voyer; Jack Niu; Francis Gougeon			Z4FU368V	BMMBPQB3;UEF4XTVV	internal-impedance	library-sweep:2026-09-05	application-only	The inspected source applies existing parameter relations to an application outside the indexed formula families; it does not define a distinct p.u.l. formula beyond the indexed records.
zotero:K6V7ID2K	An analysis on the Frequency-dependent grounding impedance based on the ground current dissipation of counterpoises in the two-layered soils	2012-04-00 4/2012	Jong-Hyuk Choi; Bok-Hee Lee	10.1016/j.elstat.2011.12.003		K6V7ID2K	D57WIZNC	external-impedance	library-sweep:2026-09-05	out-of-scope	The title and available text concern a grounding or soil-resistivity calculation; the source does not define a distinct p.u.l. line or cable parameter relation in the indexed families.
zotero:WJ6YF9FH	An improved linear grounding system analysis in two-layer earth	1996-09-00 Sept./1996	P.D. Rancic; L.V. Stefanovic; D.R. Djordjevic	10.1109/20.538620		WJ6YF9FH	PQ6UNAUH	external-impedance	library-sweep:2026-09-05	out-of-scope	The title and available text concern a grounding or soil-resistivity calculation; the source does not define a distinct p.u.l. line or cable parameter relation in the indexed families.
zotero:QBYELXUK	ANÁLISE DA INFLUÊNCIA DE LINHAS DE TRANSMISSÃO AÉREAS EM REGIME PERMANENTE EM TUBULAÇÕES METÁLICAS ENTERRADAS		Daniel Macedo Baraúna			QBYELXUK	WR5QKETX	external-impedance	library-sweep:2026-09-05	application-only	The inspected source applies existing parameter relations to an application outside the indexed formula families; it does not define a distinct p.u.l. formula beyond the indexed records.
zotero:9DY8MZ7U	Arbitrarily Shaped Grounding Systems in AutoGroundDesign		Farid Paul Dawalibi; Jie Liu; Yanmei Jiang; Marc-André Joyal			9DY8MZ7U	9JUCVGNL;SR7RRAT8	external-impedance	library-sweep:2026-09-05	out-of-scope	The title and available text concern a grounding or soil-resistivity calculation; the source does not define a distinct p.u.l. line or cable parameter relation in the indexed families.
zotero:4N7ACPZV	Bipolar VSC-HVDC Links with Grid-Forming Converters		Francesco Giacomo Puricelli			4N7ACPZV	WVZFTRI8	external-impedance	library-sweep:2026-09-05	application-only	The inspected source applies existing parameter relations to an application outside the indexed formula families; it does not define a distinct p.u.l. formula beyond the indexed records.
zotero:4X838CT4	Case Study: Computer Analysis of the Interactions Between an Electric Power Substation and Nearby Pipelines in Alberta		Farid Dawalibi; Robert D Southey			4X838CT4	7T6I4D63	external-impedance	library-sweep:2026-09-05	out-of-scope	The title and available text concern an interference, coupling, or induced-voltage calculation; the source does not define a distinct p.u.l. line or cable parameter relation in the indexed families.
zotero:943K6N4D	Chapter4_DC interferenceV5					943K6N4D	943K6N4D	external-impedance	library-sweep:2026-09-05	out-of-scope	The title and available text concern an interference, coupling, or induced-voltage calculation; the source does not define a distinct p.u.l. line or cable parameter relation in the indexed families.
zotero:F55I6NMI	Characteristics and effects of electromagnetic interference from UHVDC and geomagnetic storms on buried pipelines	2021-02-00 02/2021	Hongzheng Liu; Qingquan Li; Haixia Li; Zhitong Xue; Mingming Han; Lianguang Liu	10.1016/j.ijepes.2020.106494		F55I6NMI	K39JGX8X	external-impedance	library-sweep:2026-09-05	out-of-scope	The title and available text concern an interference, coupling, or induced-voltage calculation; the source does not define a distinct p.u.l. line or cable parameter relation in the indexed families.
zotero:7IHXDU93	CIGRE2012B1-105					7IHXDU93	7IHXDU93	external-impedance	library-sweep:2026-09-05	application-only	The inspected source applies existing parameter relations to an application outside the indexed formula families; it does not define a distinct p.u.l. formula beyond the indexed records.
zotero:9W7AE38Q	Comparison between Plate and Equivalent Wire Models in Grounding Applications	2017-00-00 2017	Nathalie Dawalibi			9W7AE38Q	T8L25RLJ;XFZBSGCB	external-impedance	library-sweep:2026-09-05	out-of-scope	The title and available text concern a grounding or soil-resistivity calculation; the source does not define a distinct p.u.l. line or cable parameter relation in the indexed families.
zotero:IEY9KMDJ	Comparison of cable models for time domain simulations	2017-09-04 2017-09-04	Walid Ziad El-Khatib; Joachim Holbøll; Tonny W. Rasmussen; Stephan Vogel	10.5324/nordis.v0i24.2303		IEY9KMDJ	TPYRNPBM	internal-impedance	library-sweep:2026-09-05	application-only	The inspected source applies existing parameter relations to a line or cable application; it does not define a distinct p.u.l. formula beyond the indexed records.
zotero:57IVMZI9	COMPARISON OF COMPUTATIONAL METHODS FOR THE DESIGN AND ANALYSIS OF POWER SYSTEM GROUNDING PARAMETRIC ANALYSIS		Simon Fortin; Winston Ruan; Farid P Dawalibi			57IVMZI9	ZNBYNSEI	internal-impedance;external-impedance	library-sweep:2026-09-05	out-of-scope	The title and available text concern a grounding or soil-resistivity calculation; the source does not define a distinct p.u.l. line or cable parameter relation in the indexed families.
zotero:QFUF7LPH	Comparison of Transient and Power Frequency-Induced Voltages on a Pipeline Parallel to an Overhead Transmission Line	2007-07-00 7/2007	I. Cotton; K. Kopsidas; Yang Zhang	10.1109/TPWRD.2006.886771		QFUF7LPH	HLDRINAF	external-impedance	library-sweep:2026-09-05	out-of-scope	The title and available text concern an interference, coupling, or induced-voltage calculation; the source does not define a distinct p.u.l. line or cable parameter relation in the indexed families.
zotero:WRK5I94H	Computer Modelling of AC Interference Problems for the most Cost-Effective Solutions					WRK5I94H	WRK5I94H	external-impedance	library-sweep:2026-09-05	out-of-scope	The title and available text concern an interference, coupling, or induced-voltage calculation; the source does not define a distinct p.u.l. line or cable parameter relation in the indexed families.
zotero:FRX63ZV5	Control of External Corrosion on Underground or Submerged Metallic Piping Systems		AMPP	10.5006/NACE_SP0169-2024		FRX63ZV5	U872DPFN;X3WI4DMC	external-impedance	library-sweep:2026-09-05	out-of-scope	The title and available text concern an application outside the indexed formula families; the source does not define a distinct p.u.l. line or cable parameter relation in the indexed families.
zotero:3WAM65AN	Current interference of HVDC ground electrode to buried pipelines and its personal safety distance	2019-10-00 10/2019	Guofei Cao; Qinglin Gu; Yongtao Jiang; Yongfa Li; Jian Mao; Linran Xiu; Xiuyun Wang; Zitao Jiang	10.1016/j.ngib.2019.03.001		3WAM65AN	55JHF8C9	external-impedance	library-sweep:2026-09-05	out-of-scope	The title and available text concern an interference, coupling, or induced-voltage calculation; the source does not define a distinct p.u.l. line or cable parameter relation in the indexed families.
zotero:CJHHE76R	Database and Rule Based Automated Grounding System Design		J Liu; F P Dawalibi			CJHHE76R	FKZ8GVJQ	external-impedance	library-sweep:2026-09-05	out-of-scope	The title and available text concern a grounding or soil-resistivity calculation; the source does not define a distinct p.u.l. line or cable parameter relation in the indexed families.
zotero:N8T6Y2XQ	DC Current Distribution in Both AC Power Grids and Pipelines Near HVDC Grounding Electrode Considering Their Interaction	2019-12-00 12/2019	Bo Zhang; Fangyuan Cao; Rong Zeng; Jinliang He; Xiaobo Meng; Yongli Liao; Ruihai Li	10.1109/TPWRD.2019.2896121		N8T6Y2XQ	DLTHTEIT	external-impedance	library-sweep:2026-09-05	out-of-scope	The title and available text concern an interference, coupling, or induced-voltage calculation; the source does not define a distinct p.u.l. line or cable parameter relation in the indexed families.
zotero:J9LB567Q	Design Consideration For Substation Expansion		Mike Walker			J9LB567Q	83T6AJWL;CRGLXHCR	external-impedance	library-sweep:2026-09-05	application-only	The inspected source applies existing parameter relations to an application outside the indexed formula families; it does not define a distinct p.u.l. formula beyond the indexed records.
zotero:5GYKBBJJ	Determining Aggregate Resistivity Of Electrical Substation Surface Material	2013-00-00 2013	John E Edlebeck; Bryan Beske			5GYKBBJJ	8G7EYY5D;KA5PW9HN	external-impedance	library-sweep:2026-09-05	application-only	The inspected source applies existing parameter relations to an application outside the indexed formula families; it does not define a distinct p.u.l. formula beyond the indexed records.
zotero:K2UFZYHT	Diagnostic-Testing-for-grounding-systems-Brochure-ENU					K2UFZYHT	K2UFZYHT	external-impedance	library-sweep:2026-09-05	out-of-scope	The title and available text concern a grounding or soil-resistivity calculation; the source does not define a distinct p.u.l. line or cable parameter relation in the indexed families.
zotero:J5USMM29	Effects of deteriorated and contaminated substation surface covering layers on foot resistance calculations	1993-01-00 Jan./1993	F.P. Dawalibi; W. Xiong; J. Ma	10.1109/61.180325		J5USMM29	MANRHTCT	internal-impedance;external-impedance	library-sweep:2026-09-05	application-only	The inspected source applies existing parameter relations to an application outside the indexed formula families; it does not define a distinct p.u.l. formula beyond the indexed records.
zotero:HWGPPX3J	Effects of Electromagnetic Interference on Underground Pipelines Caused by the Operation of High Voltage AC Traction Systems: The Impact of Harmonics	2018-12-00 12/2018	Charalambos A. Charalambous; Andreas Demetriou; Antonis L. Lazari; Alexandros I. Nikolaidis	10.1109/TPWRD.2018.2803080		HWGPPX3J	EF8KUJRH	external-impedance	library-sweep:2026-09-05	out-of-scope	The title and available text concern an interference, coupling, or induced-voltage calculation; the source does not define a distinct p.u.l. line or cable parameter relation in the indexed families.
zotero:4YV7FMJV	EFFECTS OF SEASONAL VARIATIONS ON HIGH VOLTAGE SUBSTATION GROUNDING GRIDS – MEASURED AND COMPUTED RESULTS		Sharon Tee; Farid Paul Dawalibi; Robert Yonza			4YV7FMJV	CT45YXLN	external-impedance	library-sweep:2026-09-05	out-of-scope	The title and available text concern a grounding or soil-resistivity calculation; the source does not define a distinct p.u.l. line or cable parameter relation in the indexed families.
zotero:28BGBR8D	Efficient and Automated Grounding System Design for Electrical Power System		J Liu; F P Dawalibi; J Ma			28BGBR8D	RF7GHJ84	external-impedance	library-sweep:2026-09-05	out-of-scope	The title and available text concern a grounding or soil-resistivity calculation; the source does not define a distinct p.u.l. line or cable parameter relation in the indexed families.
zotero:N62CUU4X	electricity-3060413-peer-review-v2					N62CUU4X	N62CUU4X	external-impedance	library-sweep:2026-09-05	application-only	The inspected source applies existing parameter relations to an application outside the indexed formula families; it does not define a distinct p.u.l. formula beyond the indexed records.
zotero:233HJA32	Electromagnetic Interferences Between Power Lines and Pipelines Using EMTP Techniques	2020-11-12 2020-11-12	Caio M. Moraes; Amauri G. Martins-Britto; Felipe V. Lopes	10.1109/WCNPS50723.2020.9263755		233HJA32	CPFVBWXV	external-impedance	library-sweep:2026-09-05	out-of-scope	The title and available text concern an interference, coupling, or induced-voltage calculation; the source does not define a distinct p.u.l. line or cable parameter relation in the indexed families.
zotero:GLRTZVKD	energies-2974560-peer-review-v1					GLRTZVKD	GLRTZVKD	external-impedance	library-sweep:2026-09-05	application-only	The inspected source applies existing parameter relations to an application outside the indexed formula families; it does not define a distinct p.u.l. formula beyond the indexed records.
zotero:KLM6XIYX	EPSR-D-22-02463_R1_reviewer					KLM6XIYX	KLM6XIYX	external-impedance	library-sweep:2026-09-05	duplicate	No independent publication or formula is associated with this attachment or container row.
zotero:528DQQXN	EPSR-D-22-03839_reviewer					528DQQXN	528DQQXN	external-impedance	library-sweep:2026-09-05	duplicate	No independent publication or formula is associated with this attachment or container row.
zotero:5RZBL5MG	EPSR-D-23-02529_R1_reviewer					5RZBL5MG	5RZBL5MG	external-impedance	library-sweep:2026-09-05	duplicate	No independent publication or formula is associated with this attachment or container row.
zotero:NK77IWIJ	ESTIMATION OF TWO LAYER SOIL PAR?WETERS USING FINITE WENNER RESISTIVITY EXPRESSIOMS		Hans R Seedher			NK77IWIJ	FVHG6A5X	external-impedance	library-sweep:2026-09-05	application-only	The inspected source applies existing parameter relations to an application outside the indexed formula families; it does not define a distinct p.u.l. formula beyond the indexed records.
zotero:AUZPPGW7	External Corrosion and Protection of Ductile Iron Pipe					AUZPPGW7	AUZPPGW7	external-impedance	library-sweep:2026-09-05	out-of-scope	The title and available text concern a transient, fault, lightning, or harmonic-system calculation; the source does not define a distinct p.u.l. line or cable parameter relation in the indexed families.
zotero:TAQL42N2	Fault Conditions at Substations without a Ground Connection to the Main Grid: Earth Fault Current Calculation and Ground Potential Rise (GPR)	2016-00-00 2016	Octavio Ramos			TAQL42N2	5N37ITXA;U4EA6VT9	external-impedance	library-sweep:2026-09-05	application-only	The inspected source applies existing parameter relations to a grounding or soil-resistivity calculation; it does not define a distinct p.u.l. formula beyond the indexed records.
zotero:H8LWNS7H	Finding Equivalent Conductors Representing a Typical Metallic Wire-Mesh Fence	2017-00-00 2017	Nathalie Dawalibi			H8LWNS7H	KSQQMRE4;T5RENNVN	internal-impedance;external-impedance	library-sweep:2026-09-05	application-only	The inspected source applies existing parameter relations to a line or cable application; it does not define a distinct p.u.l. formula beyond the indexed records.
zotero:CKYXQBMM	GMR of Stranded Multi-Zone Conductors		Y Yang; S Fortin; J Ma; F P Dawalibi			CKYXQBMM	4Z2VVCUP	internal-impedance	library-sweep:2026-09-05	application-only	The inspected source applies existing parameter relations to a line or cable application; it does not define a distinct p.u.l. formula beyond the indexed records.
zotero:ZBQRIIEW	Ground/sea return with electrode systems for HVDC transmission	2018-09-00 09/2018	M. Marzinotto; G. Mazzanti; M. Nervi	10.1016/j.ijepes.2018.02.011		ZBQRIIEW	T2Z686K6	external-impedance	library-sweep:2026-09-05	application-only	The inspected source applies existing parameter relations to a grounding or soil-resistivity calculation; it does not define a distinct p.u.l. formula beyond the indexed records.
zotero:EYJU8QET	Grounding Design and Analysis of Solar Power Generation Facilities		Jinxi Ma			EYJU8QET	JPVLG4I3	external-impedance	library-sweep:2026-09-05	out-of-scope	The title and available text concern a grounding or soil-resistivity calculation; the source does not define a distinct p.u.l. line or cable parameter relation in the indexed families.
zotero:AF3C8SEM	Grounding Study Specification					AF3C8SEM	AF3C8SEM	external-impedance	library-sweep:2026-09-05	out-of-scope	The title and available text concern a grounding or soil-resistivity calculation; the source does not define a distinct p.u.l. line or cable parameter relation in the indexed families.
zotero:BWYUQEAM	Grounding System Modeling and Evaluation Using Integrated Circuit Based Fast Relaxed Vector Fitting Approach, Considering Soil Ionization	2020-08-14 2020-08-14	Maziyar Fakhraei; Mehrdad Mahmoudian; Eduardo Manuel Godinho Rodrigues	10.3390/app10165632		BWYUQEAM	Y2DVL3V6	external-impedance	library-sweep:2026-09-05	out-of-scope	The title and available text concern a grounding or soil-resistivity calculation; the source does not define a distinct p.u.l. line or cable parameter relation in the indexed families.
zotero:AY83SXQ3	Grounds for Grounding: A Circuit‐to‐System Handbook	2009-12-14 2009-12-14	Elya B. Joffe; Kai‐Sang Lock	10.1002/9780470529324		AY83SXQ3	5IDSQ3TE	internal-impedance;external-impedance	library-sweep:2026-09-05	out-of-scope	The title and available text concern a grounding or soil-resistivity calculation; the source does not define a distinct p.u.l. line or cable parameter relation in the indexed families.
zotero:CDCJCXXD	H04A9A: Power System Calculations (PSC) - Lesson 2: Modeling transmission lines					CDCJCXXD	3G47BM8L	external-impedance	library-sweep:2026-09-05	duplicate	No independent publication or formula is associated with this attachment or container row.
zotero:2RDLUB3M	High-Efficient Evaluation of the Lightning Electromagnetic Radiation Over a Horizontally Multilayered Conducting Ground With a New Complex Integration Path	2014-06-00 6/2014	Jun Zou; Boyuan Zhang; Xuelong Du; Jaebok Lee; Munno Ju	10.1109/TEMC.2014.2309702		2RDLUB3M	MADU2AJ3	internal-impedance;external-impedance	library-sweep:2026-09-05	out-of-scope	The title and available text concern a transient, fault, lightning, or harmonic-system calculation; the source does not define a distinct p.u.l. line or cable parameter relation in the indexed families.
zotero:9XQQK7GP	IEC 60840-2011					9XQQK7GP	9XQQK7GP	internal-impedance	library-sweep:2026-09-05	out-of-scope	The title and available text concern an application outside the indexed formula families; the source does not define a distinct p.u.l. line or cable parameter relation in the indexed families.
zotero:7SHLW9RA	IEC 62067-2011					7SHLW9RA	7SHLW9RA	internal-impedance	library-sweep:2026-09-05	application-only	The inspected source applies existing parameter relations to an application outside the indexed formula families; it does not define a distinct p.u.l. formula beyond the indexed records.
zotero:QYE6WDPR	ieee-guide-for-improving-the-lightning-performance-of-electric-p					QYE6WDPR	QYE6WDPR	external-impedance	library-sweep:2026-09-05	out-of-scope	The title and available text concern a transient, fault, lightning, or harmonic-system calculation; the source does not define a distinct p.u.l. line or cable parameter relation in the indexed families.
zotero:26E2Q3SW	Improvements in SES Software	2017-00-00 2017	Nathalie Dawalibi			26E2Q3SW	BFIUHLLQ;MP2WXU7G	external-impedance	library-sweep:2026-09-05	duplicate	The normalized title matches screened ledger row zotero:BI6JHUUH; this alternate Zotero item or attachment is not counted again.
zotero:WCKDH78D	Increasing the Cost-Effectiveness of AC Interference Mitigation Designs with Integrated Electromagnetic Field Modeling		R D Southey; F P Dawalibi			WCKDH78D	XUF5Q369	external-impedance	library-sweep:2026-09-05	out-of-scope	The title and available text concern an interference, coupling, or induced-voltage calculation; the source does not define a distinct p.u.l. line or cable parameter relation in the indexed families.
zotero:8KAFXRES	INDUCED VOLTAGES ON DE-ENERGIZED TRANSMISSION LINE CAPACITIVELY AND INDUCTIVELY COUPLED TO ENERGIZED LINE Srete Nikolovski, Ph.D					8KAFXRES	XR5KW5UL	external-impedance	library-sweep:2026-09-05	application-only	The inspected source applies existing parameter relations to an interference, coupling, or induced-voltage calculation; it does not define a distinct p.u.l. formula beyond the indexed records.
zotero:P4YFSM9H	Inductive interference calculation on imperfect coated pipelines due to nearby faulted parallel transmission lines	2003-08-00 8/2003	G.C. Christoforidis; D.P. Labridis; P.S. Dokopoulos	10.1016/S0378-7796(03)00018-X		P4YFSM9H	K82EBGUN	external-impedance	library-sweep:2026-09-05	out-of-scope	The title and available text concern an interference, coupling, or induced-voltage calculation; the source does not define a distinct p.u.l. line or cable parameter relation in the indexed families.
zotero:KEQSWF4R	Inductive interference calculation on imperfect coated pipelines to nearby faulted parallel transmission lines					KEQSWF4R	KEQSWF4R	external-impedance	library-sweep:2026-09-05	out-of-scope	The title and available text concern an interference, coupling, or induced-voltage calculation; the source does not define a distinct p.u.l. line or cable parameter relation in the indexed families.
zotero:BCSVLX2A	Influence of HVDC System Configuration on Fault Currents, Transient Overvoltages, and Cable Grounding		Amauri Martins			BCSVLX2A	HC38V4FH	external-impedance	library-sweep:2026-09-05	out-of-scope	The title and available text concern a grounding or soil-resistivity calculation; the source does not define a distinct p.u.l. line or cable parameter relation in the indexed families.
zotero:2TYX8XF6	INTEGRATED METHOD IN ELECTROMAGNETIC INTERFERENCE STUDIES		Jinxi Ma; Farid P Dawalibi			2TYX8XF6	FVGJ3EGX	external-impedance	library-sweep:2026-09-05	out-of-scope	The title and available text concern an interference, coupling, or induced-voltage calculation; the source does not define a distinct p.u.l. line or cable parameter relation in the indexed families.
zotero:EH57A5A9	Interference Activity on Pipeline Systems From VSC-Based HVDC Cable Networks With Earth/Sea Return: An Insightful Review	2021-06-00 6/2021	Charalambos A. Charalambous	10.1109/TPWRD.2020.3011128		EH57A5A9	4JA3AMNA	external-impedance	library-sweep:2026-09-05	out-of-scope	The title and available text concern an interference, coupling, or induced-voltage calculation; the source does not define a distinct p.u.l. line or cable parameter relation in the indexed families.
zotero:YMW8HL9C	Lightning Efficient Counterpoise Configurations for Transmission Line Grounding	2023-04-00 4/2023	Leonid Grcev; Blagoja Markovski; Mirko Todorovski	10.1109/TPWRD.2022.3200579		YMW8HL9C	BH7IJZHZ	external-impedance	library-sweep:2026-09-05	out-of-scope	The title and available text concern a grounding or soil-resistivity calculation; the source does not define a distinct p.u.l. line or cable parameter relation in the indexed families.
zotero:9LQ345PV	Lightning Transient Study of a Communication Tower					9LQ345PV	9LQ345PV	internal-impedance	library-sweep:2026-09-05	out-of-scope	The title and available text concern a transient, fault, lightning, or harmonic-system calculation; the source does not define a distinct p.u.l. line or cable parameter relation in the indexed families.
zotero:QRUXED7X	Measurement Techniques Related to Criteria for Cathodic Protection on Underground or Submerged Metallic Piping Systems		AMPP	10.5006/NACE_TM0497-2022		QRUXED7X	LFWBSZSL	internal-impedance;external-impedance	library-sweep:2026-09-05	out-of-scope	The title and available text concern a transient, fault, lightning, or harmonic-system calculation; the source does not define a distinct p.u.l. line or cable parameter relation in the indexed families.
zotero:AA3XNBV2	Methodology and Technology for Power System Grounding	2012-11-28 2012-11-28	Jinliang He; Rong Zeng; Bo Zhang	10.1002/9781118255001		AA3XNBV2	S3Z9PTX2	external-impedance	library-sweep:2026-09-05	out-of-scope	The title and available text concern a grounding or soil-resistivity calculation; the source does not define a distinct p.u.l. line or cable parameter relation in the indexed families.
zotero:DQRNRYSR	Mitigation of Alternating Current and Lightning Effects on Metallic Structures and Corrosion Control Systems		AMPP	10.5006/NACE_RP0177-1983		DQRNRYSR	GUET8KD2;KLIAQVFV;R5GIKTQK	internal-impedance;external-impedance	library-sweep:2026-09-05	out-of-scope	The title and available text concern a transient, fault, lightning, or harmonic-system calculation; the source does not define a distinct p.u.l. line or cable parameter relation in the indexed families.
zotero:WB9X7VXS	Modelling earthing systems and cables with moment methods	2009-07-10 2009-07-10	Oszkár Bíró David A. Lowther; Piergiorgio Alotto; Pieter Jacqmaer; Johan Driesen; Christophe Geuzaine	10.1108/03321640910959053		WB9X7VXS	79FWKGN7	internal-impedance	library-sweep:2026-09-05	out-of-scope	The title and available text concern a grounding or soil-resistivity calculation; the source does not define a distinct p.u.l. line or cable parameter relation in the indexed families.
zotero:8W9YBAIC	MODELLING OF THE  INTERACTION BETWEEN GAS PIPELINES AND POWER TRANSMISSION LINES IN SHARED CORRIDORS					8W9YBAIC	8W9YBAIC	external-impedance	library-sweep:2026-09-05	out-of-scope	The title and available text concern an interference, coupling, or induced-voltage calculation; the source does not define a distinct p.u.l. line or cable parameter relation in the indexed families.
zotero:J2Y5QGUZ	Modern computational methods for the design and analysis of power system grounding	1998-00-00 1998	J. Ma; F.P. Dawalibi	10.1109/ICPST.1998.728937		J2Y5QGUZ	8SIH6BG9	external-impedance	library-sweep:2026-09-05	out-of-scope	The title and available text concern a grounding or soil-resistivity calculation; the source does not define a distinct p.u.l. line or cable parameter relation in the indexed families.
zotero:8DBX47HF	MultiFields vs Right-of-Way					8DBX47HF	8DBX47HF	external-impedance	library-sweep:2026-09-05	application-only	The inspected source applies existing parameter relations to an interference, coupling, or induced-voltage calculation; it does not define a distinct p.u.l. formula beyond the indexed records.
zotero:WZVQMKKF	NACE-Aboveground Survey Techniques for the Evaluation of Underground Pipeline Coating Condition					WZVQMKKF	WZVQMKKF	external-impedance	library-sweep:2026-09-05	out-of-scope	The title and available text concern an interference, coupling, or induced-voltage calculation; the source does not define a distinct p.u.l. line or cable parameter relation in the indexed families.
zotero:SZKPPRMD	nbn_en_iec_61936-2_2023_en					SZKPPRMD	SZKPPRMD	external-impedance	library-sweep:2026-09-05	application-only	The inspected source applies existing parameter relations to an application outside the indexed formula families; it does not define a distinct p.u.l. formula beyond the indexed records.
zotero:79RTZSAL	New approach for human exposure assessment along a rail corridor	2019-09-00 9/2019	Oussama Alilou; Francois Grange; Nabil Abdelli; Sebastien Journet; Jose Ribeiro; Attibaud Kouassi; Cyril Maniscalco; Alexandre Machet	10.1109/EMCEurope.2019.8872084		79RTZSAL	IMF475KT;IS5VJ6IQ	external-impedance	library-sweep:2026-09-05	application-only	The inspected source applies existing parameter relations to an interference, coupling, or induced-voltage calculation; it does not define a distinct p.u.l. formula beyond the indexed records.
zotero:26LILMNQ	Non-uniform lines – review of the theory and measured / simulation examples	2020-11-00 11/2020	A. Ametani; K. Yamamoto; N. Triruttanapiruk	10.1016/j.epsr.2020.106514		26LILMNQ	R77FGGQJ	external-impedance	library-sweep:2026-09-05	application-only	The inspected source applies existing parameter relations to an application outside the indexed formula families; it does not define a distinct p.u.l. formula beyond the indexed records.
zotero:DBGZ4A67	Numerical approach of impressed potential on buried pipelines near high‐voltage DC grounding electrodes	2018-03-00 03/2018	Bo Zhang; Fangyuan Cao; Xiaobo Meng; Yongli Liao; Ruihai Li	10.1049/iet-gtd.2017.1436		DBGZ4A67	CUMRVFLX	external-impedance	library-sweep:2026-09-05	out-of-scope	The title and available text concern an interference, coupling, or induced-voltage calculation; the source does not define a distinct p.u.l. line or cable parameter relation in the indexed families.
zotero:KMFJ54ZF	NUMERICAL EVALUATION OF INDUCED VOLTAGES IN THE METALLIC UNDERGROUND PIPELINES					KMFJ54ZF	KMFJ54ZF	external-impedance	library-sweep:2026-09-05	out-of-scope	The title and available text concern an interference, coupling, or induced-voltage calculation; the source does not define a distinct p.u.l. line or cable parameter relation in the indexed families.
zotero:QFC7S8N8	OF MIDDLE EAST TECHNICAL UNIVERSITY		Mustafa Güçlü Aydiner			QFC7S8N8	T9I2ENIG	external-impedance	library-sweep:2026-09-05	application-only	The inspected source applies existing parameter relations to an application outside the indexed formula families; it does not define a distinct p.u.l. formula beyond the indexed records.
zotero:VLEIEU8G	On the Applications of IEEE Std. 80 in the Analysis of Substation Grounding		J Ma; F P Dawalibi			VLEIEU8G	ICILUHEN	external-impedance	library-sweep:2026-09-05	out-of-scope	The title and available text concern a grounding or soil-resistivity calculation; the source does not define a distinct p.u.l. line or cable parameter relation in the indexed families.
zotero:YQDNRAK6	On the Performance of Concrete Foundations as Natural Grounding Electrodes in Transmission Line Towers	2023-11-30 2023-11-30	Amanda S. Marinho; Caio M. Moraes; Amauri G. Martins-Britto	10.1109/WCNPS60622.2023.10345001		YQDNRAK6	24SNGQ6C	external-impedance	library-sweep:2026-09-05	out-of-scope	The title and available text concern a grounding or soil-resistivity calculation; the source does not define a distinct p.u.l. line or cable parameter relation in the indexed families.
zotero:6EL2A4T6	On the Use of the Antenna Theory Model of Lightning Return Stroke With Distributed Current Source for EMC Analysis	2019-06-00 6/2019	Rouzbeh Moini; Moein Nazari; Simon Fortin; Farid P. Dawalibi	10.1109/TEMC.2019.2897084		6EL2A4T6	GI9FSCKW;UBRNBFHI	internal-impedance	library-sweep:2026-09-05	out-of-scope	The title and available text concern a transient, fault, lightning, or harmonic-system calculation; the source does not define a distinct p.u.l. line or cable parameter relation in the indexed families.
zotero:WEHWLXL2	Optimum and Economical Deployment Method of Surge Arresters on Distribution Lines for Insulation Failure Due to Lightning A Circuit Model Analysis		W Ruan; S Fortin; N Mitskevitch; J Ma; F P Dawalibi; E J Middleton			WEHWLXL2	94UL9SIG	external-impedance	library-sweep:2026-09-05	out-of-scope	The title and available text concern a transient, fault, lightning, or harmonic-system calculation; the source does not define a distinct p.u.l. line or cable parameter relation in the indexed families.
zotero:6RXYY86N	OVERVIEW OF HVAC TRANSMISSION LINE INTERFERENCE ISSUES ON BURIED PIPELINES		Philip D Simon			6RXYY86N	Z5DLGRX4	external-impedance	library-sweep:2026-09-05	out-of-scope	The title and available text concern an interference, coupling, or induced-voltage calculation; the source does not define a distinct p.u.l. line or cable parameter relation in the indexed families.
zotero:G46L8LYI	Paper_WindFarm					G46L8LYI	G46L8LYI	external-impedance	library-sweep:2026-09-05	out-of-scope	The title and available text concern an application outside the indexed formula families; the source does not define a distinct p.u.l. line or cable parameter relation in the indexed families.
zotero:PGACFKG5	Performance of HVDC ground electrode in various soil structures	2002-00-00 2002	W. Ruan; J. Ma; J. Liu; F.P. Dawalibi; R.D. Southey	10.1109/ICPST.2002.1047542		PGACFKG5	QYFRKSTQ	external-impedance	library-sweep:2026-09-05	out-of-scope	The title and available text concern a grounding or soil-resistivity calculation; the source does not define a distinct p.u.l. line or cable parameter relation in the indexed families.
zotero:H53VJA6M	POWER FREQUENCY PERFORMANCE OF TRANSMISSION LINE STRUCTURE GROUNDS		F Dawalibi; Rod S Baishiki; San Francisco			H53VJA6M	TVVJDU3C	external-impedance	library-sweep:2026-09-05	application-only	The inspected source applies existing parameter relations to a line or cable application; it does not define a distinct p.u.l. formula beyond the indexed records.
zotero:6QTYLG5E	Practical method for evaluating ground fault current distribution in station, towers and ground wire	1998-01-00 Jan./1998	L.M. Popovic	10.1109/61.660868		6QTYLG5E	34QBRMBB	external-impedance	library-sweep:2026-09-05	application-only	The inspected source applies existing parameter relations to a transient, fault, lightning, or harmonic-system calculation; it does not define a distinct p.u.l. formula beyond the indexed records.
zotero:UIEJG8WN	Quantifying Photovoltaic DC Interference on Buried Pipelines: Exploring Theory, Conducting Experiments, and Field Testing	2024-10-00 10/2024	Charalambos A. Charalambous; Andreas Dimitriou; Christos Melios; Nikolaos Kioupis; Theagenis Manolis	10.1109/TPWRD.2024.3447709		UIEJG8WN	CX3DUU4Z	external-impedance	library-sweep:2026-09-05	out-of-scope	The title and available text concern an interference, coupling, or induced-voltage calculation; the source does not define a distinct p.u.l. line or cable parameter relation in the indexed families.
zotero:72NKALZ4	REMARKS UPON THE INFLUENCE ON HIGH VOLTAGE LINES ON BURIED METALLIC PIPELINES					72NKALZ4	72NKALZ4	external-impedance	library-sweep:2026-09-05	out-of-scope	The title and available text concern an interference, coupling, or induced-voltage calculation; the source does not define a distinct p.u.l. line or cable parameter relation in the indexed families.
zotero:A3PYJW4D	Report_Amauri_TestY-3					A3PYJW4D	A3PYJW4D	external-impedance	library-sweep:2026-09-05	application-only	The inspected source applies existing parameter relations to an application outside the indexed formula families; it does not define a distinct p.u.l. formula beyond the indexed records.
zotero:82A7NFXF	Report_Amauri_TestY-4					82A7NFXF	82A7NFXF	external-impedance	library-sweep:2026-09-05	application-only	The inspected source applies existing parameter relations to an application outside the indexed formula families; it does not define a distinct p.u.l. formula beyond the indexed records.
zotero:P4T9ACDG	Report_Amauri_TestY-5					P4T9ACDG	P4T9ACDG	external-impedance	library-sweep:2026-09-05	application-only	The inspected source applies existing parameter relations to an application outside the indexed formula families; it does not define a distinct p.u.l. formula beyond the indexed records.
zotero:A8DZVSHC	REVISED EDITION INCLUDING SUPPLEMENTED MATERIAL		James R Wait			A8DZVSHC	RPVTM3N4	internal-impedance;external-impedance	library-sweep:2026-09-05	application-only	The inspected source applies existing parameter relations to an application outside the indexed formula families; it does not define a distinct p.u.l. formula beyond the indexed records.
zotero:3L65PUYQ	Right-Of-Way Software Package Improvements	2015-00-00 2015	Nathalie Dawalibi			3L65PUYQ	6JEJ6ABT;TX22E3MG	external-impedance	library-sweep:2026-09-05	application-only	The inspected source applies existing parameter relations to an interference, coupling, or induced-voltage calculation; it does not define a distinct p.u.l. formula beyond the indexed records.
zotero:MQB4N39F	RIO DE JANEIRO, RJ – BRASIL JULHO DE 2026		Eng Amauri Gutierrez Martins-Britto			MQB4N39F	3PSD7RQK	external-impedance	library-sweep:2026-09-05	application-only	The inspected source applies existing parameter relations to an application outside the indexed formula families; it does not define a distinct p.u.l. formula beyond the indexed records.
zotero:4ZRXXDGB	Safety of wind farm grounding systems under fault and lightning currents	2016-09-00 9/2016	Francois Grange; Sebastien Journet; Rouzbeh Moini; Farid Paul Dawalibi	10.1109/ICLP.2016.7791339		4ZRXXDGB	VLW95C7V;XDZT6PFA	external-impedance	library-sweep:2026-09-05	out-of-scope	The title and available text concern a grounding or soil-resistivity calculation; the source does not define a distinct p.u.l. line or cable parameter relation in the indexed families.
zotero:HACBQY2N	Safety of wind farm grounding systems under fault and lightning currents	2016-09-00 9/2016	Francois Grange; Sebastien Journet; Rouzbeh Moini; Farid Paul Dawalibi	10.1109/ICLP.2016.7791339		HACBQY2N	Y5W7YDIG	external-impedance	library-sweep:2026-09-05	out-of-scope	The title and available text concern a grounding or soil-resistivity calculation; the source does not define a distinct p.u.l. line or cable parameter relation in the indexed families.
zotero:ZP8LX8QX	SES S03 - 0227-0229 - SES Technical Seminar 2013 - Session 3 outline and references					ZP8LX8QX	ZP8LX8QX	external-impedance	library-sweep:2026-09-05	application-only	The inspected source applies existing parameter relations to an application outside the indexed formula families; it does not define a distinct p.u.l. formula beyond the indexed records.
zotero:Q7KUEXNU	Short Circuit and induced voltage transient study on a planned 1000 MW HVDC-VSC cable link	2011-00-00 2011	Stefano Lauria; L. Colla; F. Palone	10.13140/2.1.3641.6962		Q7KUEXNU	8CE2GYEM	external-impedance	library-sweep:2026-09-05	application-only	The inspected source applies existing parameter relations to an interference, coupling, or induced-voltage calculation; it does not define a distinct p.u.l. formula beyond the indexed records.
zotero:I2WGHRFS	Springer Handbook of Power Systems	2021-00-00 2021	Konstantin O. Papailiou	10.1007/978-981-32-9938-2		I2WGHRFS	UJLUCNFP	external-impedance	library-sweep:2026-09-05	application-only	The inspected source applies existing parameter relations to an application outside the indexed formula families; it does not define a distinct p.u.l. formula beyond the indexed records.
zotero:UR9RL32G	Study of driven ground rods					UR9RL32G	UR9RL32G	external-impedance	library-sweep:2026-09-05	application-only	The inspected source applies existing parameter relations to an application outside the indexed formula families; it does not define a distinct p.u.l. formula beyond the indexed records.
zotero:6W4NZDQ4	TEMC-021-2025_Proof_hi					6W4NZDQ4	6W4NZDQ4	external-impedance	library-sweep:2026-09-05	duplicate	No independent publication or formula is associated with this attachment or container row.
zotero:XWSCSD8G	Text03					XWSCSD8G	XWSCSD8G	internal-impedance	library-sweep:2026-09-05	application-only	The inspected source applies existing parameter relations to an application outside the indexed formula families; it does not define a distinct p.u.l. formula beyond the indexed records.
zotero:R7NKICV8	The Effect of Overhead AC Power Lines					R7NKICV8	DN3GBQ2M	external-impedance	library-sweep:2026-09-05	application-only	The inspected source applies existing parameter relations to an application outside the indexed formula families; it does not define a distinct p.u.l. formula beyond the indexed records.
zotero:SDBEESCI	The Effects of Low Resistivity Cylindrically Shaped Soil Volumes on Grounding Systems		Y Yang; J Ma; F P Dawalibi			SDBEESCI	LUMK5RRM	external-impedance	library-sweep:2026-09-05	out-of-scope	The title and available text concern a grounding or soil-resistivity calculation; the source does not define a distinct p.u.l. line or cable parameter relation in the indexed families.
zotero:UTKMZ9SC	THE PROBLEM OF FREQUENCY DEPENDENCE IN TRANSMISSION LINE MODELLING		Jose R Marti			UTKMZ9SC	4SSIG7EA	external-impedance	library-sweep:2026-09-05	application-only	The inspected source applies existing parameter relations to a line or cable application; it does not define a distinct p.u.l. formula beyond the indexed records.
zotero:YYMW6HX8	Thermal Model of Underground Cables		Alessandro Manunza; Via Marconi			YYMW6HX8	K96KFQP5		library-sweep:2026-09-05	out-of-scope	The title and available text concern a thermal, loss, or ampacity calculation; the source does not define a distinct p.u.l. line or cable parameter relation in the indexed families.
zotero:X3N3MBMM	Thesis Proposal Master Energy		Amauri G Martins Britto			X3N3MBMM	9JWCB2TQ	external-impedance	library-sweep:2026-09-05	application-only	The inspected source applies existing parameter relations to an application outside the indexed formula families; it does not define a distinct p.u.l. formula beyond the indexed records.
zotero:NBV3QQU9	Transferred GPR and Touch Voltage Analysis on a Caravan Park	2018-00-00 2018	Jonathan Williams			NBV3QQU9	NXDAEZT5;Y23HSZU7	external-impedance	library-sweep:2026-09-05	out-of-scope	The title and available text concern a grounding or soil-resistivity calculation; the source does not define a distinct p.u.l. line or cable parameter relation in the indexed families.
zotero:TT2XXWJ9	Transient Analysis of Power Systems		Juan A Martinez-Velasco			TT2XXWJ9	448FNPQI	external-impedance	library-sweep:2026-09-05	application-only	The inspected source applies existing parameter relations to a transient, fault, lightning, or harmonic-system calculation; it does not define a distinct p.u.l. formula beyond the indexed records.
zotero:JYG5UTTL	Transient Overvoltages in Onshore HVDC Cable Joints: Surge Reflections and the Influence of Grounding Configurations	2026-02-00 02/2026	Tanumay Karmokar; Roland Dongping Zhang; Mohamad Ghaffarian Niasar; Marjan Popov	10.1049/hve2.70170		JYG5UTTL	8B8KDY8I	external-impedance	library-sweep:2026-09-05	out-of-scope	The title and available text concern a grounding or soil-resistivity calculation; the source does not define a distinct p.u.l. line or cable parameter relation in the indexed families.
zotero:HX3RYRYM	Transient Response of the Grounding Grid of a Power Line Tower Subject to a Lightning Discharge	2018-11-00 11/2018	Amauri G. Martins-Britto; Sebastien R. M. J. Rondineau; Felipe V. Lopes	10.1109/WCNPS.2018.8604330		HX3RYRYM	2PUJ5YSR;7FEX4DWX;T7QVB8NE;XDVZ2YYS	external-impedance	library-sweep:2026-09-05	duplicate	No independent publication or formula is associated with this attachment or container row.
zotero:DYMWC7N8	YR3 - 46 Proc_Jicable2025_vf					DYMWC7N8	DYMWC7N8	external-impedance	library-sweep:2026-09-05	application-only	The inspected source applies existing parameter relations to a line or cable application; it does not define a distinct p.u.l. formula beyond the indexed records.
zotero:62NVTUZH	Zone of Influence around Electrical Installations Subjected to Ground Faults LIU, Jie DAWALIBI, Farid Paul					62NVTUZH	2VZCCU3K	internal-impedance;external-impedance	library-sweep:2026-09-05	application-only	The inspected source applies existing parameter relations to a transient, fault, lightning, or harmonic-system calculation; it does not define a distinct p.u.l. formula beyond the indexed records.
zotero:GLQKPJWP	© Manitoba HVDC Research Centre | a division of Manitoba Hydro International Ltd.		Jeewantha De Silva; Lalin Kothalawala			GLQKPJWP	X85T5YMN	internal-impedance	library-sweep:2026-09-05	application-only	The inspected source applies existing parameter relations to an application outside the indexed formula families; it does not define a distinct p.u.l. formula beyond the indexed records.
zotero:X3E6ZTL2	√ R21-Electrode concept-Rev.7-180720 (1) (2)					X3E6ZTL2	X3E6ZTL2	external-impedance	library-sweep:2026-09-05	application-only	The inspected source applies existing parameter relations to a grounding or soil-resistivity calculation; it does not define a distinct p.u.l. formula beyond the indexed records.
zotero:5RQJT3IB	(1) Delft University of Technology, Delft, The Netherlands (2) Eindhoven University of Technology, Eindhoven, The Netherlands (3) TenneT TSO B.V., Arnhem, The Netherlands (4) DNV-GL, Arnhem, The Netherlands		H Khalilnezhad; F Barakou; N Kandalepa; J Wu; L Wu; E F Steennis; J A Bos			5RQJT3IB	DK2T2W8H	external-impedance	library-sweep:2026-09-05	application-only	The inspected source applies existing parameter relations to an application outside the indexed formula families; it does not define a distinct p.u.l. formula beyond the indexed records.
zotero:FWAMUNWH	5 year field experience of HVDC XLPE cable system towards new generation filled type XLPE cable		Shoji Mashio; Yoitsu Sekiguchi; Kozo Suzuki			FWAMUNWH	S6W8XIUV	insulation-admittance	library-sweep:2026-09-05	application-only	The inspected source applies existing parameter relations to a line or cable application; it does not define a distinct p.u.l. formula beyond the indexed records.
zotero:G3GQXFQF	978-90-481-3585-1					G3GQXFQF	G3GQXFQF	insulation-admittance	library-sweep:2026-09-05	application-only	The inspected source applies existing parameter relations to an application outside the indexed formula families; it does not define a distinct p.u.l. formula beyond the indexed records.
zotero:D54XPPQ6	An Efficient and Automated Method for Electromagnetic Compatibility Analysis along Congested Right-of-Way	2006-08-00 08/2006	Y. Li; S. Fortin; F. Dawalibi; Deepak Mankar	10.1109/CEEM.2006.257927		D54XPPQ6	ZNPNHG94	external-impedance	library-sweep:2026-09-05	application-only	The inspected source applies existing parameter relations to an interference, coupling, or induced-voltage calculation; it does not define a distinct p.u.l. formula beyond the indexed records.
zotero:A6E64NCZ	An Improved Antenna Theory Model of Lightning Return Stroke Using a Distributed Current Source–Part II: Applications	2019-04-00 4/2019	Rouzbeh Moini; Moein Nazari; Ali Aghabarati; Simon Fortin; Farid P. Dawalibi	10.1109/TEMC.2018.2830658		A6E64NCZ	98FPAFV4;HPXETVEG	external-impedance	library-sweep:2026-09-05	out-of-scope	The title and available text concern a transient, fault, lightning, or harmonic-system calculation; the source does not define a distinct p.u.l. line or cable parameter relation in the indexed families.
zotero:WHFL9D2H	Determination of Electric and Magnetic Properties of Commercial LTCC Soft Ferrite Material	2011-01-01 2011-01-01	Nelu Blaž; Andrea Marić; Goran Radosavljević; Nebojša Mitrović; Ibrahim Atassi; Walter Smetana; Ljiljana Živanov	10.4071/imaps.286		WHFL9D2H	MWXNXM6T	insulation-admittance	library-sweep:2026-09-05	application-only	The inspected source applies existing parameter relations to an application outside the indexed formula families; it does not define a distinct p.u.l. formula beyond the indexed records.
zotero:IRGZQK3G	Electromagnetic fields near high voltage electrical power lines: a parametric analysis	2002-00-00 2002	J. Liu; W. Ruan; S. Fortin; F.P. Dawalibi	10.1109/ICPST.2002.1053575		IRGZQK3G	GBX4225S	external-impedance	library-sweep:2026-09-05	application-only	The inspected source applies existing parameter relations to a field or modal-propagation calculation; it does not define a distinct p.u.l. formula beyond the indexed records.
zotero:Q9M7EWZU	Exact Lower Bound for Equitable Harmonic Hosting Capacity	2026-08-00 8/2026	Tom Van Acker; Hakan Ergun	10.1109/TPWRD.2025.3648618		Q9M7EWZU	CMSEBIAJ	external-admittance	library-sweep:2026-09-05	out-of-scope	The title and available text concern a transient, fault, lightning, or harmonic-system calculation; the source does not define a distinct p.u.l. line or cable parameter relation in the indexed families.
zotero:SF3AHQ2F	Fourier Enhanced Charge Simulation Method for Electrostatic Analysis of Overhead Transmission Lines	2022-04-00 4/2022	Jon T. Leman; Robert G. Olsen	10.1109/TPWRD.2021.3077109		SF3AHQ2F	WUWD99JZ	external-admittance	library-sweep:2026-09-05	application-only	The inspected source applies existing parameter relations to a line or cable application; it does not define a distinct p.u.l. formula beyond the indexed records.
zotero:AX6TTZRP	Indirect Lightning Strike Analysis of Blocking Diodes in a Large-Scale Photovoltaic System	2025-06-17 2025-6-17	Zhentao Du; Yuxuan Ding; Yaping Du; Chakhung Yeung; Huaifei Chen; Song Zhang; Ruihan Qi; Xiaobing Xiao	10.1109/APL65034.2025.11108897		AX6TTZRP	NNDVDSGZ	external-impedance	library-sweep:2026-09-05	out-of-scope	The title and available text concern a transient, fault, lightning, or harmonic-system calculation; the source does not define a distinct p.u.l. line or cable parameter relation in the indexed families.
zotero:XFBKKEQI	Influence of Conductor Segmentation in Grounding Resistance Calculation Using Boundary Element Method	2004-00-00 2004	T Bariü; S Nikolovski			XFBKKEQI	EDWKZBAX	external-impedance	library-sweep:2026-09-05	out-of-scope	The title and available text concern a grounding or soil-resistivity calculation; the source does not define a distinct p.u.l. line or cable parameter relation in the indexed families.
zotero:FYXJ6FTP	Integrating Dynamic Soil Ionization Models in EMTP for Time-Domain Simulation of Grounding Resistance		Ruyguara A Meyberg			FYXJ6FTP	6H9MFZG4	external-impedance	library-sweep:2026-09-05	out-of-scope	The title and available text concern a thermal, loss, or ampacity calculation; the source does not define a distinct p.u.l. line or cable parameter relation in the indexed families.
zotero:4V3D8RGE	Mitigation of background harmonic amplification caused by offshore wind farm long AC cable integration	2022-07-00 07/2022	Yanqiu Jin; Zheng Xu; Sixun Li; Zheren Zhang	10.1049/rpg2.12509		4V3D8RGE	Y6WNZZEG	external-admittance	library-sweep:2026-09-05	out-of-scope	The title and available text concern a transient, fault, lightning, or harmonic-system calculation; the source does not define a distinct p.u.l. line or cable parameter relation in the indexed families.
zotero:VDGTMLED	PRELIMINARY ANALYSES OF ELECTRICAL PERFORMANCE OF VITRIMERS FOR HVDC APPLICATIONS		Simone Vincenzo			VDGTMLED	HHKNMVLF	insulation-admittance	library-sweep:2026-09-05	application-only	The inspected source applies existing parameter relations to an application outside the indexed formula families; it does not define a distinct p.u.l. formula beyond the indexed records.
zotero:9CI3MGFH	Research on the Optimization Evaluation Method and Improve- 2 ment Strategy for the Transportation Capacity of the Submarine 3 Cable in Directional Drilling Section 4		Kun Huang; Hanbo Dan; Yuze Lei; Fei Teng; Junyao Le; Yantao Chen; Ziheng Gao; Honglei Deng			9CI3MGFH	4V57JRV7	insulation-admittance	library-sweep:2026-09-05	application-only	The inspected source applies existing parameter relations to a line or cable application; it does not define a distinct p.u.l. formula beyond the indexed records.
zotero:9RV7NHW5	SES Generic Circuit Solver	2021-00-00 2021	Moein Nazari; Baki Cetindag; Simon Fortin; Farid P Dawalibi			9RV7NHW5	JJXHAQPP;YH7ES62M	external-admittance	library-sweep:2026-09-05	application-only	The inspected source applies existing parameter relations to an application outside the indexed formula families; it does not define a distinct p.u.l. formula beyond the indexed records.
zotero:M5RK3KQR	Study on Finite Element Reduced Order Modelling Method of Xlpe Cable Temperature Field for Digital Twin Application	2024-00-00 2024	Xingang Chen; Haoran Wang; Shiyao Tan; Zhixian Zhang; Song Li; Zhipeng Ma	10.2139/ssrn.4913386		M5RK3KQR	64R25V5I;FKV753FS;FUB38LG8	insulation-admittance	library-sweep:2026-09-05	out-of-scope	The title and available text concern a thermal, loss, or ampacity calculation; the source does not define a distinct p.u.l. line or cable parameter relation in the indexed families.
zotero:QVPIJVQM	Study on the Electrical Properties of Low‐Density and High‐Density Polyethylene Blends for High‐Voltage Direct Current Cable	2025-12-05 2025-12-05	Zhaoyang Chen; Shanshan Wang; Yongjun Li; Yongsen Han	10.1002/app.57746		QVPIJVQM	8HS7ZRBD	insulation-admittance	library-sweep:2026-09-05	application-only	The inspected source applies existing parameter relations to a line or cable application; it does not define a distinct p.u.l. formula beyond the indexed records.
zotero:Y35IHCKB	Study on the Interference Distribution Characteristics of the HVDC Grounding Electrode Current with Buried Pipelines Based on MoM and FEM	2022-04-27 2022-04-27	Xiong Li; Chengrong Li; Feng Bai; Fangyuan Cao	10.3390/app12094433		Y35IHCKB	PLELMB22	external-impedance	library-sweep:2026-09-05	out-of-scope	The title and available text concern an interference, coupling, or induced-voltage calculation; the source does not define a distinct p.u.l. line or cable parameter relation in the indexed families.
zotero:D6KZJGVX	TEMC-370-2022_Proof_hi					D6KZJGVX	D6KZJGVX	insulation-admittance	library-sweep:2026-09-05	duplicate	No independent publication or formula is associated with this attachment or container row.
zotero:7Y5I3XB2	The Capacitive Coupling Between EHV Lines and Nearby Pipelines	2004-07-00 07/2004	M.M. Saied	10.1109/TPWRD.2003.823211		7Y5I3XB2	WRDXGIH5	external-admittance	library-sweep:2026-09-05	out-of-scope	The title and available text concern an interference, coupling, or induced-voltage calculation; the source does not define a distinct p.u.l. line or cable parameter relation in the indexed families.
zotero:WIT9YBQ5	Transient Ground Potential Rises at a nuclear fusion experimental power plant hit directly by a lightning strike	2011-11-00 11/2011	Winston Ruan; Simon Fortin; Farid Paul Dawalibi; Francois Grange; Sebastien Journet	10.1109/APL.2011.6111102		WIT9YBQ5	3RUE4W35;DNEKCEY8	external-impedance	library-sweep:2026-09-05	out-of-scope	The title and available text concern a grounding or soil-resistivity calculation; the source does not define a distinct p.u.l. line or cable parameter relation in the indexed families.
zotero:QWFLI9UJ	WITHDRAWN: Iterative matrix fitting approach of frequency dependent matrices based on vector fitting	2025-06-00 06/2025	E.S. Bañuelos-Cabral; J.A. Gutiérrez-Robles; J.J. Nuño-Ayón; M.G. Vega-Grijalva; J.L. Naredo; J. Sotelo-Castañón	10.1016/j.epsr.2025.111499		QWFLI9UJ	U877MSCM	external-admittance	library-sweep:2026-09-05	application-only	The inspected source applies existing parameter relations to an application outside the indexed formula families; it does not define a distinct p.u.l. formula beyond the indexed records.
zotero:8H2GNBWA	YR2 - 13 Proc Impact of shortened balancing intervals on HVDC Mass-Impregnated Cables_final					8H2GNBWA	8H2GNBWA	insulation-admittance	library-sweep:2026-09-05	application-only	The inspected source applies existing parameter relations to a line or cable application; it does not define a distinct p.u.l. formula beyond the indexed records.
zotero:UXQ4KAPA	YR3 - 23 Proc Jicable manuscript					UXQ4KAPA	UXQ4KAPA	insulation-admittance	library-sweep:2026-09-05	application-only	The inspected source applies existing parameter relations to a line or cable application; it does not define a distinct p.u.l. formula beyond the indexed records.
zotero:T5EXWRRU	YR4 - 19 Proc Impact of Environmental Conditions on Interface Reliability in PTS Investigating Tools for Performance Evaluation					T5EXWRRU	T5EXWRRU	insulation-admittance	library-sweep:2026-09-05	application-only	The inspected source applies existing parameter relations to an application outside the indexed formula families; it does not define a distinct p.u.l. formula beyond the indexed records.
zotero:K8YAIUKJ	(IEEE PRESS Series on Electromagnetic Waves) Chen-To Tai-Dyadic Green Functions in Electromagnetic Theory-IEEE PRESS (1993)					K8YAIUKJ	K8YAIUKJ	external-impedance	library-sweep:2026-09-05	application-only	The inspected source applies existing parameter relations to an application outside the indexed formula families; it does not define a distinct p.u.l. formula beyond the indexed records.
zotero:CDTWA97J	119-Going parametric in EMT studies EDF methods and tools for input data uncertainties, sensitivity analysis and parameter identification					CDTWA97J	CDTWA97J		library-sweep:2026-09-05	application-only	The inspected source applies existing parameter relations to an application outside the indexed formula families; it does not define a distinct p.u.l. formula beyond the indexed records.
zotero:V4LEDK8I	134-Sensitivity Analysis of Traveling Wave-Based and Impedance-Based Fault Location Techniques					V4LEDK8I	V4LEDK8I		library-sweep:2026-09-05	out-of-scope	The title and available text concern a transient, fault, lightning, or harmonic-system calculation; the source does not define a distinct p.u.l. line or cable parameter relation in the indexed families.
zotero:ITGAVWKI	17 Urban Fall of Potential Testing and Grounding Evaluations		Carl Moller P Eng			ITGAVWKI	9T7JN7RG	external-impedance	library-sweep:2026-09-05	out-of-scope	The title and available text concern a grounding or soil-resistivity calculation; the source does not define a distinct p.u.l. line or cable parameter relation in the indexed families.
zotero:RKSTZATS	2019-F2-15					RKSTZATS	RKSTZATS	internal-impedance	library-sweep:2026-09-05	application-only	The inspected source applies existing parameter relations to an application outside the indexed formula families; it does not define a distinct p.u.l. formula beyond the indexed records.
zotero:HFNPYEV3	64-End-Windings Modeling to Study Transient Voltage Distribution in Machine Stator Windings Using Finite Elements Method					HFNPYEV3	HFNPYEV3	internal-impedance	library-sweep:2026-09-05	application-only	The inspected source applies existing parameter relations to a transient, fault, lightning, or harmonic-system calculation; it does not define a distinct p.u.l. formula beyond the indexed records.
zotero:MVQKYWWV	6ebd3656459b9f8da408fbd5e09da86325a0621b4f5b4ef19c536ac54fa20646					MVQKYWWV	MVQKYWWV	external-impedance	library-sweep:2026-09-05	duplicate	No independent publication or formula is associated with this attachment or container row.
zotero:N3KDPW6M	[Julius_Adams_Stratton]_Electromagnetic_Theory_(IE(BookZZ.org)					N3KDPW6M	N3KDPW6M	internal-impedance	library-sweep:2026-09-05	application-only	The inspected source applies existing parameter relations to an application outside the indexed formula families; it does not define a distinct p.u.l. formula beyond the indexed records.
zotero:BS5S6SZQ	ABNT NBR 25415 - Métodos de medição e níveis de referência para exposição a campos elétricos e magnéticos na frequência de 50 Hz e 60 Hz					BS5S6SZQ	BS5S6SZQ	internal-impedance	library-sweep:2026-09-05	application-only	The inspected source applies existing parameter relations to an application outside the indexed formula families; it does not define a distinct p.u.l. formula beyond the indexed records.
zotero:GAZ4EJCQ	Advancements in the Treatment of Nonlinear Devices in the Frequency Domain	2016-00-00 2016	Octavio Ramos			GAZ4EJCQ	SZ8BFBEP;YA8I3TEV	external-impedance	library-sweep:2026-09-05	application-only	The inspected source applies existing parameter relations to an application outside the indexed formula families; it does not define a distinct p.u.l. formula beyond the indexed records.
zotero:URBCJD6A	Analise da Resposta de Linhas de Transmissao em Coordenadas de Fase					URBCJD6A	URBCJD6A	external-impedance	library-sweep:2026-09-05	application-only	The inspected source applies existing parameter relations to an application outside the indexed formula families; it does not define a distinct p.u.l. formula beyond the indexed records.
zotero:EVQA2AW5	Analysis of Cable Overvoltages in Symmetrical Monopolar and Rigid Bipolar HVDC Configuration	2020-08-00 8/2020	Max Goertz; Simon Wenig; Simon Beckler; Carolin Hirsching; Michael Suriyah; Thomas Leibfried	10.1109/TPWRD.2019.2960851		EVQA2AW5	8G467XI5	external-impedance	library-sweep:2026-09-05	out-of-scope	The title and available text concern a transient, fault, lightning, or harmonic-system calculation; the source does not define a distinct p.u.l. line or cable parameter relation in the indexed families.
zotero:VFC7ZMCL	C010_Wave_Propagation_on_the_Ground_Return_Circuit_in_High_Frequency_Regions					VFC7ZMCL	VFC7ZMCL	external-impedance	library-sweep:2026-09-05	duplicate	The normalized title matches screened ledger row catalogue:C010; this alternate Zotero item or attachment is not counted again.
zotero:MSGCMAUK	C012_Electromagnetic_Fields_on_Infinite_Wire_at_High_Frequencies_Above_Plane_Earth				Kikuchi1957	MSGCMAUK	MSGCMAUK	external-impedance	library-sweep:2026-09-05	duplicate	The normalized title matches screened ledger row catalogue:C012; this alternate Zotero item or attachment is not counted again.
zotero:AFILVRIE	Calculation of Transmission Line Worker Electric Field In- 2 duced Current using Fourier Enhanced Charge Simulation 3		Jon Leman; Robert Olsen; David Renew			AFILVRIE	IM5RB8GF	internal-impedance	library-sweep:2026-09-05	application-only	The inspected source applies existing parameter relations to a line or cable application; it does not define a distinct p.u.l. formula beyond the indexed records.
zotero:HSJ8XIHS	Capacitive discharge of metallic structures close to high voltage power lines	2002-00-00 2002	J. Ma; F.P. Dawalibi	10.1109/ELMAGC.2002.1177444		HSJ8XIHS	SRKR2QDL	external-impedance	library-sweep:2026-09-05	application-only	The inspected source applies existing parameter relations to an application outside the indexed formula families; it does not define a distinct p.u.l. formula beyond the indexed records.
zotero:GVYHGE2H	ch5_transient_errors_nonlinearity					GVYHGE2H	GVYHGE2H	internal-impedance	library-sweep:2026-09-05	application-only	The inspected source applies existing parameter relations to a transient, fault, lightning, or harmonic-system calculation; it does not define a distinct p.u.l. formula beyond the indexed records.
zotero:RBL2844W	ch7_circuits					RBL2844W	RBL2844W	internal-impedance	library-sweep:2026-09-05	application-only	The inspected source applies existing parameter relations to an application outside the indexed formula families; it does not define a distinct p.u.l. formula beyond the indexed records.
zotero:S37IYYW8	CIGRE 345-2008 - Alternating current (AC) resistance of helically stranded conductors - WG B2.12					S37IYYW8	S37IYYW8	internal-impedance	library-sweep:2026-09-05	application-only	The inspected source applies existing parameter relations to a line or cable application; it does not define a distinct p.u.l. formula beyond the indexed records.
zotero:4ZRYIDNT	Comparative Analysis of HV Cables Electrical Characteristics	2019-06-00 6/2019	Dimitar Georgiev	10.1109/ELMA.2019.8771661		4ZRYIDNT	93ATNH9S	internal-impedance	library-sweep:2026-09-05	application-only	The inspected source applies existing parameter relations to a line or cable application; it does not define a distinct p.u.l. formula beyond the indexed records.
zotero:ZZXFU995	Computation of Armor Losses in AC Submarine Cables	2021-10-00 10/2021	Luca Giussani; Luca Di Rienzo; Massimo Bechis; Carlo De Falco	10.1109/TPWRD.2020.3031735		ZZXFU995	N72XR3QT	internal-impedance	library-sweep:2026-09-05	application-only	The inspected source applies existing parameter relations to a line or cable application; it does not define a distinct p.u.l. formula beyond the indexed records.
zotero:CM9XCXFU	delalamo1991					CM9XCXFU	CM9XCXFU	external-impedance	library-sweep:2026-09-05	application-only	The inspected source applies existing parameter relations to an application outside the indexed formula families; it does not define a distinct p.u.l. formula beyond the indexed records.
zotero:C2GUFTFM	Dommel_1996_EMTP Theory Book					C2GUFTFM	C2GUFTFM	internal-impedance	library-sweep:2026-09-05	application-only	The inspected source applies existing parameter relations to an application outside the indexed formula families; it does not define a distinct p.u.l. formula beyond the indexed records.
zotero:GVNCBUP9	ECCE2017_ONELAB_16july_v0					GVNCBUP9	GVNCBUP9	internal-impedance	library-sweep:2026-09-05	application-only	The inspected source applies existing parameter relations to an application outside the indexed formula families; it does not define a distinct p.u.l. formula beyond the indexed records.
zotero:DTLVQVH4	Effect of Modeling Overhead Bus Work on A Large Substation		Carl Moller; P Eng			DTLVQVH4	CAFSXQ6H;ZKF9ISD9	external-impedance	library-sweep:2026-09-05	application-only	The inspected source applies existing parameter relations to an application outside the indexed formula families; it does not define a distinct p.u.l. formula beyond the indexed records.
zotero:2VD8LZA5	Electric Circuit Problems with Solutions	1975-00-00 1975	F. A. Benson	10.1007/978-94-009-5847-0		2VD8LZA5	JPANKSE8	internal-impedance	library-sweep:2026-09-05	application-only	The inspected source applies existing parameter relations to an application outside the indexed formula families; it does not define a distinct p.u.l. formula beyond the indexed records.
zotero:DYQDXW87	EMTPTheoryBook					DYQDXW87	DYQDXW87	internal-impedance	library-sweep:2026-09-05	application-only	The inspected source applies existing parameter relations to an application outside the indexed formula families; it does not define a distinct p.u.l. formula beyond the indexed records.
zotero:FZ3VSLCY	Estimation of Soil Parameters					FZ3VSLCY	FZ3VSLCY	external-impedance	library-sweep:2026-09-05	application-only	The inspected source applies existing parameter relations to an application outside the indexed formula families; it does not define a distinct p.u.l. formula beyond the indexed records.
zotero:UP5FSK59	GROUNDING ANALYSIS OF LARGE HYDROELECTRIC					UP5FSK59	UP5FSK59	external-impedance	library-sweep:2026-09-05	out-of-scope	The title and available text concern a grounding or soil-resistivity calculation; the source does not define a distinct p.u.l. line or cable parameter relation in the indexed families.
zotero:XDKTMDPL	Grounding System Design for A Large EHV Station with Different Soil Structures	2015-00-00 2015	Nathalie Dawalibi			XDKTMDPL	S69E8ZK3;VD2M75LW	external-impedance	library-sweep:2026-09-05	out-of-scope	The title and available text concern a grounding or soil-resistivity calculation; the source does not define a distinct p.u.l. line or cable parameter relation in the indexed families.
zotero:RLKSX4PM	gustavsen1999					RLKSX4PM	RLKSX4PM	external-impedance	library-sweep:2026-09-05	application-only	The inspected source applies existing parameter relations to an application outside the indexed formula families; it does not define a distinct p.u.l. formula beyond the indexed records.
zotero:3TVMQD5R	IEC 60287-1-3-2023					3TVMQD5R	3TVMQD5R	external-impedance	library-sweep:2026-09-05	out-of-scope	The title and available text concern an application outside the indexed formula families; the source does not define a distinct p.u.l. line or cable parameter relation in the indexed families.
zotero:3X36NVQX	IEC60228_ENG (1)					3X36NVQX	3X36NVQX	internal-impedance	library-sweep:2026-09-05	application-only	The inspected source applies existing parameter relations to an application outside the indexed formula families; it does not define a distinct p.u.l. formula beyond the indexed records.
zotero:ZA6YTCRK	Impact of Data Acquisition System on Impedance-based Fault Locators		P V B Oliveira; W L A Neves; D Fernandes Jr; R L A Reis			ZA6YTCRK	B4V3IZ8U		library-sweep:2026-09-05	application-only	The inspected source applies existing parameter relations to a transient, fault, lightning, or harmonic-system calculation; it does not define a distinct p.u.l. formula beyond the indexed records.
zotero:A4Q8CJ4K	Impact of Recent Developments in Biological Electrical Shock Safety Criteria		J E Bridges; M Vainberg; M C Wills			A4Q8CJ4K	U8L5M5E3	internal-impedance	library-sweep:2026-09-05	application-only	The inspected source applies existing parameter relations to an application outside the indexed formula families; it does not define a distinct p.u.l. formula beyond the indexed records.
zotero:948N8RXC	Improved Formulae for the Inductance of Straight Wires	2014-09-08 2014-09-08	H. A. Aebischer; B. Aebischer	10.7716/aem.v3i1.254		948N8RXC	INJ3X6UW	internal-impedance	library-sweep:2026-09-05	application-only	The inspected source applies existing parameter relations to an application outside the indexed formula families; it does not define a distinct p.u.l. formula beyond the indexed records.
zotero:6JVF6UB7	Improved Grounding Grid Imaging via IRLS-Based Electrical Impedance Tomography With Tikhonov–TV Regularization	2025-00-00 2025	Anan Zhang; Chaohai Ji; Wenbo Ma; Liang Zhang; Jiansheng Liu; Huang Huang	10.1109/TIM.2025.3595244		6JVF6UB7	86ZKFZ95	external-impedance	library-sweep:2026-09-05	out-of-scope	The title and available text concern a grounding or soil-resistivity calculation; the source does not define a distinct p.u.l. line or cable parameter relation in the indexed families.
zotero:M44HAQDN	Improvements in SES Software	2021-00-00 2021				M44HAQDN	2CDSBJYD;7XKP262N	internal-impedance	library-sweep:2026-09-05	duplicate	The normalized title matches screened ledger row zotero:BI6JHUUH; this alternate Zotero item or attachment is not counted again.
zotero:IJMSAZMK	Improvements in SESCAD		Simon Fortin			IJMSAZMK	DV8D7CM7;G3ADC375	internal-impedance	library-sweep:2026-09-05	duplicate	The normalized title matches screened ledger row zotero:ADIUM8N6; this alternate Zotero item or attachment is not counted again.
zotero:8JF74DNJ	Improvements in SESCAD	2019-00-00 2019	Simon Fortin			8JF74DNJ	6S7PJMS6;MPNLYX2E	internal-impedance	library-sweep:2026-09-05	duplicate	The normalized title matches screened ledger row zotero:ADIUM8N6; this alternate Zotero item or attachment is not counted again.
zotero:VYGQQUY2	Induced currents and losses in single-core submarine cables	1976-01-00 01/1976	G. Bianchi; G. Luoni	10.1109/T-PAS.1976.32076		VYGQQUY2	VDN8C2DA	external-impedance	library-sweep:2026-09-05	application-only	The inspected source applies existing parameter relations to a line or cable application; it does not define a distinct p.u.l. formula beyond the indexed records.
zotero:FDDWQQIY	Inductance Calculations Working Formulas and Tables	1964-01-00 01/1964	J. N. Snyder; Frederick C. Grover	10.2307/2003443		FDDWQQIY	WCKQVPEF	internal-impedance	library-sweep:2026-09-05	application-only	The inspected source applies existing parameter relations to an application outside the indexed formula families; it does not define a distinct p.u.l. formula beyond the indexed records.
zotero:875YZ2WZ	Inductive Interference of power lines on buried irrigation pipelines					875YZ2WZ	875YZ2WZ	external-impedance	library-sweep:2026-09-05	out-of-scope	The title and available text concern an interference, coupling, or induced-voltage calculation; the source does not define a distinct p.u.l. line or cable parameter relation in the indexed families.
zotero:KKNUI9W9	Inductive Voltage Transformer Model for High-Frequency Studies	2023-11-30 2023-11-30	Érico E. B. Mendes; Ana Clara S. Assis; Marcello H. M. Pinto; Alberto De Conti	10.1109/WCNPS60622.2023.10345359		KKNUI9W9	JPL9LV4Y	internal-impedance	library-sweep:2026-09-05	out-of-scope	The title and available text concern an application outside the indexed formula families; the source does not define a distinct p.u.l. line or cable parameter relation in the indexed families.
zotero:CA5ZGGJE	Interruption of small, medium-voltage transformer current with a vacuum circuit breaker	2020-10-00 10/2020	Alain Xemard; Bruno Jurisic; Michel Rioual; Arthur Olivier; Eric Sellin	10.1016/j.epsr.2020.106502		CA5ZGGJE	IKQTMUN3	internal-impedance	library-sweep:2026-09-05	out-of-scope	The title and available text concern an application outside the indexed formula families; the source does not define a distinct p.u.l. line or cable parameter relation in the indexed families.
zotero:KBZHXMHJ	Introduction HVDC technology and regulatory/market considerations		Dirk Van Hertem; KU Leuven; EnergyVille Etch			KBZHXMHJ	FSQKTX3J	internal-impedance	library-sweep:2026-09-05	application-only	The inspected source applies existing parameter relations to an application outside the indexed formula families; it does not define a distinct p.u.l. formula beyond the indexed records.
zotero:D7E3AJYG	Jagged Transmission Line Model in SESTLC	2019-00-00 2019	Yixin Yang; Zhiqiong Luo; Simon Fortin; Farid P Dawalibi			D7E3AJYG	3L5HWNZR;NSTHPBD7	external-impedance	library-sweep:2026-09-05	application-only	The inspected source applies existing parameter relations to a line or cable application; it does not define a distinct p.u.l. formula beyond the indexed records.
zotero:SV9XWSF4	Leiterklassenvergleich CL 2 - CL5					SV9XWSF4	SV9XWSF4	internal-impedance	library-sweep:2026-09-05	application-only	The inspected source applies existing parameter relations to an application outside the indexed formula families; it does not define a distinct p.u.l. formula beyond the indexed records.
zotero:P5SGXVN4	Linhas de Transmissão: Modelo Otimizado para Estudos de Transitórios Eletromagnéticos		Alécio Barreto Fernandes			P5SGXVN4	P6KMM8MU	external-impedance	library-sweep:2026-09-05	application-only	The inspected source applies existing parameter relations to an application outside the indexed formula families; it does not define a distinct p.u.l. formula beyond the indexed records.
zotero:Z9MSMTSH	Linhas de Transmissão: Um Modelo no Domínio de Fases Preciso e Eficiente zyxwvutsrqponmlkjihgfedcbaZYXWVUTSRQPONMLKJIHGFEDCBA		Alécio Barreto Fernandes			Z9MSMTSH	6CJEB2YA	external-impedance	library-sweep:2026-09-05	application-only	The inspected source applies existing parameter relations to an application outside the indexed formula families; it does not define a distinct p.u.l. formula beyond the indexed records.
zotero:STXNP2BN	Matthew  N.O. Sadiku-Numerical Techniques in Electromagnetics with MATLAB, Third Edition-CRC Press (2009)					STXNP2BN	STXNP2BN	internal-impedance	library-sweep:2026-09-05	application-only	The inspected source applies existing parameter relations to an application outside the indexed formula families; it does not define a distinct p.u.l. formula beyond the indexed records.
zotero:7VZJ392A	Matthew N.O. Sadiku-Numerical Techniques in Electromagnetics-Routledge (2000)					7VZJ392A	7VZJ392A	internal-impedance	library-sweep:2026-09-05	application-only	The inspected source applies existing parameter relations to an application outside the indexed formula families; it does not define a distinct p.u.l. formula beyond the indexed records.
zotero:T88XN2SW	Measurement and Computation of Induced Noise Levels in Telephone Lines Due to Harmonics in Nearby Power Lines	2006-08-00 08/2006	Jinxi Ma; Robert Southey; Farid Dawalibi	10.1109/CEEM.2006.258022		T88XN2SW	HVLGN9D3	external-impedance	library-sweep:2026-09-05	application-only	The inspected source applies existing parameter relations to a transient, fault, lightning, or harmonic-system calculation; it does not define a distinct p.u.l. formula beyond the indexed records.
zotero:ETP79VLA	MODELAGEM DE SISTEMAS DE POTÊNCIA		Amauri Martins			ETP79VLA	TU5VSEG9	internal-impedance	library-sweep:2026-09-05	application-only	The inspected source applies existing parameter relations to an application outside the indexed formula families; it does not define a distinct p.u.l. formula beyond the indexed records.
zotero:CW3X3WFB	MODELAGEM DE SISTEMAS DE POTÊNCIA		Felipe V Lopes			CW3X3WFB	ALCPVL36;AX6F2WH2;EGFA8VX5;KSEM5ULA;VH2XR6JN	external-impedance	library-sweep:2026-09-05	application-only	The inspected source applies existing parameter relations to an application outside the indexed formula families; it does not define a distinct p.u.l. formula beyond the indexed records.
zotero:I3YYI3LB	Modeling Of Plate Structures in HIFREQ	2015-00-00 2015	Nathalie Dawalibi			I3YYI3LB	53RELS8Q;SFUDYIUC	internal-impedance	library-sweep:2026-09-05	application-only	The inspected source applies existing parameter relations to an application outside the indexed formula families; it does not define a distinct p.u.l. formula beyond the indexed records.
zotero:IACWDFRD	nbn_iec_60479-1_2023_en					IACWDFRD	IACWDFRD	internal-impedance	library-sweep:2026-09-05	application-only	The inspected source applies existing parameter relations to an application outside the indexed formula families; it does not define a distinct p.u.l. formula beyond the indexed records.
zotero:8IGHXUJQ	NBR+15751+-+2009+-+Sistemas+Aterramento+Subestações					8IGHXUJQ	8IGHXUJQ	external-impedance	library-sweep:2026-09-05	application-only	The inspected source applies existing parameter relations to an application outside the indexed formula families; it does not define a distinct p.u.l. formula beyond the indexed records.
zotero:2FLEFCQU	NT_DPES_SEACS_001_2017_CORRENTES_DE_RETORNO					2FLEFCQU	2FLEFCQU	external-impedance	library-sweep:2026-09-05	application-only	The inspected source applies existing parameter relations to an application outside the indexed formula families; it does not define a distinct p.u.l. formula beyond the indexed records.
zotero:GQQXZQ5C	Numerical Techniques for the Analysis of HVDC Sea Electrodes	2015-11-00 11/2015	Amir Hajiaboli; Simon Fortin; Farid Paul Dawalibi	10.1109/TIA.2015.2430844		GQQXZQ5C	TFMDQ8BE;WANFW8YN	external-impedance	library-sweep:2026-09-05	application-only	The inspected source applies existing parameter relations to a grounding or soil-resistivity calculation; it does not define a distinct p.u.l. formula beyond the indexed records.
zotero:X9KESL5X	Online Inertia Estimation of Inverter-Based Resources Using Bus Frequency Measurements	2025-00-00 2025	Narges Zarean Shahraki; Kaustav Dey; Ting Lin; Aniruddha  M. Gole	10.2139/ssrn.5091877		X9KESL5X	JMJGBH8H	internal-impedance	library-sweep:2026-09-05	application-only	The inspected source applies existing parameter relations to an application outside the indexed formula families; it does not define a distinct p.u.l. formula beyond the indexed records.
zotero:7MIJTS7K	Paper TPWRD-00095-2019.R1 by Mr. Amauri Martins-Britto		Amauri G Martins Júnior			7MIJTS7K	YKMWAMXW	external-impedance	library-sweep:2026-09-05	application-only	The inspected source applies existing parameter relations to an application outside the indexed formula families; it does not define a distinct p.u.l. formula beyond the indexed records.
zotero:NPXJ3EH6	Partial discharge propagation in high voltage XLPE insulated cables - measurement vs- Modelling		BOCHENSKI Boguslaw			NPXJ3EH6	MFZM5QZR	internal-impedance	library-sweep:2026-09-05	application-only	The inspected source applies existing parameter relations to a line or cable application; it does not define a distinct p.u.l. formula beyond the indexed records.
zotero:K6E3Y5PT	Power Systems in Close Proximity to Pipelines	1986-05-00 5/1986	John P. Nelson	10.1109/TIA.1986.4504739		K6E3Y5PT	7MD75G98	external-impedance	library-sweep:2026-09-05	out-of-scope	The title and available text concern an interference, coupling, or induced-voltage calculation; the source does not define a distinct p.u.l. line or cable parameter relation in the indexed families.
zotero:8P7Z9MBD	Resistance Variations in High-Frequency Inductors Considering Induced Fields Among Conductors	2021-02-00 2/2021	Dae Yong Um; Gwan Soo Park	10.1109/TMAG.2020.3005312		8P7Z9MBD	4WV28JF2	internal-impedance	library-sweep:2026-09-05	application-only	The inspected source applies existing parameter relations to a line or cable application; it does not define a distinct p.u.l. formula beyond the indexed records.
zotero:GTMAFX6F	RL-571BP-71-0003-R1 ESTUDO DE INTEFERENCIA LT_DUTO					GTMAFX6F	GTMAFX6F	external-impedance	library-sweep:2026-09-05	application-only	The inspected source applies existing parameter relations to an application outside the indexed formula families; it does not define a distinct p.u.l. formula beyond the indexed records.
zotero:3MWQB2M2	Roteiro_Line_Constants					3MWQB2M2	3MWQB2M2	internal-impedance	library-sweep:2026-09-05	application-only	The inspected source applies existing parameter relations to an application outside the indexed formula families; it does not define a distinct p.u.l. formula beyond the indexed records.
zotero:958E2T96	Sensitivity Analysis of Impedance-Based Transmission Line Fault Location Algorithms		Catarina Gaspar			958E2T96	W8HPQ4X5	external-impedance	library-sweep:2026-09-05	out-of-scope	The title and available text concern a transient, fault, lightning, or harmonic-system calculation; the source does not define a distinct p.u.l. line or cable parameter relation in the indexed families.
zotero:TIB58DGD	SESeBundle: Find an Equivalent Single Conductor Representing a Bundle of Conductors	2015-00-00 2015	Nathalie Dawalibi			TIB58DGD	3IKN24CM;X8DDCGD3	internal-impedance	library-sweep:2026-09-05	application-only	The inspected source applies existing parameter relations to a line or cable application; it does not define a distinct p.u.l. formula beyond the indexed records.
zotero:RCALVVTH	Short-Circuit Study in Networks with Multiple Transformers Outside the Central Site in the SPLITS Computation Module	2017-00-00 2017	Nathalie Dawalibi			RCALVVTH	YBMQWQUZ;ZGUCQ6UD	external-impedance	library-sweep:2026-09-05	out-of-scope	The title and available text concern an application outside the indexed formula families; the source does not define a distinct p.u.l. line or cable parameter relation in the indexed families.
zotero:IUZ4VQSE	Stranded wire with uninsulated strands as a low-cost alternative to litz wire	2003-00-00 2003	Xu Tang; C.R. Sullivan	10.1109/PESC.2003.1218308		IUZ4VQSE	ZGQG2JCS	internal-impedance	library-sweep:2026-09-05	application-only	The inspected source applies existing parameter relations to an application outside the indexed formula families; it does not define a distinct p.u.l. formula beyond the indexed records.
zotero:ZB827HBC	Study of the method of geometric mean distances used in inductance calculations		Harold Lockwood Seneff			ZB827HBC	V3NX2W38	internal-impedance	library-sweep:2026-09-05	application-only	The inspected source applies existing parameter relations to an application outside the indexed formula families; it does not define a distinct p.u.l. formula beyond the indexed records.
zotero:ILTSN27Z	Techniques and Computer Codes for Rational Modelling of Frequency‐Dependent Components and Subnetworks	2015-01-09 2015-01-09	Juan A. Martinez‐Velasco; Bjørn Gustavsen	10.1002/9781118694190.oth1		ILTSN27Z	TS3UVT6H	external-impedance	library-sweep:2026-09-05	application-only	The inspected source applies existing parameter relations to an application outside the indexed formula families; it does not define a distinct p.u.l. formula beyond the indexed records.
zotero:F2HG9ZMI	Text09					F2HG9ZMI	F2HG9ZMI	external-impedance	library-sweep:2026-09-05	application-only	The inspected source applies existing parameter relations to an application outside the indexed formula families; it does not define a distinct p.u.l. formula beyond the indexed records.
zotero:342DKWA4	The New Cross-Section Module	2013-00-00 2013	Eric Dawalibi; Luis Valcárcel; Christian Voyer; Martin Deslongchamps; Yexu Li; Simon Fortin; Farid Dawalibi			342DKWA4	VYT9ZCXF;ZD835UC2	internal-impedance	library-sweep:2026-09-05	application-only	The inspected source applies existing parameter relations to an application outside the indexed formula families; it does not define a distinct p.u.l. formula beyond the indexed records.
zotero:BAMYK7CW	Time-Domain Analysis of Surge Impedance Formulations based on Cylindrical Representation of 200 meters Tall Transmission Towers		E C M Costa; L F N Lourenço; C E M Pereira; M B Perotoni; J R Cardoso; C A F Sartori			BAMYK7CW	S26X8E9F	external-impedance	library-sweep:2026-09-05	application-only	The inspected source applies existing parameter relations to a transient, fault, lightning, or harmonic-system calculation; it does not define a distinct p.u.l. formula beyond the indexed records.
zotero:HYNZ7SYU	Transformer Modeling In HIFREQ for Fault Current Distribution Computations					HYNZ7SYU	HYNZ7SYU	internal-impedance	library-sweep:2026-09-05	duplicate	The normalized title matches screened ledger row zotero:53KKN7B6; this alternate Zotero item or attachment is not counted again.
zotero:6CSGPCS4	Transient Overvoltages and Overcurrents During Line Fault Tests on the Hokkaido-Honshu HVDC Link	1982-08-00 08/1982	Saburo Sasaki; Shigeru Handa; Hisashi Ooi	10.1109/TPAS.1982.317650		6CSGPCS4	JSK5CLBQ	external-impedance	library-sweep:2026-09-05	out-of-scope	The title and available text concern a transient, fault, lightning, or harmonic-system calculation; the source does not define a distinct p.u.l. line or cable parameter relation in the indexed families.
zotero:8RHE8NRN	Verification and Computation of Conductor Electrical Properties in the Context of Incomplete Datasheets	2017-00-00 2017	Nathalie Dawalibi			8RHE8NRN	9VQSFL4D;A3KG6BCK	internal-impedance	library-sweep:2026-09-05	application-only	The inspected source applies existing parameter relations to a line or cable application; it does not define a distinct p.u.l. formula beyond the indexed records.
zotero:A79YYIE6	YR2 - 31 Proc Development of DC Deep Water Submarine Cable_G					A79YYIE6	A79YYIE6	internal-impedance	library-sweep:2026-09-05	application-only	The inspected source applies existing parameter relations to a line or cable application; it does not define a distinct p.u.l. formula beyond the indexed records.
zotero:82L6M6FV	YR3 - 21 Proc _Bodur					82L6M6FV	82L6M6FV	internal-impedance	library-sweep:2026-09-05	application-only	The inspected source applies existing parameter relations to an application outside the indexed formula families; it does not define a distinct p.u.l. formula beyond the indexed records.
zotero:PPIGS399	25 IMPORTANT CONSIDERATIONS ON PIPELINE TRANSIENT INDUCTIVE INTERFERENCE ANALYSIS USING SESTRANSIENT AND CIRCUIT-BASED SOFTWARE PACKAGES	2021-00-00 2021	Farid P Dawalibi; Yexu Li; Mohammad Shafieipour; Tony Auditore; Willie Otto			PPIGS399	DCP2B7JE;QZGV9Q6J	external-impedance	library-sweep:2026-09-05	out-of-scope	The title and available text concern an interference, coupling, or induced-voltage calculation; the source does not define a distinct p.u.l. line or cable parameter relation in the indexed families.
zotero:LIYX3E2M	Analysis and Mitigation for Pipeline Safety and Integrity near Electrical Power Systems		Farid Paul			LIYX3E2M	5SKJNWND;S6UARJUY	internal-impedance;external-impedance	library-sweep:2026-09-05	out-of-scope	The title and available text concern an interference, coupling, or induced-voltage calculation; the source does not define a distinct p.u.l. line or cable parameter relation in the indexed families.
zotero:S4A77QFR	Analysis of Current Density in Soil for Resistivity Measurements and Electrical Grounding Designs	2017-00-00 2017	Jie Liu	10.11648/j.jeee.20170505.17		S4A77QFR	HJQ4CPPJ;ZYZPTCIX	external-impedance	library-sweep:2026-09-05	out-of-scope	The title and available text concern a grounding or soil-resistivity calculation; the source does not define a distinct p.u.l. line or cable parameter relation in the indexed families.
zotero:G2KQ7TYT	Analysis of Transient Behavior of Mixed High Voltage DC Transmission Line Under Lightning Strikes	2019-00-00 2019	Mansoor Asif; Ho-Yun Lee; Umer Amir Khan; Kyu-Hoon Park; Bang Wook Lee	10.1109/ACCESS.2018.2889828		G2KQ7TYT	WSJ9D7J4		library-sweep:2026-09-05	out-of-scope	The title and available text concern a transient, fault, lightning, or harmonic-system calculation; the source does not define a distinct p.u.l. line or cable parameter relation in the indexed families.
zotero:VXG5IVYX	Cable Penetration Degree in High Voltage Networks		V Bhardwaj; R Lundholm; H Ergun; W Leterme; H Bardideh; D Van; A Machl; K Reich; M Bailleul; KU Leuven			VXG5IVYX	MUBCD7MR		library-sweep:2026-09-05	application-only	The inspected source applies existing parameter relations to a line or cable application; it does not define a distinct p.u.l. formula beyond the indexed records.
zotero:QW43GL39	Cable Surge Arrester Operation Due to Transient Overvoltages Under DC-Side Faults in the MMC–HVDC Link	2016-06-00 6/2016	Firouz Badrkhani Ajaei; Reza Iravani	10.1109/TPWRD.2015.2477493		QW43GL39	VWD5AY6I		library-sweep:2026-09-05	out-of-scope	The title and available text concern a transient, fault, lightning, or harmonic-system calculation; the source does not define a distinct p.u.l. line or cable parameter relation in the indexed families.
zotero:MXEB6IHN	Computation of Electromagnetic Fields Induced by Electric Power Lines and Residential Electrical Wiring		F P Dawalibi			MXEB6IHN	HSIY9XK7	external-impedance	library-sweep:2026-09-05	application-only	The inspected source applies existing parameter relations to a field or modal-propagation calculation; it does not define a distinct p.u.l. formula beyond the indexed records.
zotero:LAD55TWU	Effect of Site Improvement on the Performance of Substation Grounding Systems		Jinxi Ma; Farid P Dawalibi			LAD55TWU	SE26YMV4;Y2UUYM9R	external-impedance	library-sweep:2026-09-05	out-of-scope	The title and available text concern a grounding or soil-resistivity calculation; the source does not define a distinct p.u.l. line or cable parameter relation in the indexed families.
zotero:ARATGDSX	Effective Sounding Depths for HVDC Grounding Electrode Design: Wenner versus Schlumberger Methods	2005-00-00 2005	W. Ruan; R.D. Southey; S. Fortin; F.P. Dawalibi	10.1109/TDC.2005.1546885		ARATGDSX	KNE9FGWA	external-impedance	library-sweep:2026-09-05	out-of-scope	The title and available text concern a grounding or soil-resistivity calculation; the source does not define a distinct p.u.l. line or cable parameter relation in the indexed families.
zotero:JQ87GTBM	Effects of Current Unbalance and Transmission Line Configuration on the Interference Levels Induced on Nearby Pipelines		Y Li; F P Dawalibi			JQ87GTBM	8HF3V9UK	external-impedance	library-sweep:2026-09-05	out-of-scope	The title and available text concern an interference, coupling, or induced-voltage calculation; the source does not define a distinct p.u.l. line or cable parameter relation in the indexed families.
zotero:2YVDAIQY	Effects of Ground Plates Used in Power System Grounding MA, Jinxi DAWALIBI, Farid Paul					2YVDAIQY	RMCBM7EP	external-impedance	library-sweep:2026-09-05	out-of-scope	The title and available text concern a grounding or soil-resistivity calculation; the source does not define a distinct p.u.l. line or cable parameter relation in the indexed families.
zotero:ZA4BQUZM	Enhancing fault location on transmission lines by combining traveling wave-based functions available in real devices	2024-04-08 2024-04-08	Felipe V. Lopes; Amauri M. Britto; Raphael L. A. Reis; Kleber M. Silva; Eduardo P. Ribeiro; Caio M. Moraes; Marco A. M. Rodrigues; Rodrigo L. Agostinho	10.1049/icp.2024.0992		ZA4BQUZM	SCN3MKLV		library-sweep:2026-09-05	out-of-scope	The title and available text concern a transient, fault, lightning, or harmonic-system calculation; the source does not define a distinct p.u.l. line or cable parameter relation in the indexed families.
zotero:WSI9R3RP	Evaluation of Step Voltages on Horses at the Curragh Race Course	2017-00-00 2017	Nathalie Dawalibi			WSI9R3RP	9M5DHC8Q;CWWCXAB3	external-impedance	library-sweep:2026-09-05	out-of-scope	The title and available text concern a grounding or soil-resistivity calculation; the source does not define a distinct p.u.l. line or cable parameter relation in the indexed families.
zotero:KUQH8T3S	Evaluation of Traveling Wave-Based Fault Location Methods Applied to HVDC Systems		P C Fernandes			KUQH8T3S	BIXX4N8C		library-sweep:2026-09-05	out-of-scope	The title and available text concern a transient, fault, lightning, or harmonic-system calculation; the source does not define a distinct p.u.l. line or cable parameter relation in the indexed families.
zotero:SMY9KBXI	Gas insulated substation grounding system design using the electromagnetic field method	2012-09-00 09/2012	Jie Liu; Farid P. Dawalibi; Brian F. Majerowicz	10.1109/CICED.2012.6508717		SMY9KBXI	GLKKG8UR;Z2ASWXHG	external-impedance	library-sweep:2026-09-05	out-of-scope	The title and available text concern a grounding or soil-resistivity calculation; the source does not define a distinct p.u.l. line or cable parameter relation in the indexed families.
zotero:GZCXJDA7	Increasing Computation Speed in MALT and MALZ Using the Discrete Complex Image Method	2017-00-00 2017	Nathalie Dawalibi			GZCXJDA7	EN877JW5;ESHH55FD	external-impedance	library-sweep:2026-09-05	application-only	The inspected source applies existing parameter relations to an application outside the indexed formula families; it does not define a distinct p.u.l. formula beyond the indexed records.
zotero:KS8GS7AL	Induced disturbances by high voltage transmission lines on nearby stationary vehicles	2016-07-00 7/2016	S. Ladan; A. Aghabarati; R. Moini; S. Fortin; F. P. Dawalibi	10.1109/ISEMC.2016.7571662		KS8GS7AL	HNBMWLFN;JGF6FNDF	external-impedance	library-sweep:2026-09-05	application-only	The inspected source applies existing parameter relations to a line or cable application; it does not define a distinct p.u.l. formula beyond the indexed records.
zotero:G3KTYHI6	Modal transformation applied to transients in double three-phase transmission lines	2001-00-00 2001	A.J. Prado; J. Pissolato Filho; M.C. Tavares; C.M. Portela	10.1109/PESS.2001.970342		G3KTYHI6	H7Q872V5		library-sweep:2026-09-05	application-only	The inspected source applies existing parameter relations to a transient, fault, lightning, or harmonic-system calculation; it does not define a distinct p.u.l. formula beyond the indexed records.
zotero:9Z9RQU2J	On the Use of Electromagnetic Time Reversal Theory to Locate Lightning Strikes Along Overhead Transmission Lines		Moein Nazari; Rouzbeh Moini; Simon Fortin; Farid P Dawalibi			9Z9RQU2J	5QQC9G5J;9LC96LQX	external-impedance	library-sweep:2026-09-05	out-of-scope	The title and available text concern a transient, fault, lightning, or harmonic-system calculation; the source does not define a distinct p.u.l. line or cable parameter relation in the indexed families.
zotero:T56JT9FK	PARAMETRIC ANALYSIS ON GROUND LEVEL SAFETY NEAR STEEL POLES UNDER FAULT CONDITIONS		Y Li; J Ma; F P Dawalibi			T56JT9FK	PFEHI26J	external-impedance	library-sweep:2026-09-05	application-only	The inspected source applies existing parameter relations to a transient, fault, lightning, or harmonic-system calculation; it does not define a distinct p.u.l. formula beyond the indexed records.
zotero:V82Z7LA6	Practical and Realistic Considerations of Fault Current Analysis in Power System Grounding Design		Yexu Li			V82Z7LA6	9NLMRQMW;JE66CJCU		library-sweep:2026-09-05	out-of-scope	The title and available text concern a grounding or soil-resistivity calculation; the source does not define a distinct p.u.l. line or cable parameter relation in the indexed families.
zotero:8798SXPK	Rapid calculation of eddy current field Green's function using the matrix pencil method	2009-03-00 3/2009	Lingling Xing	10.1016/j.ndteint.2008.05.005		8798SXPK	4IWWQDXZ	internal-impedance;external-impedance	library-sweep:2026-09-05	application-only	The inspected source applies existing parameter relations to an application outside the indexed formula families; it does not define a distinct p.u.l. formula beyond the indexed records.
zotero:UUNE6I83	Shallow Surface Soil Modeling Associated with Local and Seasonal Resistivity Variations		F P Dawalibi; S Tee; N Mitskevitch; J Ma			UUNE6I83	SIEXBDQX	external-impedance	library-sweep:2026-09-05	application-only	The inspected source applies existing parameter relations to an application outside the indexed formula families; it does not define a distinct p.u.l. formula beyond the indexed records.
zotero:CQH3WUCW	Single-Pole Autoreclosure in uncompensated EHV AC mixed overhead-cable lines: A parametric time-domain analysis	2022-09-00 09/2022	F.M. Gatta; A. Geri; M. Graziani; S. Lauria; M. Maccioni	10.1016/j.epsr.2022.108055		CQH3WUCW	W8ZRQUQ3		library-sweep:2026-09-05	application-only	The inspected source applies existing parameter relations to a line or cable application; it does not define a distinct p.u.l. formula beyond the indexed records.
zotero:M35YHKFT	The complex image method and its application in numerical simulation of substation grounding grids	1999-11-00 11/1999	Liping Zhang; Jiansheng Yuan; Zhongxi Li	10.1002/(SICI)1099-0887(199911)15:11<835::AID-CNM298>3.0.CO;2-I		M35YHKFT	EEGCQVS6	external-impedance	library-sweep:2026-09-05	out-of-scope	The title and available text concern a grounding or soil-resistivity calculation; the source does not define a distinct p.u.l. line or cable parameter relation in the indexed families.
zotero:WWR9F3DW	The ‘Perfect’ Soil Model in HIFREQ	2018-00-00 2018	Rachid El Hani; Simon Fortin			WWR9F3DW	84XUYTBT;Q2HX28WN	external-impedance	library-sweep:2026-09-05	application-only	The inspected source applies existing parameter relations to an application outside the indexed formula families; it does not define a distinct p.u.l. formula beyond the indexed records.
zotero:JMW8UKJU	UNLOCKING DATA CENTRE HOSTING CAPACITY AND FLEXIBILITY THROUGH DYNAMIC CABLE RATING	2026-00-00 2026	Mohamed Numair; Ahmed M ElKholy; Amauri G Martins-Britto; Dirk Van Hertem; Marta Vanin			JMW8UKJU	PLWL58PW;XUDXCR3G		library-sweep:2026-09-05	out-of-scope	The title and available text concern a thermal, loss, or ampacity calculation; the source does not define a distinct p.u.l. line or cable parameter relation in the indexed families.
zotero:NUHW6HKP	UNLOCKING HOSTING CAPACITY THROUGH DYNAMIC CABLE RATING: A DATA CENTER CASE STUDY	2026-00-00 2026	Mohamed Numair; Ahmed M ElKholy; Amauri G Martins-Britto; Dirk Van Hertem; Marta Vanin			NUHW6HKP	JZQGQ652		library-sweep:2026-09-05	out-of-scope	The title and available text concern a thermal, loss, or ampacity calculation; the source does not define a distinct p.u.l. line or cable parameter relation in the indexed families.
zotero:H27MTTR4	Very long EHV cables and mixed overhead-cable lines. Steady-state operation	2005-06-00 06/2005	F. M. Gatta; S. Lauria	10.1109/PTC.2005.4524476		H27MTTR4	TFHLFYE8		library-sweep:2026-09-05	application-only	The inspected source applies existing parameter relations to a line or cable application; it does not define a distinct p.u.l. formula beyond the indexed records.
zotero:X2HEVTJC	A formula for resistance of substation grounding grid in two-layer soil	1995-07-00 7/1995	M.M.A. Salama; M.M.E. Sherbiny; Y.L. Chow	10.1109/61.400904		X2HEVTJC	AKVFIN87	external-impedance	library-sweep:2026-09-05	out-of-scope	The title and available text concern a grounding or soil-resistivity calculation; the source does not define a distinct p.u.l. line or cable parameter relation in the indexed families.
zotero:XYRJG67P	A Marching-on-in-Time Method of Moments for Computation of Transient Potential Rise of Grounding Grids Exposed to Lightning Strikes	2023-10-00 10/2023	Mohamad Reza Alemi; Seyed Hossein Hesamedin Sadeghi; Hossein Askarian-Abyaneh	10.1109/TEMC.2023.3300751		XYRJG67P	JHG45BQ4	external-impedance	library-sweep:2026-09-05	out-of-scope	The title and available text concern a grounding or soil-resistivity calculation; the source does not define a distinct p.u.l. line or cable parameter relation in the indexed families.
zotero:NXKSWKCI	A new methodology of cranes modeling for ITER grounding safety assessment	2014-09-00 9/2014	F. Grange; T. Gourdan; P. Blasquez; D. Leschi; F. P. Dawalibi	10.1109/EMCEurope.2014.6931033		NXKSWKCI	3D962ZQQ;Y34CBKBT	external-impedance	library-sweep:2026-09-05	out-of-scope	The title and available text concern a grounding or soil-resistivity calculation; the source does not define a distinct p.u.l. line or cable parameter relation in the indexed families.
zotero:KNDAYF55	A_moment_method_solution_for_TM_sub_z__and_TE_sub_z__waves_illuminating_two-dimensional_objects_above_a_lossy_half_space					KNDAYF55	KNDAYF55	external-impedance	library-sweep:2026-09-05	application-only	The inspected source applies existing parameter relations to an application outside the indexed formula families; it does not define a distinct p.u.l. formula beyond the indexed records.
zotero:LQC4B5VL	Adaptive soil model for real‐time thermal rating of underground power cables	2015-09-00 09/2015	Marc Diaz‐Aguiló; Francisco De León	10.1049/iet-smt.2014.0269		LQC4B5VL	CAU6MVRP	external-impedance	library-sweep:2026-09-05	out-of-scope	The title and available text concern a thermal, loss, or ampacity calculation; the source does not define a distinct p.u.l. line or cable parameter relation in the indexed families.
zotero:Q3CLR22N	Advances in Right-of-Way	2019-00-00 2019	Yexu Li			Q3CLR22N	DNM53LYK;SEGZBH9B	external-impedance	library-sweep:2026-09-05	application-only	The inspected source applies existing parameter relations to an interference, coupling, or induced-voltage calculation; it does not define a distinct p.u.l. formula beyond the indexed records.
zotero:EUZLSF4N	Calculation of Maximum Permissible Load of Underground Power Cables–Numerical Approach for Systems with Stabilized Backfill	2024-10-11 2024-10-11	Seweryn Szultka; Stanislaw Czapp; Adam Tomaszewski; Hanan Tariq	10.3390/app14209233		EUZLSF4N	5ZI6A9GS	external-impedance	library-sweep:2026-09-05	application-only	The inspected source applies existing parameter relations to a line or cable application; it does not define a distinct p.u.l. formula beyond the indexed records.
zotero:F7YR77C8	Case Study Transmission Line Pole Top Switch Structure Grounding	2019-00-00 2019	Christopher Crance			F7YR77C8	7XGU4QBK;YL3WUCF5	external-impedance	library-sweep:2026-09-05	out-of-scope	The title and available text concern a grounding or soil-resistivity calculation; the source does not define a distinct p.u.l. line or cable parameter relation in the indexed families.
zotero:H4Q8GHYG	Chapter14_UGM2006					H4Q8GHYG	H4Q8GHYG	external-impedance	library-sweep:2026-09-05	application-only	The inspected source applies existing parameter relations to an application outside the indexed formula families; it does not define a distinct p.u.l. formula beyond the indexed records.
zotero:HZCN5JXW	Comparison of Approaches (SESTLC, ROW & HIFREQ) for AC Interference Studies					HZCN5JXW	HZCN5JXW	external-impedance	library-sweep:2026-09-05	out-of-scope	The title and available text concern an interference, coupling, or induced-voltage calculation; the source does not define a distinct p.u.l. line or cable parameter relation in the indexed families.
zotero:WGCUWEYN	Effectiveness of the Industry Standard Peninsula Technique for Grounding the Neutrals of Shunt Capacitors in High Voltage Substations	2006-00-00 2006	Farid. Dawalibi; Sharon Tee; Simon Fortin; Nathalie Grignon	10.1109/PSCE.2006.296233		WGCUWEYN	X9M2HWFK	external-impedance	library-sweep:2026-09-05	out-of-scope	The title and available text concern a grounding or soil-resistivity calculation; the source does not define a distinct p.u.l. line or cable parameter relation in the indexed families.
zotero:C9YAIS7D	Effects of Distribution System and Metallic Infrastructure on the Electromagnetic Field Level Surrounding Power Lines LI, Yexu and DAWALIBI, Farid Paul					C9YAIS7D	W8PCBTL7	external-impedance	library-sweep:2026-09-05	application-only	The inspected source applies existing parameter relations to a field or modal-propagation calculation; it does not define a distinct p.u.l. formula beyond the indexed records.
zotero:JIDVXWX4	EFFECTS OF POWER LINE PHASE TRANSPOSITIONS ON INDUCED AC VOLTAGES TO NEARBY PIPELINE RAILWAY UTILITIES		Y Li; F P Dawalibi; J Ma; R Southey			JIDVXWX4	DMSLVXGM	external-impedance	library-sweep:2026-09-05	out-of-scope	The title and available text concern an interference, coupling, or induced-voltage calculation; the source does not define a distinct p.u.l. line or cable parameter relation in the indexed families.
zotero:742IRT95	EPSR-D-26-06383_reviewer					742IRT95	742IRT95	external-impedance	library-sweep:2026-09-05	duplicate	No independent publication or formula is associated with this attachment or container row.
zotero:6ETAQEJS	Grounding analysis of a gas meter station connected to a nearby power plant through pipelines	2000-00-00 2000	J. Ma; R.D. Southey; F.P. Dawaiibi; Y. Li	10.1109/IAS.2000.882622		6ETAQEJS	WSFT7TMD	external-impedance	library-sweep:2026-09-05	out-of-scope	The title and available text concern an interference, coupling, or induced-voltage calculation; the source does not define a distinct p.u.l. line or cable parameter relation in the indexed families.
zotero:S33MUV9M	Grounding System Design Challenges for Small Distributing Stations in Urban Los Angeles	2017-00-00 2017	Nathalie Dawalibi			S33MUV9M	IUTBIDXS;T3Q3GYA9	external-impedance	library-sweep:2026-09-05	out-of-scope	The title and available text concern a grounding or soil-resistivity calculation; the source does not define a distinct p.u.l. line or cable parameter relation in the indexed families.
zotero:DJ4Z3FHB	Impact of Considering Surger Arresters to Reduce Lightning Induced Voltage: emphasis on the the Grounding Modeling	2022-00-00 2022	Ícaro Augusto Nobre; Jaimis S L Colqui; Daniele Mestriner; Renato Procopio; Massimo Brignone; Rodolfo A R Moura; Marco A O Schroeder; Úrsula C Resende; José Pissolato Filho			DJ4Z3FHB	QAAU6NT6	external-impedance	library-sweep:2026-09-05	out-of-scope	The title and available text concern an interference, coupling, or induced-voltage calculation; the source does not define a distinct p.u.l. line or cable parameter relation in the indexed families.
zotero:DWWLAAM9	Impact of transmission line modeling aspects on TW-Based fault location studies	2021-07-00 07/2021	L.M.A. Ribeiro; G.A. Cunha; A.G. Martins-Britto; E.P.A. Ribeiro; F.V. Lopes	10.1016/j.epsr.2021.107204		DWWLAAM9	CLU9PCRI	external-impedance	library-sweep:2026-09-05	out-of-scope	The title and available text concern a transient, fault, lightning, or harmonic-system calculation; the source does not define a distinct p.u.l. line or cable parameter relation in the indexed families.
zotero:MRSJU44F	Lightning Overvoltages Incoming to a Substation: Analysis with Emphasis on the Lemp Impact	2024-00-00 2024	Akifumi Yamanaka; Kazuyuki Ishimoto; Akiyoshi Tatematsu	10.2139/ssrn.5071723		MRSJU44F	8LPAH34J	external-impedance	library-sweep:2026-09-05	out-of-scope	The title and available text concern a transient, fault, lightning, or harmonic-system calculation; the source does not define a distinct p.u.l. line or cable parameter relation in the indexed families.
zotero:I5AF8QRH	Modeling of Lightning Channel using HIFREQ and FFTSES	2016-00-00 2016	Octavio Ramos			I5AF8QRH	U9K69I3M;WMLN3RSH	external-impedance	library-sweep:2026-09-05	out-of-scope	The title and available text concern a transient, fault, lightning, or harmonic-system calculation; the source does not define a distinct p.u.l. line or cable parameter relation in the indexed families.
zotero:9WE4Z32R	Modeling Techniques for Analyzing Electromagnetic Interference Caused by High Voltage Power Lines to Neighboring Communication Cables	2006-08-00 08/2006	J. Liu; F. Dawalibi; J. Ma; N. Mitskevitch	10.1109/CEEM.2006.257944		9WE4Z32R	YABKV9BP	external-impedance	library-sweep:2026-09-05	out-of-scope	The title and available text concern an interference, coupling, or induced-voltage calculation; the source does not define a distinct p.u.l. line or cable parameter relation in the indexed families.
zotero:4LKTMMEA	Multi-Region Soil in HIFREQ	2018-00-00 2018	Maxime Daigle; Simon Fortin			4LKTMMEA	QK9LBEPJ;XUTXNABN	external-impedance	library-sweep:2026-09-05	application-only	The inspected source applies existing parameter relations to an application outside the indexed formula families; it does not define a distinct p.u.l. formula beyond the indexed records.
zotero:Q38CIQUN	Non-Homogeneous Media and Ionization Phenomenon Representation in Transient Studies: A TLM Model		Alex B Tronchoni; Daniel Gazzana; Arturo S Bretas			Q38CIQUN	6EMPMVNB	external-impedance	library-sweep:2026-09-05	application-only	The inspected source applies existing parameter relations to a transient, fault, lightning, or harmonic-system calculation; it does not define a distinct p.u.l. formula beyond the indexed records.
zotero:Y25VWBLP	On the Mechanisms of Electromagnetic Interference between Electrical Power Systems and Neighboring Pipelines					Y25VWBLP	Y25VWBLP	external-impedance	library-sweep:2026-09-05	out-of-scope	The title and available text concern an interference, coupling, or induced-voltage calculation; the source does not define a distinct p.u.l. line or cable parameter relation in the indexed families.
zotero:MIPRDQGW	On the Performance of Grounding, Bonding, and Shielding Systems for Direct and Indirect Lightning Strikes	2020-02-00 2/2020	Moein Nazari; Rouzbeh Moini; Simon Fortin; Farid P. Dawalibi	10.1109/TEMC.2018.2885965		MIPRDQGW	6J9WI5DC;WUVTSFKA	external-impedance	library-sweep:2026-09-05	out-of-scope	The title and available text concern a grounding or soil-resistivity calculation; the source does not define a distinct p.u.l. line or cable parameter relation in the indexed families.
zotero:VRQ2H4C5	Overview of a Typical Interference Study					VRQ2H4C5	VRQ2H4C5	external-impedance	library-sweep:2026-09-05	out-of-scope	The title and available text concern an interference, coupling, or induced-voltage calculation; the source does not define a distinct p.u.l. line or cable parameter relation in the indexed families.
zotero:SD68WL2T	Progress on Implementing Simplified Multi-Region Soil Models in MALZ	2015-00-00 2015	Nathalie Dawalibi			SD68WL2T	KD9WYZWU;P2B4SWEH	external-impedance	library-sweep:2026-09-05	application-only	The inspected source applies existing parameter relations to an application outside the indexed formula families; it does not define a distinct p.u.l. formula beyond the indexed records.
zotero:DFWQGZ47	SES S06 - 0646-0655 - Paper NACE CORROSION 2007 INTERNATIONAL CONFERENCE & EXPO Recent Advances in the Modeling and Mitigation of AC Interference in Pipelines					DFWQGZ47	DFWQGZ47	external-impedance	library-sweep:2026-09-05	out-of-scope	The title and available text concern an interference, coupling, or induced-voltage calculation; the source does not define a distinct p.u.l. line or cable parameter relation in the indexed families.
zotero:A65SS7NZ	SESAutoGroundDesign: A New Automatic Ground Design Application	2021-00-00 2021	Eric Dawalibi; Albert Vishnevsky; Jie Liu; Yanmei Jiang; Maryam Golshayan; Luis Valcárcel			A65SS7NZ	96JNNI6H;9PD7NVC8	external-impedance	library-sweep:2026-09-05	application-only	The inspected source applies existing parameter relations to an application outside the indexed formula families; it does not define a distinct p.u.l. formula beyond the indexed records.
zotero:3WBJ64Z4	The New Transformer Data Editor	2019-00-00 2019	Baki Cetindag; Farid P Dawalibi; Simon Fortin; Alexandre Mailhot; Luis Valcárcel			3WBJ64Z4	7IMPCW3K;IWKD8I6L	external-impedance	library-sweep:2026-09-05	out-of-scope	The title and available text concern an application outside the indexed formula families; the source does not define a distinct p.u.l. line or cable parameter relation in the indexed families.
zotero:5LRA6KN9	Trans2009_CapacitorBankGroundingFinal					5LRA6KN9	5LRA6KN9	external-impedance	library-sweep:2026-09-05	out-of-scope	The title and available text concern a grounding or soil-resistivity calculation; the source does not define a distinct p.u.l. line or cable parameter relation in the indexed families.
zotero:GHW2SV6D	Transient behaviour of non-conventional multi-circuit power lines with different voltages levels at the same tower		Jhair S Acosta; Maria C Tavares			GHW2SV6D	GFT56AZJ	external-impedance	library-sweep:2026-09-05	application-only	The inspected source applies existing parameter relations to a transient, fault, lightning, or harmonic-system calculation; it does not define a distinct p.u.l. formula beyond the indexed records.
zotero:U429S9FC	Transient Characterization of Lightning Strikes on Offshore 2 Wind Turbine Grounding Devices 3		Haoyu Liu; Zhibo Yang; Hongdan Zhao; Keyu Yue			U429S9FC	YQJKVNHX	external-impedance	library-sweep:2026-09-05	out-of-scope	The title and available text concern a grounding or soil-resistivity calculation; the source does not define a distinct p.u.l. line or cable parameter relation in the indexed families.
zotero:LIW75EB5	Conductor Sizing and Temperature Rise Calculation Considering Multi-Stage Faults	2018-00-00 2018	Baki Cetindag; Farid P Dawalibi; Jie Liu; Simon Fortin; Stéphane Baron; Maxime Daigle; Fahmi Ncibi			LIW75EB5	GWRKXC4B;TFFKEYA7		library-sweep:2026-09-05	out-of-scope	The title and available text concern a thermal, loss, or ampacity calculation; the source does not define a distinct p.u.l. line or cable parameter relation in the indexed families.
zotero:U2ESH9WU	Efficient ground grid designs in layered soils	1998-07-00 7/1998	Hyung-Soo Lee; Jung-Hoon Kim; F.P. Dawalibi; Jinxi Ma	10.1109/61.686969		U2ESH9WU	DHKQH8DU	external-impedance	library-sweep:2026-09-05	out-of-scope	The title and available text concern a grounding or soil-resistivity calculation; the source does not define a distinct p.u.l. line or cable parameter relation in the indexed families.
zotero:S8MJ7TN6	HIFREQ Multi-Region Soil Computations in CorrCad	2019-00-00 2019	Yexu Li; Hayden Meade; Jack Niu			S8MJ7TN6	2UB4PWEY;ENN32PKI	external-impedance	library-sweep:2026-09-05	application-only	The inspected source applies existing parameter relations to an application outside the indexed formula families; it does not define a distinct p.u.l. formula beyond the indexed records.
zotero:523HPZLY	Maximum undergrounding degree of HV subtransmission networks as dictated by unscheduled power flows	2013-11-00 11/2013	Stefano Lauria; Francesco Palone	10.1049/iet-gtd.2012.0295		523HPZLY	XIU48KNR		library-sweep:2026-09-05	out-of-scope	The title and available text concern a grounding or soil-resistivity calculation; the source does not define a distinct p.u.l. line or cable parameter relation in the indexed families.
zotero:6JHXCKPF	On the image representation of the quasi-static fields of a line current source above the ground	1969-12-01 1969-12-01	James R. Wait; Kenneth P. Spies	10.1139/p69-334		6JHXCKPF	MCF75AT6;ZHMNTQ67	external-impedance	library-sweep:2026-09-05	duplicate	The normalized title matches screened ledger row catalogue:C017; this alternate Zotero item or attachment is not counted again.
zotero:6RFH84LT	Reliability assessment of dynamic line rating methods based on conductor temperature estimation	2024-08-00 08/2024	M.A. González-Cagigal; José A. Rosendo-Macías; Alfonso Bachiller-Soler; Juan Carlos del-Pino-López	10.1016/j.epsr.2024.110449		6RFH84LT	MMF2S7PK		library-sweep:2026-09-05	out-of-scope	The title and available text concern a thermal, loss, or ampacity calculation; the source does not define a distinct p.u.l. line or cable parameter relation in the indexed families.
zotero:5JZ3K893	RTE experiences with the insertion of long EHVAC insulated cables		Y Vernay; S Deschanvres; Y Fillion			5JZ3K893	3VPZ8HSV		library-sweep:2026-09-05	application-only	The inspected source applies existing parameter relations to a line or cable application; it does not define a distinct p.u.l. formula beyond the indexed records.
zotero:F9CL7P68	06193 - Use of an Integrated CIPS/DCVG Survey in the ECDA Process		S M Segall; P Eng			F9CL7P68	8C3REA9M	external-impedance	library-sweep:2026-09-05	application-only	The inspected source applies existing parameter relations to an application outside the indexed formula families; it does not define a distinct p.u.l. formula beyond the indexed records.
zotero:SNVQNVM2	09132 - DCVG - Analysis of practical limits and suggestions for improvements		L Bortels; P J Stehouwer; K Dijkstra			SNVQNVM2	4LAJAUH9	external-impedance	library-sweep:2026-09-05	application-only	The inspected source applies existing parameter relations to an application outside the indexed formula families; it does not define a distinct p.u.l. formula beyond the indexed records.
zotero:CAI62J27	09139 - INTERPRETATION OF CIS POTENTIAL PROFILE WITH RESPECT TO ECDA METHODOLOGY		Randy L Hodge; A Gaston			CAI62J27	2QTIPE8T	external-impedance	library-sweep:2026-09-05	application-only	The inspected source applies existing parameter relations to an application outside the indexed formula families; it does not define a distinct p.u.l. formula beyond the indexed records.
zotero:WGGVZJIX	100110238_001-rev-j-electricity-transmission-costs-and-characteristics_final-full					WGGVZJIX	WGGVZJIX		library-sweep:2026-09-05	application-only	The inspected source applies existing parameter relations to an application outside the indexed formula families; it does not define a distinct p.u.l. formula beyond the indexed records.
zotero:SJ66SKFW	109-Electromagnetic-Transient analysis in the Laplace-domain through the QD algorithm					SJ66SKFW	SJ66SKFW		library-sweep:2026-09-05	application-only	The inspected source applies existing parameter relations to a transient, fault, lightning, or harmonic-system calculation; it does not define a distinct p.u.l. formula beyond the indexed records.
zotero:TJY3HIWW	143-Air-Insulated Substation – Comparison Between Two Lightning Model Approaches					TJY3HIWW	TJY3HIWW		library-sweep:2026-09-05	out-of-scope	The title and available text concern a transient, fault, lightning, or harmonic-system calculation; the source does not define a distinct p.u.l. line or cable parameter relation in the indexed families.
zotero:X4X6S5XK	22-A Transient Based Phase Selection Method for Transmission Line Protection					X4X6S5XK	X4X6S5XK		library-sweep:2026-09-05	out-of-scope	The title and available text concern a transient, fault, lightning, or harmonic-system calculation; the source does not define a distinct p.u.l. line or cable parameter relation in the indexed families.
zotero:TVFP43BJ	23 PREDICTION OF STRAY DC INTERFERENCE FROM IMPRESSED CURRENT CATHODIC PROTECTION SYSTEMS USING HIFREQ	2019-00-00 2019	Doug Gilroy			TVFP43BJ	8EMNDTJX;SANERYAE	external-impedance	library-sweep:2026-09-05	out-of-scope	The title and available text concern an interference, coupling, or induced-voltage calculation; the source does not define a distinct p.u.l. line or cable parameter relation in the indexed families.
zotero:Y3PDGI36	24-Analysis and evaluation of Intersystem Fault in a Hybrid ACDC Power System and its impact on the Protection System					Y3PDGI36	Y3PDGI36		library-sweep:2026-09-05	out-of-scope	The title and available text concern a transient, fault, lightning, or harmonic-system calculation; the source does not define a distinct p.u.l. line or cable parameter relation in the indexed families.
zotero:PUBQG4FU	35110 AC Corrosion State-of-the-Art Corrosion Rate Mechanism and Mitigation Requirements (24242-SG)					PUBQG4FU	PUBQG4FU	external-impedance	library-sweep:2026-09-05	out-of-scope	The title and available text concern an application outside the indexed formula families; the source does not define a distinct p.u.l. line or cable parameter relation in the indexed families.
zotero:S4JGTZVV	3D Thermal Analysis of Complex Cable Crossings		P Zairis; D Chatzipetros; T Liangou; K Bitsi; A I Chrysochos			S4JGTZVV	QLTZ5LTZ		library-sweep:2026-09-05	out-of-scope	The title and available text concern a thermal, loss, or ampacity calculation; the source does not define a distinct p.u.l. line or cable parameter relation in the indexed families.
zotero:HI8ZUWP4	51-FDTD Analysis of Distribution Line Voltages Induced by Non-Vertical Lightning					HI8ZUWP4	HI8ZUWP4	external-impedance	library-sweep:2026-09-05	out-of-scope	The title and available text concern a transient, fault, lightning, or harmonic-system calculation; the source does not define a distinct p.u.l. line or cable parameter relation in the indexed families.
zotero:67FAG64I	59-Traveling Wave-Based Hybrid Line Faulted Section Detection A Practical Approach					67FAG64I	67FAG64I		library-sweep:2026-09-05	application-only	The inspected source applies existing parameter relations to a transient, fault, lightning, or harmonic-system calculation; it does not define a distinct p.u.l. formula beyond the indexed records.
zotero:D2E6MWRU	623					D2E6MWRU	D2E6MWRU		library-sweep:2026-09-05	duplicate	No independent publication or formula is associated with this attachment or container row.
zotero:DEQ5PJ6A	63-Comparative Analysis of Lightning Voltage Surge in Tall and Conventional Transmission Towers					DEQ5PJ6A	DEQ5PJ6A	external-impedance	library-sweep:2026-09-05	out-of-scope	The title and available text concern a transient, fault, lightning, or harmonic-system calculation; the source does not define a distinct p.u.l. line or cable parameter relation in the indexed families.
zotero:NTGRW243	69-Application of Line Surge Arresters on Transmission Lines in Croatian Power System					NTGRW243	NTGRW243		library-sweep:2026-09-05	out-of-scope	The title and available text concern a transient, fault, lightning, or harmonic-system calculation; the source does not define a distinct p.u.l. line or cable parameter relation in the indexed families.
zotero:MP5PPDQM	98-Resonant Overvoltages in the 35 kV Compensated Network under Single-Phase Short-Circuit Conditions in the 110 kV Supply Network					MP5PPDQM	MP5PPDQM		library-sweep:2026-09-05	out-of-scope	The title and available text concern a transient, fault, lightning, or harmonic-system calculation; the source does not define a distinct p.u.l. line or cable parameter relation in the indexed families.
zotero:9EKT8ACC	A New Concept for Calibration of Capacitive Voltage Transformers using PMU Measurements		Hemantkumar Goklani			9EKT8ACC	EYDIT9E5		library-sweep:2026-09-05	out-of-scope	The title and available text concern an application outside the indexed formula families; the source does not define a distinct p.u.l. line or cable parameter relation in the indexed families.
zotero:NQBZRENF	A New Interface for FCDIST	2017-00-00 2017	Nathalie Dawalibi			NQBZRENF	9E68MEK8;REJPIBTM		library-sweep:2026-09-05	application-only	The inspected source applies existing parameter relations to an application outside the indexed formula families; it does not define a distinct p.u.l. formula beyond the indexed records.
zotero:KS35HRAC	A novel pilot protection scheme for LCC-HVDC transmission lines based on smoothing-reactor voltage	2019-03-00 03/2019	Yongli Li; Yunke Zhang; Jinzhao Song; Liang Zeng; Jingqiu Zhang	10.1016/j.epsr.2018.12.012		KS35HRAC	XKGRBX2F		library-sweep:2026-09-05	out-of-scope	The title and available text concern a transient, fault, lightning, or harmonic-system calculation; the source does not define a distinct p.u.l. line or cable parameter relation in the indexed families.
zotero:X6FUDI5R	A Simple EM Fields, Pipeline Inductions Analysis Using SESTLC PRO					X6FUDI5R	X6FUDI5R		library-sweep:2026-09-05	out-of-scope	The title and available text concern an interference, coupling, or induced-voltage calculation; the source does not define a distinct p.u.l. line or cable parameter relation in the indexed families.
zotero:DN7FLSYS	AC Corrosion on Metallic Pipelines due to interference from AC Power Lines					DN7FLSYS	DN7FLSYS	external-impedance	library-sweep:2026-09-05	out-of-scope	The title and available text concern an interference, coupling, or induced-voltage calculation; the source does not define a distinct p.u.l. line or cable parameter relation in the indexed families.
zotero:5J5JCGH9	AC induced corrosion on onshore pipelines, a case history					5J5JCGH9	5J5JCGH9	external-impedance	library-sweep:2026-09-05	out-of-scope	The title and available text concern an interference, coupling, or induced-voltage calculation; the source does not define a distinct p.u.l. line or cable parameter relation in the indexed families.
zotero:VMPYYXH2	AC interference on pipelines due to double circuit power lines: A detailed study	2013-10-00 10/2013	Dan D. Micu; Georgios C. Christoforidis; Levente Czumbil	10.1016/j.epsr.2013.04.008		VMPYYXH2	YK2A7Z2I	external-impedance	library-sweep:2026-09-05	out-of-scope	The title and available text concern an interference, coupling, or induced-voltage calculation; the source does not define a distinct p.u.l. line or cable parameter relation in the indexed families.
zotero:QXRTRNJB	add9831					QXRTRNJB	QXRTRNJB	external-impedance	library-sweep:2026-09-05	application-only	The inspected source applies existing parameter relations to an application outside the indexed formula families; it does not define a distinct p.u.l. formula beyond the indexed records.
zotero:39ZSXYQB	Advanced Analysis of HVDC Electrodes Interference on Neighboring Pipelines	2015-00-00 2015	Yu Gong; Chunlin Xue; Zhilei Yuan; Yexu Li; Farid Paul Dawalibi	10.4236/jpee.2015.34045		39ZSXYQB	9JI3SREY;D9C4NUBK	external-impedance	library-sweep:2026-09-05	out-of-scope	The title and available text concern an interference, coupling, or induced-voltage calculation; the source does not define a distinct p.u.l. line or cable parameter relation in the indexed families.
zotero:NWC3WVEM	Advanced Grounding System Analysis for a Large Substation Accounting for Aboveground Bus Bars		Farid Paul			NWC3WVEM	3U55NYWX;KF72C6J5	external-impedance	library-sweep:2026-09-05	out-of-scope	The title and available text concern a grounding or soil-resistivity calculation; the source does not define a distinct p.u.l. line or cable parameter relation in the indexed families.
zotero:SKXE2S6M	An interpolation-based solution to use low sampling rate records in traveling wave-based fault location methods	2023-11-00 11/2023	E.P.A. Ribeiro; F.V. Lopes; K.M. Silva; A.G. Martins-Britto; Raphael L.A. Reis; Caio M. Moraes; Rodrigo L. Agostinho; Marco A.M. Rodrigues	10.1016/j.epsr.2023.109605		SKXE2S6M	5G5UE8K4		library-sweep:2026-09-05	out-of-scope	The title and available text concern a transient, fault, lightning, or harmonic-system calculation; the source does not define a distinct p.u.l. line or cable parameter relation in the indexed families.
zotero:IDIE3QIA	An Iterative Approach For Modeling Electrochemical Polarization With Non-linear Boundary Conditions	2015-00-00 2015	Nathalie Dawalibi			IDIE3QIA	7BX5CJML;DAHP4I9H	external-impedance	library-sweep:2026-09-05	application-only	The inspected source applies existing parameter relations to an application outside the indexed formula families; it does not define a distinct p.u.l. formula beyond the indexed records.
zotero:YT8BR3C2	Analysis and Mitigation of Current Unbalance Due to Induction in Heavily Loaded Multicircuit Power Lines	2004-07-00 07/2004	J. Ma; S. Fortin; F.P. Dawalibi	10.1109/TPWRD.2004.829952		YT8BR3C2	WJ3RRFM4		library-sweep:2026-09-05	out-of-scope	The title and available text concern an application outside the indexed formula families; the source does not define a distinct p.u.l. line or cable parameter relation in the indexed families.
zotero:86LG4HMD	ANALYSIS AND VALIDATION OF THE PERFORMANCE OF GROUNDING SYSTEMS BURIED IN SOIL STRUCTURES CONTAINING HETEROGENEOUS VOLUMES		F P Dawalibi; N Mitskevitch			86LG4HMD	98SGLDXR	external-impedance	library-sweep:2026-09-05	out-of-scope	The title and available text concern a grounding or soil-resistivity calculation; the source does not define a distinct p.u.l. line or cable parameter relation in the indexed families.
zotero:XWXG6T94	Analysis of an Underground Urban Substation Grounding System	2016-00-00 2016	Octavio Ramos			XWXG6T94	J2M2UEG9;TTNLH32D	external-impedance	library-sweep:2026-09-05	out-of-scope	The title and available text concern a grounding or soil-resistivity calculation; the source does not define a distinct p.u.l. line or cable parameter relation in the indexed families.
zotero:EH95L2YF	Analysis of Apparent Resistivity					EH95L2YF	EH95L2YF	external-impedance	library-sweep:2026-09-05	application-only	The inspected source applies existing parameter relations to an application outside the indexed formula families; it does not define a distinct p.u.l. formula beyond the indexed records.
zotero:IGLI8TPN	Analysis of Electromagnetic Field Compatibility (EMC) Compliance of HVDC Converter Station	2021-04-23 2021-4-23	Wenbin Yang; Qing Chen; Han Xu; Yexu Li; Wei Liang; Farid Paul Dawalibi	10.1109/CEEPE51765.2021.9475789		IGLI8TPN	HWXHBFKQ;NGJ3Y8U4	external-impedance	library-sweep:2026-09-05	application-only	The inspected source applies existing parameter relations to a field or modal-propagation calculation; it does not define a distinct p.u.l. formula beyond the indexed records.
zotero:ZNUD69PL	Analysis of Grounding Systems in the Vicinity of Hemispheroidal Heterogeneities	2015-11-00 11/2015	Amir Hajiaboli; Simon Fortin; Farid Paul Dawalibi; Peter Zhao; Adrian Ngoly	10.1109/TIA.2015.2468685		ZNUD69PL	2YS4ZPD7;CUB8DU3P	external-impedance	library-sweep:2026-09-05	out-of-scope	The title and available text concern a grounding or soil-resistivity calculation; the source does not define a distinct p.u.l. line or cable parameter relation in the indexed families.
zotero:D7HJ6AAV	Analysis of linear ground electrodes placed in vertical three-layer earth	1996-05-00 5/1996	P.D. Rancic; Z.P. Stajic; B.S. Tosic; D.R. Djordjevic	10.1109/20.497535		D7HJ6AAV	C55JSLMM		library-sweep:2026-09-05	out-of-scope	The title and available text concern a grounding or soil-resistivity calculation; the source does not define a distinct p.u.l. line or cable parameter relation in the indexed families.
zotero:C7VVT9KW	Analysis of semi‐infinite and finite thin‐wire antennas above a dissipative earth	1976-11-00 11/1976	Robert G. Olsen; David C. Chang	10.1029/RS011i011p00867		C7VVT9KW	CXEZR7QB;D3NVB6EI		library-sweep:2026-09-05	duplicate	The normalized title matches screened ledger row catalogue:C023; this alternate Zotero item or attachment is not counted again.
zotero:FE8T2XAT	Analysis of the Electrical Environmental Impact of Typical HVAC Transmission Lines		Y Yang; S Fortin; J Ma; F P Dawalibi			FE8T2XAT	PQJID737		library-sweep:2026-09-05	application-only	The inspected source applies existing parameter relations to a line or cable application; it does not define a distinct p.u.l. formula beyond the indexed records.
zotero:JCQS294P	Andreas_Junker_Olesen_PhD_Thesis					JCQS294P	JCQS294P	external-impedance	library-sweep:2026-09-05	application-only	The inspected source applies existing parameter relations to an application outside the indexed formula families; it does not define a distinct p.u.l. formula beyond the indexed records.
zotero:AZ9UHT9J	Application of Advanced Grounding Design Techniques to Plant Grounding Systems	2005-00-00 2005	J. Liu; R.D. Southey; F.P. Dawalibi	10.1109/TDC.2005.1546762		AZ9UHT9J	VR52PYDW	external-impedance	library-sweep:2026-09-05	out-of-scope	The title and available text concern a grounding or soil-resistivity calculation; the source does not define a distinct p.u.l. line or cable parameter relation in the indexed families.
zotero:Y8KHXZLM	ATPDraw_7.3_User_Manual					Y8KHXZLM	Y8KHXZLM		library-sweep:2026-09-05	duplicate	No independent publication or formula is associated with this attachment or container row.
zotero:UNPTICFD	ATPDrawManual75					UNPTICFD	UNPTICFD		library-sweep:2026-09-05	duplicate	No independent publication or formula is associated with this attachment or container row.
zotero:EML4UUFU	B1-3 Proc F. De Wild_Perspective on HVDC cable failures and manufacturing line qualification					EML4UUFU	EML4UUFU		library-sweep:2026-09-05	application-only	The inspected source applies existing parameter relations to a line or cable application; it does not define a distinct p.u.l. formula beyond the indexed records.
zotero:XGZZ762D	Balancing Charging Current on Three Wire Circuits with Capacitive Balancing Units Injecting Continuous Current into Grounding Electrodes	2021-00-00 2021	Jesse Rorabaugh; Arianna Ojeda; Oscar Bonilla Portillo			XGZZ762D	AIMAEFHY;VL87P5H2	external-impedance	library-sweep:2026-09-05	out-of-scope	The title and available text concern a grounding or soil-resistivity calculation; the source does not define a distinct p.u.l. line or cable parameter relation in the indexed families.
zotero:4K72Z55A	Behavior of the Single-Phase Auto-Reclosing in Half-Wavelength Transmission Line		O Dias; M C Tavares			4K72Z55A	S4TEGIW3		library-sweep:2026-09-05	application-only	The inspected source applies existing parameter relations to a line or cable application; it does not define a distinct p.u.l. formula beyond the indexed records.
zotero:487T6UT3	Broadband measurement of the conductivity and the permittivity of semiconducting materials in high voltage XLPE cables	2000-00-00 2000	R. Heinrich	10.1049/cp:20000507		487T6UT3	YTJ3EEZE		library-sweep:2026-09-05	application-only	The inspected source applies existing parameter relations to a line or cable application; it does not define a distinct p.u.l. formula beyond the indexed records.
zotero:YRIARJFY	Cable hosting capacity of extra high voltage grids		Vaishally Bhardwaj; Dirk Van Hertem; Hakan Ergun			YRIARJFY	FTCPV9YC		library-sweep:2026-09-05	out-of-scope	The title and available text concern a line or cable application; the source does not define a distinct p.u.l. line or cable parameter relation in the indexed families.
zotero:63TIPPMV	Calculations					63TIPPMV	63TIPPMV	external-impedance	library-sweep:2026-09-05	application-only	The inspected source applies existing parameter relations to an application outside the indexed formula families; it does not define a distinct p.u.l. formula beyond the indexed records.
zotero:ZBYN3AXZ	Cat3_Brochure					ZBYN3AXZ	ZBYN3AXZ		library-sweep:2026-09-05	application-only	The inspected source applies existing parameter relations to an application outside the indexed formula families; it does not define a distinct p.u.l. formula beyond the indexed records.
zotero:KRJWWFTG	Coated Conductors in MALT	2015-00-00 2015	Nathalie Dawalibi			KRJWWFTG	5Z9PSK67;L7NHCSW2	external-impedance	library-sweep:2026-09-05	application-only	The inspected source applies existing parameter relations to a line or cable application; it does not define a distinct p.u.l. formula beyond the indexed records.
zotero:VCF8LR2G	Compact HVDC ±320 kV lines proposed for the Nelson River Bipole 3:		AC Britten			VCF8LR2G	U7BBKVZE	external-impedance	library-sweep:2026-09-05	application-only	The inspected source applies existing parameter relations to an application outside the indexed formula families; it does not define a distinct p.u.l. formula beyond the indexed records.
zotero:2MB3IA9V	Comparison of transformer models for switching operations in long step-out cable systems	2026-01-00 01/2026	J. Kolb; H.K. Høidalen	10.1016/j.epsr.2025.112416		2MB3IA9V	38L3U99X;5GQT84PW		library-sweep:2026-09-05	out-of-scope	The title and available text concern a line or cable application; the source does not define a distinct p.u.l. line or cable parameter relation in the indexed families.
zotero:J869LFVK	Comparisons of Computational Techniques Used in the Design and Analysis of Electrical Grounding Systems - Part I	2012-00-00 2012	Farid Paul Dawalibi; Sharon Tee; Soam P. Upadhyay			J869LFVK	4R8UH9CX;QZSQDZ3L	external-impedance	library-sweep:2026-09-05	out-of-scope	The title and available text concern a grounding or soil-resistivity calculation; the source does not define a distinct p.u.l. line or cable parameter relation in the indexed families.
zotero:MYQSNMPX	Comparisons of Computational Techniques Used in the Design and Analysis of Electrical Grounding Systems - Part II	2012-00-00 2012	Farid Paul Dawalibi; Sharon Tee; Soam P. Upadhyay			MYQSNMPX	HVX9K424;YKDS5C22	external-impedance	library-sweep:2026-09-05	out-of-scope	The title and available text concern a grounding or soil-resistivity calculation; the source does not define a distinct p.u.l. line or cable parameter relation in the indexed families.
zotero:JZBTV659	COMPATIBILITY BETWEEN ELECTRICAL ENERGY TRANSMISSION LINES AND NEW RAILWAY INFRASTRUCTURES		R Benato; M Bernocchi; L Camilli; C Di Mario; C Fourment; G Roinel; F Lesur			JZBTV659	IIJD95HM		library-sweep:2026-09-05	application-only	The inspected source applies existing parameter relations to a line or cable application; it does not define a distinct p.u.l. formula beyond the indexed records.
zotero:S9PBXG7I	COMPELECENG-D-24-01167_R1_reviewer					S9PBXG7I	S9PBXG7I		library-sweep:2026-09-05	duplicate	No independent publication or formula is associated with this attachment or container row.
zotero:E6G4PHHR	COMPELECENG-D-24-01370					E6G4PHHR	E6G4PHHR		library-sweep:2026-09-05	application-only	The inspected source applies existing parameter relations to an application outside the indexed formula families; it does not define a distinct p.u.l. formula beyond the indexed records.
zotero:3H28YDKQ	Computation of Geomagnetically Induced Currents in Power Systems using SES MultiFields Software Package	2017-00-00 2017	Nathalie Dawalibi			3H28YDKQ	9VBVDF7J;ATT5EU2D	external-impedance	library-sweep:2026-09-05	application-only	The inspected source applies existing parameter relations to an application outside the indexed formula families; it does not define a distinct p.u.l. formula beyond the indexed records.
zotero:T8VJ2NMV	Computation Speed Acceleration for Different Soil Types: Inclined, Spheroidal and Spherical	2014-00-00 2014	Amir Hajiaboli; Simon Fortin; Farid P Dawalibi			T8VJ2NMV	K8BXJ9VC;NDL6V7G5	external-impedance	library-sweep:2026-09-05	application-only	The inspected source applies existing parameter relations to an application outside the indexed formula families; it does not define a distinct p.u.l. formula beyond the indexed records.
zotero:V885BESC	COMPUTATIONAL ELECTROMAGNETICS FOR RF AND MICROWAVE ENGINEERING		David B Davidson			V885BESC	TNL98MV5		library-sweep:2026-09-05	application-only	The inspected source applies existing parameter relations to an application outside the indexed formula families; it does not define a distinct p.u.l. formula beyond the indexed records.
zotero:7R7PZYCC	Computational Mathematics Models Methods and Analysis with Matlab - Robert E. White					7R7PZYCC	7R7PZYCC		library-sweep:2026-09-05	application-only	The inspected source applies existing parameter relations to an application outside the indexed formula families; it does not define a distinct p.u.l. formula beyond the indexed records.
zotero:AR8LF8GF	Computer Simulation as an aid to CP System Design and Interference Prediction		Robert Adey; John Baynham			AR8LF8GF	RTAH5D6C	external-impedance	library-sweep:2026-09-05	out-of-scope	The title and available text concern an interference, coupling, or induced-voltage calculation; the source does not define a distinct p.u.l. line or cable parameter relation in the indexed families.
zotero:ZNXPNWWC	CONCEPTION D’UN SYSTEME DE MISE A LA TERRE D’UN PARC EOLIEN A L’AIDE DE METHODES ET TECHNIQUES DE SIMULATION INTEGREES		S Journet; F Grange; S Fortin; F Dawalibi			ZNXPNWWC	7DUN4F8B;UNP7PDWZ	external-impedance	library-sweep:2026-09-05	application-only	The inspected source applies existing parameter relations to an application outside the indexed formula families; it does not define a distinct p.u.l. formula beyond the indexed records.
zotero:JSUHBIL5	Considerations on hosting capacity for harmonic distortions on transmission and distribution systems	2015-02-00 02/2015	Ivan N. Santos; Vladimir Ćuk; Pedro M. Almeida; Math H.J. Bollen; Paulo F. Ribeiro	10.1016/j.epsr.2014.09.020		JSUHBIL5	ENVWKDTM		library-sweep:2026-09-05	out-of-scope	The title and available text concern a transient, fault, lightning, or harmonic-system calculation; the source does not define a distinct p.u.l. line or cable parameter relation in the indexed families.
zotero:XILRPU7D	CorrCAD: a New Software Package for Full 3D Virtual Prototypes of Cathodic Protection Systems	2014-00-00 2014	Farid P Dawalibi; Yexu Li; Simon Fortin; Eric Dawalibi; Liqian Feng; Man Zhang; Luis Valcárcel			XILRPU7D	CW2UJN3N;JYICWHNT		library-sweep:2026-09-05	out-of-scope	The title and available text concern a transient, fault, lightning, or harmonic-system calculation; the source does not define a distinct p.u.l. line or cable parameter relation in the indexed families.
zotero:LV34NE4M	CP2 Student Manual July 09 Unlocked					LV34NE4M	LV34NE4M	external-impedance	library-sweep:2026-09-05	duplicate	No independent publication or formula is associated with this attachment or container row.
zotero:SBHE9NWE	CP3 Student Manual January 2010 Unlocked					SBHE9NWE	SBHE9NWE	external-impedance	library-sweep:2026-09-05	duplicate	No independent publication or formula is associated with this attachment or container row.
zotero:K49TNJXJ	CP4 StudentManual Jan2011 Unlocked					K49TNJXJ	K49TNJXJ	external-impedance	library-sweep:2026-09-05	duplicate	No independent publication or formula is associated with this attachment or container row.
zotero:LPMS6FV8	Currents Induced by Air-core Reactors in a SVC Substation	2017-00-00 2017	Nathalie Dawalibi			LPMS6FV8	N86ABMBR;PJDUBI89		library-sweep:2026-09-05	application-only	The inspected source applies existing parameter relations to an application outside the indexed formula families; it does not define a distinct p.u.l. formula beyond the indexed records.
zotero:H3UJUXYZ	Custom set of Excel tools for SESTLC+ data input and report mapping using Google Earth	2013-00-00 2013				H3UJUXYZ	4IF6FGP9;TDS5KHXF	external-impedance	library-sweep:2026-09-05	application-only	The inspected source applies existing parameter relations to an application outside the indexed formula families; it does not define a distinct p.u.l. formula beyond the indexed records.
zotero:C6DTNH8H	Data-Centric Approach for Online Load P Margin Estimation from Noisy Phasor Measurements	2023-00-00 2023	Felipe Albuquerque; Rafael Nascimento; Luisa  Helena Bartocci Liboni; Ronaldo  Francisco Pereira Ribeiro; Eduardo Costa	10.2139/ssrn.4498832		C6DTNH8H	MMLVYLJP		library-sweep:2026-09-05	application-only	The inspected source applies existing parameter relations to an application outside the indexed formula families; it does not define a distinct p.u.l. formula beyond the indexed records.
zotero:MXLHEVMY	dec9337d92159c8e618f4c8e7e5e9487e9431986e75e01568a16c15843dcfe68					MXLHEVMY	MXLHEVMY		library-sweep:2026-09-05	duplicate	No independent publication or formula is associated with this attachment or container row.
zotero:ZUT4QPUH	Deep Water HVDC MI Cable Systems and related TOV testing		Ben Kristian			ZUT4QPUH	IW9AI9LP		library-sweep:2026-09-05	application-only	The inspected source applies existing parameter relations to a line or cable application; it does not define a distinct p.u.l. formula beyond the indexed records.
zotero:7UUTTKI3	DET23_DS_en					7UUTTKI3	7UUTTKI3	external-impedance	library-sweep:2026-09-05	application-only	The inspected source applies existing parameter relations to an application outside the indexed formula families; it does not define a distinct p.u.l. formula beyond the indexed records.
zotero:2YR6QI8C	DETAILED PARAMETRIC ANALYSIS OF GROUNDING SYSTEM PERFORMANCE IN TWO-LAYER SOIL STRUCTURES		J Liu; F P Dawalibi			2YR6QI8C	S4ZC6PLA	external-impedance	library-sweep:2026-09-05	out-of-scope	The title and available text concern a grounding or soil-resistivity calculation; the source does not define a distinct p.u.l. line or cable parameter relation in the indexed families.
zotero:8C68TPNH	DIRECT ASSESSMENT DATA CATEGORIZATION, INTEGRATION AND RISK INDEXATION – A NOVEL APPROACH		Asokan P Pillai			8C68TPNH	BDKKPNWN	external-impedance	library-sweep:2026-09-05	application-only	The inspected source applies existing parameter relations to an application outside the indexed formula families; it does not define a distinct p.u.l. formula beyond the indexed records.
zotero:75YSCYZJ	ECDASurveyManuaPrintl					75YSCYZJ	75YSCYZJ	external-impedance	library-sweep:2026-09-05	application-only	The inspected source applies existing parameter relations to an application outside the indexed formula families; it does not define a distinct p.u.l. formula beyond the indexed records.
zotero:AEXXEGSW	ECDATurkey					AEXXEGSW	AEXXEGSW	external-impedance	library-sweep:2026-09-05	application-only	The inspected source applies existing parameter relations to an application outside the indexed formula families; it does not define a distinct p.u.l. formula beyond the indexed records.
zotero:TRQFADCQ	Effect of cable sheath termination on transient overvoltages due to high-frequency cable-transformer resonance	2026-01-00 01/2026	Behzad Behdani; Mohamad Ghaffarian Niasar; Marjan Popov	10.1016/j.epsr.2025.112130		TRQFADCQ	EY8TISD4;JZEAT7QK		library-sweep:2026-09-05	out-of-scope	The title and available text concern a transient, fault, lightning, or harmonic-system calculation; the source does not define a distinct p.u.l. line or cable parameter relation in the indexed families.
zotero:L73K6SXM	Effect of Long Duration TOV’s on VSC based HVDC Extruded UG Cable Systems		Harshith Kumar; IIT Ropar; IIT Ropar; IIT Ropar			L73K6SXM	JNGA2FNV		library-sweep:2026-09-05	application-only	The inspected source applies existing parameter relations to a line or cable application; it does not define a distinct p.u.l. formula beyond the indexed records.
zotero:Y9YG74EH	Effects of harmonic induction on metallic pipeline caused by overhead power lines	2022-05-00 05/2022	Yao Wang; Xiaojing Wang; Ziqi Zhu; Liqiang Zeng; Jing Yong	10.1016/j.ijepes.2021.107758		Y9YG74EH	W8S45ET8	external-impedance	library-sweep:2026-09-05	out-of-scope	The title and available text concern an interference, coupling, or induced-voltage calculation; the source does not define a distinct p.u.l. line or cable parameter relation in the indexed families.
zotero:23HUGMJB	Effects of Nearby Grounding Networks on Wenner Soil Tests	2019-00-00 2019	Giancarlo Leone			23HUGMJB	GFS5V3T9;SRT6WWP3	external-impedance	library-sweep:2026-09-05	out-of-scope	The title and available text concern a grounding or soil-resistivity calculation; the source does not define a distinct p.u.l. line or cable parameter relation in the indexed families.
zotero:3UXYLW7I	Effects of the changes in IEEE std. 80 on the design and analysis of power system grounding	2002-00-00 2002	J. Ma; F.P. Dawalibi; R.D. Southey	10.1109/ICPST.2002.1047544		3UXYLW7I	ASKKC9Y3	external-impedance	library-sweep:2026-09-05	out-of-scope	The title and available text concern a grounding or soil-resistivity calculation; the source does not define a distinct p.u.l. line or cable parameter relation in the indexed families.
zotero:DMIWU5HN	Efficient Ampacity Analysis and Non-Linear Resistivity Behavior in SESAmpacity	2019-00-00 2019	Stephane Baron; Baki Cetindag; Jie Liu			DMIWU5HN	68KY9UWX;XBX88YW3		library-sweep:2026-09-05	out-of-scope	The title and available text concern a thermal, loss, or ampacity calculation; the source does not define a distinct p.u.l. line or cable parameter relation in the indexed families.
zotero:N3TS88SR	Efficient Safety Analysis of Power Plant Fence Grounding		Jinxi Ma; Farid P Dawalibi; Sharon Tee			N3TS88SR	RQR44BSW	external-impedance	library-sweep:2026-09-05	out-of-scope	The title and available text concern a grounding or soil-resistivity calculation; the source does not define a distinct p.u.l. line or cable parameter relation in the indexed families.
zotero:SHJWLX6S	Efficient stochastic transmission line modeling using polynomial chaos expansion with multiple variables	2015-08-00 8/2015	Jan B. Preibisch; Piero Triverio; Christian Schuster	10.1109/NEMO.2015.7415076		SHJWLX6S	YSACGGJD		library-sweep:2026-09-05	application-only	The inspected source applies existing parameter relations to a line or cable application; it does not define a distinct p.u.l. formula beyond the indexed records.
zotero:XRVWHSUP	EL-4651_1986_Electromagnetic Transients Program (Emtp) Workbook I					XRVWHSUP	XRVWHSUP		library-sweep:2026-09-05	duplicate	No independent publication or formula is associated with this attachment or container row.
zotero:PX26IPF2	EL-4651_1986_Electromagnetic Transients Program (Emtp) Workbook IV					PX26IPF2	PX26IPF2		library-sweep:2026-09-05	duplicate	No independent publication or formula is associated with this attachment or container row.
zotero:M2B4CDG2	ELECTRA_310-guidelines-for-safe-work-on-cable-systems-under-induced-voltages-or-currents					M2B4CDG2	M2B4CDG2		library-sweep:2026-09-05	application-only	The inspected source applies existing parameter relations to a line or cable application; it does not define a distinct p.u.l. formula beyond the indexed records.
zotero:EA5NTD4U	Electrical resistivity survey in soil science: a review	2005-09-00 9/2005	A. Samouëlian; I. Cousin; A. Tabbagh; A. Bruand; G. Richard	10.1016/j.still.2004.10.004		EA5NTD4U	V7C6QEE5	external-impedance	library-sweep:2026-09-05	application-only	The inspected source applies existing parameter relations to an application outside the indexed formula families; it does not define a distinct p.u.l. formula beyond the indexed records.
zotero:7C8VM283	Electromagnetic Fields Near a Transmission Line Tower Subjected to Unbalanced Currents and a Phase-to-Ground Fault					7C8VM283	7C8VM283		library-sweep:2026-09-05	application-only	The inspected source applies existing parameter relations to a transient, fault, lightning, or harmonic-system calculation; it does not define a distinct p.u.l. formula beyond the indexed records.
zotero:JV6M7TQI	Electromagnetic Interference Analysis and Mitigation for Pipelines near Power Lines		Jie Liu; Jinxi Ma; Robert D Southey; Farid Paul Dawalibi			JV6M7TQI	YWRNAIF2		library-sweep:2026-09-05	out-of-scope	The title and available text concern an interference, coupling, or induced-voltage calculation; the source does not define a distinct p.u.l. line or cable parameter relation in the indexed families.
zotero:3LR5ETDR	Electromagnetic Interference of Transmission Lines on Nearby Railways Accounting for the Rail Track Arresters LIU, Jie DAWALIBI, Farid Paul MA, Jinxi					3LR5ETDR	3MCWRD2J		library-sweep:2026-09-05	out-of-scope	The title and available text concern an interference, coupling, or induced-voltage calculation; the source does not define a distinct p.u.l. line or cable parameter relation in the indexed families.
zotero:D2RZEUFR	Electromagnetic Interference of Transmission Lines on Nearby Railways Taking into Consideration Track Equipment Jie Liu, Farid Paul Dawalibi, Yexu Li, and Robert Southey					D2RZEUFR	CGQNCZKD	external-impedance	library-sweep:2026-09-05	out-of-scope	The title and available text concern an interference, coupling, or induced-voltage calculation; the source does not define a distinct p.u.l. line or cable parameter relation in the indexed families.
zotero:2CU9WSHL	Electromagnetic shielding analysis of buildings for different models of lightning strike	2017-09-00 9/2017	Ali Aghabarati; Rouzbeh Moini; Simon Fortin; Farid Paul Dawalibi; Francois Grange	10.1109/EMCEurope.2017.8094752		2CU9WSHL	JW5Z2PIF;Y3PJ53NL	external-impedance	library-sweep:2026-09-05	out-of-scope	The title and available text concern a transient, fault, lightning, or harmonic-system calculation; the source does not define a distinct p.u.l. line or cable parameter relation in the indexed families.
zotero:4HCZD2EB	Electromagnetic shielding analysis of buildings under power lines hit by lightning	2016-09-00 9/2016	S. Ladan; A. Aghabarati; R. Moini; S. Fortin; F.P. Dawalibi	10.1109/ICLP.2016.7791454		4HCZD2EB	7CP5I9WH;QWQKAUWG	external-impedance	library-sweep:2026-09-05	out-of-scope	The title and available text concern a transient, fault, lightning, or harmonic-system calculation; the source does not define a distinct p.u.l. line or cable parameter relation in the indexed families.
zotero:D9Z32ZMF	Electromagnetic Transients (EMT) Model Design based on Modular Multilevel Converter Mockup		M M Belhaouane; H Zhang; F Colas; Riad Kadri; Taoufik Qoria; F Gruson; P Rault; S Dennetiere; X Guillaud			D9Z32ZMF	GU4R9P83		library-sweep:2026-09-05	application-only	The inspected source applies existing parameter relations to a transient, fault, lightning, or harmonic-system calculation; it does not define a distinct p.u.l. formula beyond the indexed records.
zotero:NRDE8KCB	Electromagnetic transients and failed upward leaders observed during lightning activity in an onshore wind farm		Franjo Vukovic; Nina Stipetic; Bojan Franc			NRDE8KCB	N45BG3T9		library-sweep:2026-09-05	out-of-scope	The title and available text concern a transient, fault, lightning, or harmonic-system calculation; the source does not define a distinct p.u.l. line or cable parameter relation in the indexed families.
zotero:YZDGBKD5	Electromagnetic Transients in a Building Struck by Lightning	2014-00-00 2014	François Grange; Sébastien Journet; Simon Fortin; Farid P Dawalibi			YZDGBKD5	9FQDFKPN;ZJWN3653	external-impedance	library-sweep:2026-09-05	out-of-scope	The title and available text concern a transient, fault, lightning, or harmonic-system calculation; the source does not define a distinct p.u.l. line or cable parameter relation in the indexed families.
zotero:44ZBRA8V	Electromagnetic Transients in a Building Struck by Lightning		Nathalie Dawalibi			44ZBRA8V	83FISUHV;TGV72SWT	external-impedance	library-sweep:2026-09-05	out-of-scope	The title and available text concern a transient, fault, lightning, or harmonic-system calculation; the source does not define a distinct p.u.l. line or cable parameter relation in the indexed families.
zotero:HMQKCWPR	Elsherbeni, Demir_2015_The Finite-Difference Time-Domain Method for Electromagnetics with MATLAB® Simulations					HMQKCWPR	HMQKCWPR		library-sweep:2026-09-05	application-only	The inspected source applies existing parameter relations to an application outside the indexed formula families; it does not define a distinct p.u.l. formula beyond the indexed records.
zotero:S29IVTA4	Emergency and cyclic ratings of HV cables		Edstan Fernandez; Jayson Patrick			S29IVTA4	NEH4PH3J		library-sweep:2026-09-05	application-only	The inspected source applies existing parameter relations to a thermal, loss, or ampacity calculation; it does not define a distinct p.u.l. formula beyond the indexed records.
zotero:R47D4Z4W	EMIDesign Criteria					R47D4Z4W	R47D4Z4W	external-impedance	library-sweep:2026-09-05	application-only	The inspected source applies existing parameter relations to an application outside the indexed formula families; it does not define a distinct p.u.l. formula beyond the indexed records.
zotero:N89JF22D	EN 50162 - 2004 - Protection against corrosion by stray current from direct current systems					N89JF22D	N89JF22D	external-impedance	library-sweep:2026-09-05	out-of-scope	The title and available text concern a transient, fault, lightning, or harmonic-system calculation; the source does not define a distinct p.u.l. line or cable parameter relation in the indexed families.
zotero:7RGCUKFT	EN 50443 - 2012 - Effects of electromagnetic interference on pipelines caused by high voltage ac					7RGCUKFT	7RGCUKFT	external-impedance	library-sweep:2026-09-05	out-of-scope	The title and available text concern an interference, coupling, or induced-voltage calculation; the source does not define a distinct p.u.l. line or cable parameter relation in the indexed families.
zotero:PSR5S5N2	EPSR-D-22-00190_reviewer					PSR5S5N2	PSR5S5N2		library-sweep:2026-09-05	duplicate	No independent publication or formula is associated with this attachment or container row.
zotero:FCDD3CHR	EPSR-D-22-03154_reviewer					FCDD3CHR	FCDD3CHR		library-sweep:2026-09-05	duplicate	No independent publication or formula is associated with this attachment or container row.
zotero:86U7AT7E	EPSR-D-23-02529_reviewer					86U7AT7E	86U7AT7E	external-impedance	library-sweep:2026-09-05	duplicate	No independent publication or formula is associated with this attachment or container row.
zotero:HCDF4AXL	EPSR-D-24-03223					HCDF4AXL	HCDF4AXL	external-impedance	library-sweep:2026-09-05	application-only	The inspected source applies existing parameter relations to an application outside the indexed formula families; it does not define a distinct p.u.l. formula beyond the indexed records.
zotero:VU8YZEX3	EPSR-D-24-03857_reviewer					VU8YZEX3	VU8YZEX3	external-impedance	library-sweep:2026-09-05	duplicate	No independent publication or formula is associated with this attachment or container row.
zotero:YVUJICY3	EPSR-D-25-01298_reviewer					YVUJICY3	YVUJICY3	external-impedance	library-sweep:2026-09-05	duplicate	No independent publication or formula is associated with this attachment or container row.
zotero:HFAXZ2SW	EPSR-D-26-01755_R1					HFAXZ2SW	HFAXZ2SW		library-sweep:2026-09-05	application-only	The inspected source applies existing parameter relations to an application outside the indexed formula families; it does not define a distinct p.u.l. formula beyond the indexed records.
zotero:3WKI4VAC	Equipment Protection Against Ground Potential Rise Due to Faults At Substations A Case Study RUAN, Winston TEE, Sharon DAWALIBI, Farid Paul Member, IEEE					3WKI4VAC	ABMD5QIT	external-impedance	library-sweep:2026-09-05	out-of-scope	The title and available text concern a grounding or soil-resistivity calculation; the source does not define a distinct p.u.l. line or cable parameter relation in the indexed families.
zotero:2M3CQG68	Evaluating the Impacts of AC Transmission Lines on an Adjacent Parking Structure	2021-00-00 2021	Josh Brown			2M3CQG68	T7TU2AWH;X3VBFWJU	external-impedance	library-sweep:2026-09-05	application-only	The inspected source applies existing parameter relations to a line or cable application; it does not define a distinct p.u.l. formula beyond the indexed records.
zotero:J2BR2SAE	Evaluation of the Interference Effects of HVDC Grounding Current on a Buried Pipeline	2019-03-00 3/2019	Zebang Yu; Lianguang Liu; Zezhong Wang; Ming Li; Xiaolin Wang	10.1109/TASC.2019.2891947		J2BR2SAE	ZHIK4AMI	external-impedance	library-sweep:2026-09-05	out-of-scope	The title and available text concern an interference, coupling, or induced-voltage calculation; the source does not define a distinct p.u.l. line or cable parameter relation in the indexed families.
zotero:P8CTBDXI	Exam-Level-I- Test 5					P8CTBDXI	P8CTBDXI	external-impedance	library-sweep:2026-09-05	application-only	The inspected source applies existing parameter relations to an application outside the indexed formula families; it does not define a distinct p.u.l. formula beyond the indexed records.
zotero:HF7QLLZZ	Exh. TDI-LE-4 (HVDC Cable Design Sheet (ABB))					HF7QLLZZ	HF7QLLZZ		library-sweep:2026-09-05	application-only	The inspected source applies existing parameter relations to a line or cable application; it does not define a distinct p.u.l. formula beyond the indexed records.
zotero:6VL4XFRU	External Corrosion Direct Assessment		Peter Nicholson			6VL4XFRU	3QHTIJFM	external-impedance	library-sweep:2026-09-05	out-of-scope	The title and available text concern an application outside the indexed formula families; the source does not define a distinct p.u.l. line or cable parameter relation in the indexed families.
zotero:WEZYBKWA	F1 Proc JiCable 2025 HVDC Testing - M Fenger - R02 FINAL					WEZYBKWA	WEZYBKWA		library-sweep:2026-09-05	application-only	The inspected source applies existing parameter relations to a line or cable application; it does not define a distinct p.u.l. formula beyond the indexed records.
zotero:HKMMZEDN	Fast Calculation of the Green Function of a Point Current Source in a Horizontal Layered Soil With a New Complex Path and Its Application in Grounding System	2015-03-00 3/2015	Jun Zou; Xuelong Du; Chenglong Zhou	10.1109/TMAG.2014.2350486		HKMMZEDN	4FVQL4KY		library-sweep:2026-09-05	out-of-scope	The title and available text concern a grounding or soil-resistivity calculation; the source does not define a distinct p.u.l. line or cable parameter relation in the indexed families.
zotero:Q8FFY7AD	Field experiences in HVDC Cable Fault Location: Viking Link as a practical benchmark		Megger China; Gwyneth Sun; Megger Germany; Oliver Kuka			Q8FFY7AD	AGN9EYZ8		library-sweep:2026-09-05	out-of-scope	The title and available text concern a transient, fault, lightning, or harmonic-system calculation; the source does not define a distinct p.u.l. line or cable parameter relation in the indexed families.
zotero:5TN3YPZL	Fundamentals of Electromagnetics with Matlab - Lonngren & Savov					5TN3YPZL	5TN3YPZL		library-sweep:2026-09-05	application-only	The inspected source applies existing parameter relations to an application outside the indexed formula families; it does not define a distinct p.u.l. formula beyond the indexed records.
zotero:3HAR2JMK	Fuzzy-Based Method to Evaluate Soil Corrosivity for Prediction of Water Main Deterioration	2004-12-00 12/2004	Rehan Sadiq; Balvant Rajani; Yehuda Kleiner	10.1061/(ASCE)1076-0342(2004)10:4(149)		3HAR2JMK	W7AQV3YJ	external-impedance	library-sweep:2026-09-05	application-only	The inspected source applies existing parameter relations to an application outside the indexed formula families; it does not define a distinct p.u.l. formula beyond the indexed records.
zotero:JWHSRALG	GPR Zone of Influence of a Typical Electric Power Network	2006-10-00 10/2006	N. Mitskevitch; F. Dawalibi; J. Ma; J. Liu	10.1109/ICPST.2006.321745		JWHSRALG	2NW4WSPN		library-sweep:2026-09-05	application-only	The inspected source applies existing parameter relations to an application outside the indexed formula families; it does not define a distinct p.u.l. formula beyond the indexed records.
zotero:LIGQU7PM	Grounding of Urban GIS Substation Connected to Commercial Buildings and Metallic Infrastructures	2015-00-00 2015	Jinsong Zhang; Feng Qian; Bing Guo; Yexu Li; Farid Dawalibi	10.7763/IJMMM.2015.V3.194		LIGQU7PM	6B3JTMK9;BNH7XI7L	external-impedance	library-sweep:2026-09-05	out-of-scope	The title and available text concern a grounding or soil-resistivity calculation; the source does not define a distinct p.u.l. line or cable parameter relation in the indexed families.
zotero:G7ZE7D68	Grounding on a Repowering Project with Limited Information: A Case Study in Reducing Rework to Save on Costs and Schedule	2013-00-00 2013	Benjamin J Hwang			G7ZE7D68	QGQ6YR43;YWIXLNZY	external-impedance	library-sweep:2026-09-05	out-of-scope	The title and available text concern a grounding or soil-resistivity calculation; the source does not define a distinct p.u.l. line or cable parameter relation in the indexed families.
zotero:MICK49P3	Guidelines for Development Near Overhead Transmission Lines in BC					MICK49P3	MICK49P3		library-sweep:2026-09-05	application-only	The inspected source applies existing parameter relations to a line or cable application; it does not define a distinct p.u.l. formula beyond the indexed records.
zotero:YP5Z3KIQ	Hosting Capacity Estimation of Underground Distribution Feeder in Urbain Areas	2019-04-00 4/2019	Naciri Soukaina; Elmarkhi Hassane; El Moussaoui Hassan; Lamhamdi Tijani	10.1109/WITS.2019.8723822		YP5Z3KIQ	AS5LIRUW		library-sweep:2026-09-05	out-of-scope	The title and available text concern an application outside the indexed formula families; the source does not define a distinct p.u.l. line or cable parameter relation in the indexed families.
zotero:HW7P6LCA	HVDC Modelling Requirements for Transient Stability Analyses of Large HVDC-AC Grids		Ahmed Mostafa Khalil; Reza Iravani			HW7P6LCA	I4WC8WHW		library-sweep:2026-09-05	out-of-scope	The title and available text concern a transient, fault, lightning, or harmonic-system calculation; the source does not define a distinct p.u.l. line or cable parameter relation in the indexed families.
zotero:6NYLA4LH	IEC 60287-3-3-2007					6NYLA4LH	6NYLA4LH	external-impedance	library-sweep:2026-09-05	out-of-scope	The title and available text concern an application outside the indexed formula families; the source does not define a distinct p.u.l. line or cable parameter relation in the indexed families.
zotero:79CZW4IT	IEC 62128-2 - 2013 - Provisions against the effects of stray currents caused by dc traction systems					79CZW4IT	79CZW4IT	external-impedance	library-sweep:2026-09-05	application-only	The inspected source applies existing parameter relations to an application outside the indexed formula families; it does not define a distinct p.u.l. formula beyond the indexed records.
zotero:86FTGNKM	IEC 62895-2017					86FTGNKM	86FTGNKM		library-sweep:2026-09-05	application-only	The inspected source applies existing parameter relations to an application outside the indexed formula families; it does not define a distinct p.u.l. formula beyond the indexed records.
zotero:LAR9H2U3	IEEE-Medium-Voltage-Cable-Presentation-Nov-10-2020-v1					LAR9H2U3	LAR9H2U3		library-sweep:2026-09-05	application-only	The inspected source applies existing parameter relations to a line or cable application; it does not define a distinct p.u.l. formula beyond the indexed records.
zotero:K7IT6KFU	ieee_14_bus_technical_note					K7IT6KFU	K7IT6KFU		library-sweep:2026-09-05	application-only	The inspected source applies existing parameter relations to an application outside the indexed formula families; it does not define a distinct p.u.l. formula beyond the indexed records.
zotero:6ER8HAET	ieee_30_bus_technical_note					6ER8HAET	6ER8HAET		library-sweep:2026-09-05	application-only	The inspected source applies existing parameter relations to an application outside the indexed formula families; it does not define a distinct p.u.l. formula beyond the indexed records.
zotero:YGWNDBE6	ieee_9_bus_technical_note					YGWNDBE6	YGWNDBE6		library-sweep:2026-09-05	application-only	The inspected source applies existing parameter relations to an application outside the indexed formula families; it does not define a distinct p.u.l. formula beyond the indexed records.
zotero:NXFRHPDL	Impact of uncertainties on resonant overvoltages following transformer energization	2020-10-00 10/2020	Oscar Lennerhag; Math H.J. Bollen	10.1016/j.epsr.2020.106503		NXFRHPDL	RHSNVW47		library-sweep:2026-09-05	out-of-scope	The title and available text concern a transient, fault, lightning, or harmonic-system calculation; the source does not define a distinct p.u.l. line or cable parameter relation in the indexed families.
zotero:WZITCRTT	Improvements and New Features in CDEGS	2017-00-00 2017	Nathalie Dawalibi			WZITCRTT	LDPA2R2E;TKDBM6H6	external-impedance	library-sweep:2026-09-05	application-only	The inspected source applies existing parameter relations to an application outside the indexed formula families; it does not define a distinct p.u.l. formula beyond the indexed records.
zotero:3ZQZAZ2J	Improvements and New Features in SESTransient	2019-00-00 2019				3ZQZAZ2J	CYKQTM6I;CZXXLSER	external-impedance	library-sweep:2026-09-05	application-only	The inspected source applies existing parameter relations to a transient, fault, lightning, or harmonic-system calculation; it does not define a distinct p.u.l. formula beyond the indexed records.
zotero:VY67UC3H	Improvements and New Features to the SES-Ampacity Module		Stéphane Baron			VY67UC3H	BEZIM5E4;DGRMYMQE		library-sweep:2026-09-05	out-of-scope	The title and available text concern a thermal, loss, or ampacity calculation; the source does not define a distinct p.u.l. line or cable parameter relation in the indexed families.
zotero:JL2XA9P3	Improvements for Modeling Arbitrary Networks of Metallic Plates in HIFREQ	2017-00-00 2017	Nathalie Dawalibi			JL2XA9P3	DBQC2V57;S4YRN33N	external-impedance	library-sweep:2026-09-05	application-only	The inspected source applies existing parameter relations to an application outside the indexed formula families; it does not define a distinct p.u.l. formula beyond the indexed records.
zotero:5MKPB9D6	Improvements in RESAP	2017-00-00 2017	Nathalie Dawalibi			5MKPB9D6	4VFDJZV3;UGGCBFCB	external-impedance	library-sweep:2026-09-05	application-only	The inspected source applies existing parameter relations to an application outside the indexed formula families; it does not define a distinct p.u.l. formula beyond the indexed records.
zotero:HI23NV6X	Improvements in RESAP	2018-00-00 2018	Stéphane Franiatte; Maryam Golshayan; Yanmei Jiang; Zhiqiong Luo; Alexandre Mailhot; Octavio Ramos-Leaños; Luis Valcárcel; Albert Vishnevsky			HI23NV6X	VWSAAF3C;Y97CGVGJ	external-impedance	library-sweep:2026-09-05	application-only	The inspected source applies existing parameter relations to an application outside the indexed formula families; it does not define a distinct p.u.l. formula beyond the indexed records.
zotero:B7VYRF9L	Improvements in RESAP	2019-00-00 2019	Albert Vishnevsky; Maryam Golshayan; Luis Valcárcel; Alexandre Mailhot; Zhiqiong Luo; Yanmei Jiang			B7VYRF9L	2JGMZXSU;5EVAQKW2	external-impedance	library-sweep:2026-09-05	application-only	The inspected source applies existing parameter relations to an application outside the indexed formula families; it does not define a distinct p.u.l. formula beyond the indexed records.
zotero:USLCNRME	Improvements in SES Software	2016-00-00 2016	Octavio Ramos			USLCNRME	SFFCXHGC;W73AN8Z5	external-impedance	library-sweep:2026-09-05	duplicate	The normalized title matches screened ledger row zotero:BI6JHUUH; this alternate Zotero item or attachment is not counted again.
zotero:UGZ2NHSG	Improvements in SESCAD	2017-00-00 2017	Nathalie Dawalibi			UGZ2NHSG	3VSK6TJJ;IYKFI8AY	external-impedance	library-sweep:2026-09-05	duplicate	The normalized title matches screened ledger row zotero:ADIUM8N6; this alternate Zotero item or attachment is not counted again.
zotero:BEJWJVEZ	Improvements in SESConverter	2014-00-00 2014	Zhiqiong Luo; Sheng Wei; Farid P Dawalibi; John Xie; Stephane Baron			BEJWJVEZ	2IGWFXYK;I9HGVZUB		library-sweep:2026-09-05	application-only	The inspected source applies existing parameter relations to an application outside the indexed formula families; it does not define a distinct p.u.l. formula beyond the indexed records.
zotero:ZP4MBKWH	Improvements in the Multilayer Spheroidal Soil for MALT and MALZ	2019-00-00 2019	Amir Hajiaboli; Hayden Meade; Tapabrata Mukherjee; Simon Fortin; Farid P Dawalibi			ZP4MBKWH	6XUTUQG6;YDT94NX8	external-impedance	library-sweep:2026-09-05	application-only	The inspected source applies existing parameter relations to an application outside the indexed formula families; it does not define a distinct p.u.l. formula beyond the indexed records.
zotero:3U5PTNAL	Increasing the Computation Accuracy of AC Interference Level under Power Line Load Conditions by Accounting for the Conductive Coupling		Yexu Li; Farid Dawalibi			3U5PTNAL	9TUZ5F9J;DERHINGL		library-sweep:2026-09-05	out-of-scope	The title and available text concern an interference, coupling, or induced-voltage calculation; the source does not define a distinct p.u.l. line or cable parameter relation in the indexed families.
zotero:9DTIFIIF	Induced Voltages on Long Aerial and Buried Pipelines Due to Transmission Line Transients	2008-07-00 07/2008	K. Kopsidas; I. Cotton	10.1109/TPWRD.2007.916234		9DTIFIIF	P7VXI7FT	external-impedance	library-sweep:2026-09-05	out-of-scope	The title and available text concern an interference, coupling, or induced-voltage calculation; the source does not define a distinct p.u.l. line or cable parameter relation in the indexed families.
zotero:SS4RGDSI	Integrity					SS4RGDSI	SS4RGDSI	external-impedance	library-sweep:2026-09-05	application-only	The inspected source applies existing parameter relations to an application outside the indexed formula families; it does not define a distinct p.u.l. formula beyond the indexed records.
zotero:U5JZFE6L	Investigation and Optimization of Grounding Grid Based on Lightning Response by Using ATP‐EMTP and Genetic Algorithm	2018-01-00 01/2018	Saeid Gholami Farkoush; Tahir Khurshaid; Abdul Wadood; Chang-Hwan Kim; Kumail Hassan Kharal; Kyu-Ho Kim; Namhun Cho; Sang-Bong Rhee; Hugo Morais	10.1155/2018/8261413		U5JZFE6L	73FEPIR3		library-sweep:2026-09-05	duplicate	No independent publication or formula is associated with this attachment or container row.
zotero:ST5XR7LK	Investigation of overvoltage on square, rectangular and L-shaped ground grids of high voltage substations by ATP/EMTP	2021-12-01 2021-12-01	Krung Luewattana; Paweena Rattanasena	10.11591/ijece.v11i6.pp4689-4697		ST5XR7LK	5I272ZQW	external-impedance	library-sweep:2026-09-05	out-of-scope	The title and available text concern a grounding or soil-resistivity calculation; the source does not define a distinct p.u.l. line or cable parameter relation in the indexed families.
zotero:ZHPPURB3	Investigation of transient voltages in a Tokamak building hit by lightning	2011-11-00 11/2011	Francois Grange; Sebastien Journet; Farid Paul Dawalibi; Simon Fortin; Yexu Li	10.1109/APL.2011.6111103		ZHPPURB3	K4K2KA5J;KZM3UJY6	external-impedance	library-sweep:2026-09-05	out-of-scope	The title and available text concern a transient, fault, lightning, or harmonic-system calculation; the source does not define a distinct p.u.l. line or cable parameter relation in the indexed families.
zotero:PNJNYKZC	Investigation of transient voltages in a Tokamak building hit by lightning	2011-11-00 11/2011	Francois Grange; Sebastien Journet; Farid Paul Dawalibi; Simon Fortin; Yexu Li	10.1109/APL.2011.6111103		PNJNYKZC	TYLSWN4M	external-impedance	library-sweep:2026-09-05	out-of-scope	The title and available text concern a transient, fault, lightning, or harmonic-system calculation; the source does not define a distinct p.u.l. line or cable parameter relation in the indexed families.
zotero:D9A8ZKQ3	JoVE73061_reviewer					D9A8ZKQ3	D9A8ZKQ3	external-impedance	library-sweep:2026-09-05	duplicate	No independent publication or formula is associated with this attachment or container row.
zotero:7CE5TDL2	Karl E. Lonngren, Sava V. Savov-Fundamentals of Electromagnetics with Matlab, Prelimenary Edition -SciTech Publishing (2005)					7CE5TDL2	7CE5TDL2		library-sweep:2026-09-05	application-only	The inspected source applies existing parameter relations to an application outside the indexed formula families; it does not define a distinct p.u.l. formula beyond the indexed records.
zotero:4PC3XIMK	Level-I-CDEGS-Exam-Users					4PC3XIMK	4PC3XIMK	external-impedance	library-sweep:2026-09-05	application-only	The inspected source applies existing parameter relations to an application outside the indexed formula families; it does not define a distinct p.u.l. formula beyond the indexed records.
zotero:55GGZL63	Lightning susceptibility analysis of cables in a wind turbine	2017-10-00 10/2017	Ali Aghabarati; Moein Nazari; Rouzbeh Moini; Simon Fortin; Yexu Li; Farid Paul Dawalibi	10.1109/EMC-B.2017.8260465		55GGZL63	RBQD2KZH;UM85MVD9	external-impedance	library-sweep:2026-09-05	out-of-scope	The title and available text concern a transient, fault, lightning, or harmonic-system calculation; the source does not define a distinct p.u.l. line or cable parameter relation in the indexed families.
zotero:EK52R5JG	Mathematical Modelling and Data-Driven Protection Algorithm for Fault Current Calculation in Bipolar Medium Voltage Multi-Terminal DC Networks		Zeeshan Haider; Arif Mehdi; Gwang-Su Shin; S Jarjees Ul Hassan; Chul-Hwan Kim			EK52R5JG	2ARRGH4X		library-sweep:2026-09-05	out-of-scope	The title and available text concern a transient, fault, lightning, or harmonic-system calculation; the source does not define a distinct p.u.l. line or cable parameter relation in the indexed families.
zotero:VUCUJC7P	Measurements and computations of electromagnetic fields in electric power substations	1994-01-00 Jan./1994	W.K. Daily; F. Dawalibi	10.1109/61.277703		VUCUJC7P	7M7YAE72	external-impedance	library-sweep:2026-09-05	application-only	The inspected source applies existing parameter relations to a field or modal-propagation calculation; it does not define a distinct p.u.l. formula beyond the indexed records.
zotero:P4D2PHL5	Methods to Minimize Zero-Missing Phenomenon	2010-10-00 10/2010	Filipe Faria Da Silva; Claus Leth Bak; Unnur Stella Gudmundsdottir; Wojciech Wiechowski; Martin Randrup Knardrupgard	10.1109/TPWRD.2010.2045010		P4D2PHL5	98X8A8BS		library-sweep:2026-09-05	application-only	The inspected source applies existing parameter relations to an application outside the indexed formula families; it does not define a distinct p.u.l. formula beyond the indexed records.
zotero:NU6UDDAX	Millennium11					NU6UDDAX	NU6UDDAX	external-impedance	library-sweep:2026-09-05	application-only	The inspected source applies existing parameter relations to an application outside the indexed formula families; it does not define a distinct p.u.l. formula beyond the indexed records.
zotero:GQZBFZCS	Mitigating Hazardous Potentials Near Pipelines Using Passive Grounding Grids	2021-00-00 2021	Mohamed H. Elmashtoly; Hussein I. Anis; Ahmed Emam	10.1109/ACCESS.2021.3109309		GQZBFZCS	TEGCJW6S	external-impedance	library-sweep:2026-09-05	out-of-scope	The title and available text concern an interference, coupling, or induced-voltage calculation; the source does not define a distinct p.u.l. line or cable parameter relation in the indexed families.
zotero:FU2P2Y6X	Mitigation of Circulating Currents Formed in a Substation Grid by a Reactor		E J Middleton; South Carolina			FU2P2Y6X	3SUNWXYI	external-impedance	library-sweep:2026-09-05	out-of-scope	The title and available text concern an application outside the indexed formula families; the source does not define a distinct p.u.l. line or cable parameter relation in the indexed families.
zotero:9646XSMC	Mitigation of Transformer Saturation Due To Neutral HVDC Currents	2005-00-00 2005	F.P. Dawalibi; Y. Li; C. Li; J. Liu	10.1109/TDC.2005.1546818		9646XSMC	7ZTKGVYT	external-impedance	library-sweep:2026-09-05	out-of-scope	The title and available text concern an application outside the indexed formula families; the source does not define a distinct p.u.l. line or cable parameter relation in the indexed families.
zotero:DKC5EILQ	Modeling Pipe Deterioration using Soil Properties - An Application of Fuzzy Logic Expert System	2004-07-30 2004-07-30	Homayoun Najjaran; Rehan Sadiq; Balvant Rajani	10.1061/40745(146)73		DKC5EILQ	HP75C6GN	external-impedance	library-sweep:2026-09-05	application-only	The inspected source applies existing parameter relations to an application outside the indexed formula families; it does not define a distinct p.u.l. formula beyond the indexed records.
zotero:DCMJW4J5	Modelling of grounding systems with the Method of Moments	2006-00-00 2006	P Jacqmaer; J Driesen			DCMJW4J5	6PTGC27E;YLNP2GEJ		library-sweep:2026-09-05	out-of-scope	The title and available text concern a grounding or soil-resistivity calculation; the source does not define a distinct p.u.l. line or cable parameter relation in the indexed families.
zotero:XH7VP8NH	NBN EN ISO 18086_2021_en					XH7VP8NH	XH7VP8NH	external-impedance	library-sweep:2026-09-05	application-only	The inspected source applies existing parameter relations to an application outside the indexed formula families; it does not define a distinct p.u.l. formula beyond the indexed records.
zotero:VNRKJMSA	nbn_en_50443_2012_en					VNRKJMSA	VNRKJMSA	external-impedance	library-sweep:2026-09-05	application-only	The inspected source applies existing parameter relations to an application outside the indexed formula families; it does not define a distinct p.u.l. formula beyond the indexed records.
zotero:KVWU8BXU	NBR 06524 - 1998 - Fios e Cabos de Cobre Duro e Meio Duro Com ou Sem Cobertura Protetora para Instalações Aéreas - Especificacao					KVWU8BXU	KVWU8BXU		library-sweep:2026-09-05	application-only	The inspected source applies existing parameter relations to an application outside the indexed formula families; it does not define a distinct p.u.l. formula beyond the indexed records.
zotero:K3ZPIP3T	New Mitigation Technique of Transformer Saturation Due To Neutral HVDC Currents		Yexu Li; Farid P Dawalibi; Changyi Li			K3ZPIP3T	TP3Q3EHT	external-impedance	library-sweep:2026-09-05	out-of-scope	The title and available text concern an application outside the indexed formula families; the source does not define a distinct p.u.l. line or cable parameter relation in the indexed families.
zotero:6FJ6HXUC	New Multi-Layer Hemi-spheroidal Soil Model	2017-00-00 2017	Nathalie Dawalibi			6FJ6HXUC	2TRLNL6L;M6NF59HN	external-impedance	library-sweep:2026-09-05	application-only	The inspected source applies existing parameter relations to an application outside the indexed formula families; it does not define a distinct p.u.l. formula beyond the indexed records.
zotero:GXE4FH7Z	New Option to Present Vector Fields in Examine Mode		Nina Mitskevitch; Farid P Dawalibi; Simon Fortin			GXE4FH7Z	GWGPVEXK;YDW55EU8	external-impedance	library-sweep:2026-09-05	application-only	The inspected source applies existing parameter relations to an application outside the indexed formula families; it does not define a distinct p.u.l. formula beyond the indexed records.
zotero:AWHJS86B	Non-linear behaviour of ground electrodes under lightning surge currents: computer modelling and comparison with experimental results	1992-03-00 3/1992	A. Geri; G.M. Veca; E. Garbagnati; G. Sartorio	10.1109/20.123966		AWHJS86B	HJKTY4QA	external-impedance	library-sweep:2026-09-05	out-of-scope	The title and available text concern a grounding or soil-resistivity calculation; the source does not define a distinct p.u.l. line or cable parameter relation in the indexed families.
zotero:SYEPA8BK	OJ-IA-2025-00215_Proof_hi					SYEPA8BK	SYEPA8BK		library-sweep:2026-09-05	duplicate	No independent publication or formula is associated with this attachment or container row.
zotero:LYBLYVJX	On the Performance of Grounding, Bonding, and Shielding Systems for Direct and Indirect Lightning Strikes	2020-02-00 2/2020	Moein Nazari; Rouzbeh Moini; Simon Fortin; Farid P. Dawalibi	10.1109/TEMC.2018.2885965		LYBLYVJX	2BAU7BYE;38IDZ554		library-sweep:2026-09-05	out-of-scope	The title and available text concern a grounding or soil-resistivity calculation; the source does not define a distinct p.u.l. line or cable parameter relation in the indexed families.
zotero:4EAIEPNA	OPERATIONAL AND DESIGN CONSIDERATION FOR CURRENT RATING OF THE OFFSHORE WIND HVDC CABLES		Ren As			4EAIEPNA	QWIFZU4Z		library-sweep:2026-09-05	application-only	The inspected source applies existing parameter relations to a thermal, loss, or ampacity calculation; it does not define a distinct p.u.l. formula beyond the indexed records.
zotero:S79IYLRR	Optimizing Energy Storage Systems with PSO: Improving Economics and Operations of PMGD — A Chilean Case Study		Juan Tapia-Aguilera; Luis Fernando Grisales-Noreña; Roberto Eduardo Quintal-Palomo; Oscar Danilo Montoya; Daniel Sanin-Villa			S79IYLRR	8AE67MEL;T5KH58JA		library-sweep:2026-09-05	application-only	The inspected source applies existing parameter relations to an application outside the indexed formula families; it does not define a distinct p.u.l. formula beyond the indexed records.
zotero:4YRZK72T	Optimum and Economical Deployment Method of Surge Arresters on Distribution Lines for Insulation Failure Due to Lightning - An Electromagnetic Field Computation Analysis		S Fortin; W Ruan; F P Dawalibi; J Ma; E J Middleton			4YRZK72T	7B8ZYKBA	external-impedance	library-sweep:2026-09-05	out-of-scope	The title and available text concern a transient, fault, lightning, or harmonic-system calculation; the source does not define a distinct p.u.l. line or cable parameter relation in the indexed families.
zotero:HVUXLG6Q	Optimum Design of Substation Grounding					HVUXLG6Q	HVUXLG6Q	external-impedance	library-sweep:2026-09-05	out-of-scope	The title and available text concern a grounding or soil-resistivity calculation; the source does not define a distinct p.u.l. line or cable parameter relation in the indexed families.
zotero:JVX45GHS	Part VIII Example 3 Technical Manual 3.2 Page 3-1 (October 9, 1996) GROUNDING ANALYSIS OF AN SF6 SUBSTATION LOCATED IN DOWNTOWN AREA INTRODUCTION This study describes the grounding performance of the 230 kV SF6 Vancouver					JVX45GHS	BTDY734S	external-impedance	library-sweep:2026-09-05	duplicate	No independent publication or formula is associated with this attachment or container row.
zotero:HUI2UJ8J	Peter Hasse-Overvoltage Protection of Low Voltage Systems, Second Edition (2000)					HUI2UJ8J	HUI2UJ8J	external-impedance	library-sweep:2026-09-05	out-of-scope	The title and available text concern a transient, fault, lightning, or harmonic-system calculation; the source does not define a distinct p.u.l. line or cable parameter relation in the indexed families.
zotero:KM6UYRGT	Phasor-Based Secondary Arc Extinction Detection Method for Shunt Compensated Transmission Lines		Karcius M C Dantas; Matheus Alves; Felipe V Lopes; Flavio B Costa; Kleber M Silva			KM6UYRGT	N257FZHF		library-sweep:2026-09-05	application-only	The inspected source applies existing parameter relations to a line or cable application; it does not define a distinct p.u.l. formula beyond the indexed records.
zotero:D7GNSTW5	Pipeline External Corrosion Direct Assessment Methodology		AMPP	10.5006/ANSI-NACE_RP0502-2002		D7GNSTW5	FGSYYVB4;U6PQK59X	external-impedance	library-sweep:2026-09-05	out-of-scope	The title and available text concern an interference, coupling, or induced-voltage calculation; the source does not define a distinct p.u.l. line or cable parameter relation in the indexed families.
zotero:24DDV8K2	PIRSON’S METHOD FOR STRATIFICATION IN SEVERAL LAYERS EARTH USING NEURAL NETWORKS					24DDV8K2	24DDV8K2	external-impedance	library-sweep:2026-09-05	application-only	The inspected source applies existing parameter relations to an application outside the indexed formula families; it does not define a distinct p.u.l. formula beyond the indexed records.
zotero:TRRTZ6GR	PowerDelivery2018_T400L_TWLocFal_Rev1_vf					TRRTZ6GR	TRRTZ6GR		library-sweep:2026-09-05	application-only	The inspected source applies existing parameter relations to an application outside the indexed formula families; it does not define a distinct p.u.l. formula beyond the indexed records.
zotero:4L38J932	Practical session: HVDC grid planning	2020-00-00 2020	Hakan Ergun			4L38J932	QVM4DKC3		library-sweep:2026-09-05	application-only	The inspected source applies existing parameter relations to an application outside the indexed formula families; it does not define a distinct p.u.l. formula beyond the indexed records.
zotero:IX83BN6G	Progress Status on Future SES Module Interfaces	2015-00-00 2015	Nathalie Dawalibi			IX83BN6G	89DH56WG;EN2LCKSE	external-impedance	library-sweep:2026-09-05	application-only	The inspected source applies existing parameter relations to an application outside the indexed formula families; it does not define a distinct p.u.l. formula beyond the indexed records.
zotero:XVUALVH5	PSENG-1557_R1_reviewer					XVUALVH5	XVUALVH5	external-impedance	library-sweep:2026-09-05	duplicate	No independent publication or formula is associated with this attachment or container row.
zotero:JUWADKG3	PSENG-1557_reviewer					JUWADKG3	JUWADKG3	external-impedance	library-sweep:2026-09-05	duplicate	No independent publication or formula is associated with this attachment or container row.
zotero:FVATAEEW	R. Southey AC INTERFERENCE OF TRANSMISSION LINES ON RAILWAYS INFLUENCE OF TRACK-CONNECTED EQUIPMENT					FVATAEEW	A2XP2YD6	external-impedance	library-sweep:2026-09-05	out-of-scope	The title and available text concern an interference, coupling, or induced-voltage calculation; the source does not define a distinct p.u.l. line or cable parameter relation in the indexed families.
zotero:XINZ6E3W	Reactive power management in planning and operating the transmission grid		David Bekaert			XINZ6E3W	229ASMBE		library-sweep:2026-09-05	out-of-scope	The title and available text concern a thermal, loss, or ampacity calculation; the source does not define a distinct p.u.l. line or cable parameter relation in the indexed families.
zotero:27YRVQEB	Realistic and accurate model for analyzing substation grounding systems buried in various backfill material	2014-12-00 12/2014	Jie Liu; Farid Paul Dawalibi; Nina Mitskevitch; Marc-Andre Joyal; Sharon Tee	10.1109/APPEEC.2014.7066170		27YRVQEB	3ITPVUD6;3WCV3DG6	external-impedance	library-sweep:2026-09-05	out-of-scope	The title and available text concern a grounding or soil-resistivity calculation; the source does not define a distinct p.u.l. line or cable parameter relation in the indexed families.
zotero:V4TV8I2A	Recommendations for Testing DC Extruded Cable Systems for Power Transmission at a Rated Voltage up to 500 kV	2023-00-00 2023	Pierre Argaut; Bjørn Sanden	10.1007/978-3-030-80406-0_6		V4TV8I2A	3TWTP2ZZ		library-sweep:2026-09-05	application-only	The inspected source applies existing parameter relations to a line or cable application; it does not define a distinct p.u.l. formula beyond the indexed records.
zotero:CHQ2GNQX	Reduction of Current Unbalance in Heavily Loaded Multi-Circuit Transmission Lines		J Ma; S Fortin; R D Southey; F P Dawalibi; W Ruan			CHQ2GNQX	TY6VIM2B		library-sweep:2026-09-05	application-only	The inspected source applies existing parameter relations to a line or cable application; it does not define a distinct p.u.l. formula beyond the indexed records.
zotero:ZKYYNKUT	Report Date 30 January 2015	2015-00-00 2015	M J Luckett			ZKYYNKUT	QHTRDUU4		library-sweep:2026-09-05	application-only	The inspected source applies existing parameter relations to an application outside the indexed formula families; it does not define a distinct p.u.l. formula beyond the indexed records.
zotero:NAXHCMAD	Resonant Overvoltage Challenges During Premagnetization Energization of Power Transformers	2025-00-00 2025	Johannes Kolb; Marius Hatlo; Tom Nestli	10.2139/ssrn.5113683		NAXHCMAD	Q92W5DE2		library-sweep:2026-09-05	out-of-scope	The title and available text concern a transient, fault, lightning, or harmonic-system calculation; the source does not define a distinct p.u.l. line or cable parameter relation in the indexed families.
zotero:HQC9UIRA	review_TEMC_2022					HQC9UIRA	HQC9UIRA	external-impedance	library-sweep:2026-09-05	application-only	The inspected source applies existing parameter relations to an application outside the indexed formula families; it does not define a distinct p.u.l. formula beyond the indexed records.
zotero:SUSSJMZL	Right-of-way modeling of joint power line and railway corridors: a case study involving multiple modeling scenarios	2015-00-00 2015	Nathalie Dawalibi			SUSSJMZL	EWVJ2PRX;XVE6T2L4	external-impedance	library-sweep:2026-09-05	application-only	The inspected source applies existing parameter relations to an interference, coupling, or induced-voltage calculation; it does not define a distinct p.u.l. formula beyond the indexed records.
zotero:GY4AMHVU	ROW Improvements	2021-00-00 2021	Yexu Li			GY4AMHVU	DVRUJJWL;GVISQGLD	external-impedance	library-sweep:2026-09-05	application-only	The inspected source applies existing parameter relations to an application outside the indexed formula families; it does not define a distinct p.u.l. formula beyond the indexed records.
zotero:RZT5R72M	RowCAD and Right-of-Way Integration, New Features and Improvements	2018-00-00 2018	Fatemeh Afshar; Carleen Cheng; Yexu Li; Hayden Meade; Jack Niu; Christian Voyer			RZT5R72M	L3YG78BK;NL8SR3ZU	external-impedance	library-sweep:2026-09-05	application-only	The inspected source applies existing parameter relations to an interference, coupling, or induced-voltage calculation; it does not define a distinct p.u.l. formula beyond the indexed records.
zotero:323LW5YW	Sacrificial Anodes on Offshore Installations & New Features in CorrCAD	2018-00-00 2018	Y Li; H Meade; J Niu; F Afshar; C Cheng; C Voyer; M Yu; Farid P Dawalibi			323LW5YW	CZEPRVRT;G2RMSSP8	external-impedance	library-sweep:2026-09-05	application-only	The inspected source applies existing parameter relations to an application outside the indexed formula families; it does not define a distinct p.u.l. formula beyond the indexed records.
zotero:GG2JWTCN	SES S04 - 0318-0320 - SES Technical Seminar 2013 - Session 4 outline and references					GG2JWTCN	GG2JWTCN		library-sweep:2026-09-05	application-only	The inspected source applies existing parameter relations to an application outside the indexed formula families; it does not define a distinct p.u.l. formula beyond the indexed records.
zotero:Z2AHMQDP	SES S05 - 0406-0407 - SES Technical Seminar 2013 - Session 5 outline and references					Z2AHMQDP	Z2AHMQDP	external-impedance	library-sweep:2026-09-05	application-only	The inspected source applies existing parameter relations to an application outside the indexed formula families; it does not define a distinct p.u.l. formula beyond the indexed records.
zotero:2C5E7UMY	session02_grounding_system					2C5E7UMY	2C5E7UMY	external-impedance	library-sweep:2026-09-05	out-of-scope	The title and available text concern a grounding or soil-resistivity calculation; the source does not define a distinct p.u.l. line or cable parameter relation in the indexed families.
zotero:YGA5JU66	session06_EM_Interference_Mechanism					YGA5JU66	YGA5JU66	external-impedance	library-sweep:2026-09-05	out-of-scope	The title and available text concern an interference, coupling, or induced-voltage calculation; the source does not define a distinct p.u.l. line or cable parameter relation in the indexed families.
zotero:RKZZ4TJE	session07_AC_Interference_and_Mitigation					RKZZ4TJE	RKZZ4TJE		library-sweep:2026-09-05	out-of-scope	The title and available text concern an interference, coupling, or induced-voltage calculation; the source does not define a distinct p.u.l. line or cable parameter relation in the indexed families.
zotero:YX28H2GD	Short-Circuit and Ground Fault Analyses and Location in VSC-Based DC Network Cables	2012-10-00 10/2012	Jin Yang; John E. Fletcher; John O'Reilly	10.1109/TIE.2011.2162712		YX28H2GD	SBIYXB8P		library-sweep:2026-09-05	application-only	The inspected source applies existing parameter relations to a transient, fault, lightning, or harmonic-system calculation; it does not define a distinct p.u.l. formula beyond the indexed records.
zotero:NQQTA9CM	Simultaneous DC and AC Simulation of GMD Impacts in a Power System		Luc Gérin-Lajoie; Aboutaleb Haddadi; Afshin Rezaei-Zare; Jean Mahseredjian			NQQTA9CM	8F62K8YD	external-impedance	library-sweep:2026-09-05	application-only	The inspected source applies existing parameter relations to an application outside the indexed formula families; it does not define a distinct p.u.l. formula beyond the indexed records.
zotero:T6CAYVUQ	SoilModelEditor: New SES Software Tool for Soil Model Design	2016-00-00 2016	Octavio Ramos			T6CAYVUQ	BZTKC6BV;FLSNHLUF	external-impedance	library-sweep:2026-09-05	application-only	The inspected source applies existing parameter relations to an application outside the indexed formula families; it does not define a distinct p.u.l. formula beyond the indexed records.
zotero:4F8AAZEZ	SP0169 Presentation					4F8AAZEZ	4F8AAZEZ	external-impedance	library-sweep:2026-09-05	application-only	The inspected source applies existing parameter relations to an application outside the indexed formula families; it does not define a distinct p.u.l. formula beyond the indexed records.
zotero:EVK355D6	Study of Electromagnetic Interference on Pipelines Due to HVDC Transmission Line Faults		Jian Guo; Feng Bai; Yexu Li; Simon Fortin; Farid Dawalibi; Jie Liu; Haijun Zhou			EVK355D6	H3TTVDLD;JR75696P	external-impedance	library-sweep:2026-09-05	out-of-scope	The title and available text concern an interference, coupling, or induced-voltage calculation; the source does not define a distinct p.u.l. line or cable parameter relation in the indexed families.
zotero:RHF7VAR4	Text02					RHF7VAR4	RHF7VAR4		library-sweep:2026-09-05	application-only	The inspected source applies existing parameter relations to an application outside the indexed formula families; it does not define a distinct p.u.l. formula beyond the indexed records.
zotero:8XUYMW2K	Text06					8XUYMW2K	8XUYMW2K		library-sweep:2026-09-05	application-only	The inspected source applies existing parameter relations to an application outside the indexed formula families; it does not define a distinct p.u.l. formula beyond the indexed records.
zotero:IQ4IX6PC	Text07					IQ4IX6PC	IQ4IX6PC		library-sweep:2026-09-05	application-only	The inspected source applies existing parameter relations to an application outside the indexed formula families; it does not define a distinct p.u.l. formula beyond the indexed records.
zotero:8ANNQWX3	The Automatic Subdivision Feature in MALZ and HIFREQ	2013-00-00 2013	Yixin Yang; Jinxi Ma			8ANNQWX3	GLWPCRV3;N6JMPBSE		library-sweep:2026-09-05	application-only	The inspected source applies existing parameter relations to an application outside the indexed formula families; it does not define a distinct p.u.l. formula beyond the indexed records.
zotero:BAPC5YGK	The Electromagnetic Interference (EMI) Model for Electric Railways in CDEGS	2017-00-00 2017	Nathalie Dawalibi			BAPC5YGK	DSDWGD2X;UBVSACAK	external-impedance	library-sweep:2026-09-05	out-of-scope	The title and available text concern an interference, coupling, or induced-voltage calculation; the source does not define a distinct p.u.l. line or cable parameter relation in the indexed families.
zotero:U9S8N2PV	The Fast Multipole Method for electromagnetic field computation		Ruth V Sabariego			U9S8N2PV	8Y99MFQF		library-sweep:2026-09-05	application-only	The inspected source applies existing parameter relations to a field or modal-propagation calculation; it does not define a distinct p.u.l. formula beyond the indexed records.
zotero:P2HJTPWD	The Method of Moments in Electromagnetics		Walton C Gibson			P2HJTPWD	SCL7SJU7		library-sweep:2026-09-05	application-only	The inspected source applies existing parameter relations to an application outside the indexed formula families; it does not define a distinct p.u.l. formula beyond the indexed records.
zotero:4FKKRQZG	The Mitigation of Interference on Underground Power Lines Caused by the HVDC Electrode	2023-11-25 2023-11-25	Massimo Brignone; Daniele Mestriner; Paolo Molfino; Mario Nervi; Massimo Marzinotto; Sino Patti	10.3390/en16237769		4FKKRQZG	G5HYVGZJ	external-impedance	library-sweep:2026-09-05	out-of-scope	The title and available text concern an interference, coupling, or induced-voltage calculation; the source does not define a distinct p.u.l. line or cable parameter relation in the indexed families.
zotero:SCZNRUBE	The Resistance Test is Not Enough	2014-00-00 2014	Carl Moller; P Eng			SCZNRUBE	7GS3YS84;ZSLXCBC4	external-impedance	library-sweep:2026-09-05	application-only	The inspected source applies existing parameter relations to an application outside the indexed formula families; it does not define a distinct p.u.l. formula beyond the indexed records.
zotero:WZYQH7ZP	The Use of Half-Wavelength Transmission Line to Integrate Large-Scale Wind Power Plant	2025-00-00 2025	Aline  Flavia Nonato Da Costa Moro; Maria Cristina Tavares; Flavio  Bezerra Costa	10.2139/ssrn.5111602		WZYQH7ZP	GZ4K53DK		library-sweep:2026-09-05	application-only	The inspected source applies existing parameter relations to a line or cable application; it does not define a distinct p.u.l. formula beyond the indexed records.
zotero:TH6HAWA4	Thermal loading capacity of cables and transformers		Sai Suprabhath			TH6HAWA4	5EFCNI6V	external-impedance	library-sweep:2026-09-05	out-of-scope	The title and available text concern a thermal, loss, or ampacity calculation; the source does not define a distinct p.u.l. line or cable parameter relation in the indexed families.
zotero:KIUQCMXV	Three-Phase Transformers in HIFREQ	2019-00-00 2019	Simon Fortin; Baki Cetindag; Farid P Dawalibi			KIUQCMXV	49247NDL;9XVLJAA3	external-impedance	library-sweep:2026-09-05	out-of-scope	The title and available text concern an application outside the indexed formula families; the source does not define a distinct p.u.l. line or cable parameter relation in the indexed families.
zotero:TBJT2KZE	Time-Domain Relay Performance Evaluation Considering Brazilian Fault Cases		Felipe V Lopes; João Paulo G Ribeiro; Tiago R Honorato; Kleber M Silva; Joaquim Neto Rezende Jr; Carlos A M Aviz; Rafael O Fernandes			TBJT2KZE	KEW3CKMR		library-sweep:2026-09-05	application-only	The inspected source applies existing parameter relations to a transient, fault, lightning, or harmonic-system calculation; it does not define a distinct p.u.l. formula beyond the indexed records.
zotero:FQGSAQJG	TOR-WG B1_83_Grounding aspects for HVDC land cable connections					FQGSAQJG	FQGSAQJG		library-sweep:2026-09-05	out-of-scope	The title and available text concern a grounding or soil-resistivity calculation; the source does not define a distinct p.u.l. line or cable parameter relation in the indexed families.
zotero:WWQPZH82	Transferred transient voltages on the nearby facilities when a lightning stroke hit bridge	2014-10-00 10/2014	Yexu Li; Farid Dawalibi; Simon Fortin; Zhigang Wang; Lan Wu; Yuyue Liu	10.1109/ICLP.2014.6973093		WWQPZH82	BEUJ9XP6;MKW6MPZ2	external-impedance	library-sweep:2026-09-05	out-of-scope	The title and available text concern a transient, fault, lightning, or harmonic-system calculation; the source does not define a distinct p.u.l. line or cable parameter relation in the indexed families.
zotero:ZCTRLY7C	Transient performance of substation grounding systems subjected to lightning and similar surge currents	1994-07-00 7/1994	W. Xiong; F.P. Dawalibi	10.1109/61.311170		ZCTRLY7C	2HHUY37T	external-impedance	library-sweep:2026-09-05	out-of-scope	The title and available text concern a grounding or soil-resistivity calculation; the source does not define a distinct p.u.l. line or cable parameter relation in the indexed families.
zotero:TTN28YW6	Transient Voltages across Anti-Seismic Foundation Dampers in a Tokamak Building Hit by Lightning		François Grange; Sébastien Journet; Farid Paul Dawalibi; Simon Fortin; Yexu Li			TTN28YW6	6YDYUSHF;JFMHVSSY	external-impedance	library-sweep:2026-09-05	out-of-scope	The title and available text concern a transient, fault, lightning, or harmonic-system calculation; the source does not define a distinct p.u.l. line or cable parameter relation in the indexed families.
zotero:59EDEU2M	Transmission Line EMF Interference with Buried Pipeline: Essential & Cautions	2003-00-00 2003	M H Shwehdi; U M Johar			59EDEU2M	2TURCMDA	external-impedance	library-sweep:2026-09-05	out-of-scope	The title and available text concern an interference, coupling, or induced-voltage calculation; the source does not define a distinct p.u.l. line or cable parameter relation in the indexed families.
zotero:UL75MRGX	Transmission Line EMF Interference with Buried Pipelines - Essential and Cautions					UL75MRGX	UL75MRGX	external-impedance	library-sweep:2026-09-05	out-of-scope	The title and available text concern an interference, coupling, or induced-voltage calculation; the source does not define a distinct p.u.l. line or cable parameter relation in the indexed families.
zotero:XHNPZGCE	Traveling Wave based Wide Area Backup Protection for HVAC network interfacing MMC based HVDC system		Mahitosh Banafer; Soumya R Mohanty; Tapan Prakash			XHNPZGCE	85ZV9PRV		library-sweep:2026-09-05	out-of-scope	The title and available text concern a transient, fault, lightning, or harmonic-system calculation; the source does not define a distinct p.u.l. line or cable parameter relation in the indexed families.
zotero:H3UAU8WZ	TT06 - AC Corrosion Issues-2012-AUCSC					H3UAU8WZ	H3UAU8WZ	external-impedance	library-sweep:2026-09-05	out-of-scope	The title and available text concern an application outside the indexed formula families; the source does not define a distinct p.u.l. line or cable parameter relation in the indexed families.
zotero:UQ9TDVFN	Typical expected values of the fault resistance in power systems	2010-11-00 11/2010	Virgilio De Andrade; Elmer Sorrentino	10.1109/TDC-LA.2010.5762944		UQ9TDVFN	LVY6QM2Y	external-impedance	library-sweep:2026-09-05	application-only	The inspected source applies existing parameter relations to a transient, fault, lightning, or harmonic-system calculation; it does not define a distinct p.u.l. formula beyond the indexed records.
zotero:62FIRZWG	Upgrading the voltage of transmission lines in restricted corridors: A detailed study of the electric field constraint	2014-00-00 2014	Nathalie Grignon			62FIRZWG	2BBEXD8S;8LGV23IY		library-sweep:2026-09-05	application-only	The inspected source applies existing parameter relations to an interference, coupling, or induced-voltage calculation; it does not define a distinct p.u.l. formula beyond the indexed records.
zotero:3S7HV3TZ	Using Resistivity Measurements to Determine Anisotropy in Soil and Weathered Rock	2013-08-11 2013-08-11	S. Soto-Caban; E. Law	10.48084/etasr.368		3S7HV3TZ	VQEU6JTE	external-impedance	library-sweep:2026-09-05	out-of-scope	The title and available text concern an application outside the indexed formula families; the source does not define a distinct p.u.l. line or cable parameter relation in the indexed families.
zotero:LZAXDBQ5	vectfit3_userguide					LZAXDBQ5	LZAXDBQ5		library-sweep:2026-09-05	duplicate	No independent publication or formula is associated with this attachment or container row.
zotero:FTGBIXAI	WorldPipelines2003					FTGBIXAI	FTGBIXAI	external-impedance	library-sweep:2026-09-05	out-of-scope	The title and available text concern an interference, coupling, or induced-voltage calculation; the source does not define a distinct p.u.l. line or cable parameter relation in the indexed families.
zotero:JJKL262W	XLPE Cable for DC Link		Satoshi Nishikawa; Ken-ichi Sasaki; Koji Akita; Masatoshi Sakamaki; Tatsuya Kazama; Kozo Suzuki			JJKL262W	CL2M948B		library-sweep:2026-09-05	application-only	The inspected source applies existing parameter relations to a line or cable application; it does not define a distinct p.u.l. formula beyond the indexed records.
zotero:QF2EQCQZ	Y. Li A PARAMETRIC ANALYSIS OF AC INTERFERENCE CAUSED BY HIGH VOLTAGE POWER LINES ON NEIGHBORING RAILROAD TRACKS Yexu Li and Farid Paul Dawalibi					QF2EQCQZ	UQLKMLLQ	external-impedance	library-sweep:2026-09-05	out-of-scope	The title and available text concern an interference, coupling, or induced-voltage calculation; the source does not define a distinct p.u.l. line or cable parameter relation in the indexed families.
zotero:SHMGH48A	YR4 - 66 Proc Jicable_25_Paper_final					SHMGH48A	SHMGH48A		library-sweep:2026-09-05	application-only	The inspected source applies existing parameter relations to a line or cable application; it does not define a distinct p.u.l. formula beyond the indexed records.
zotero:8Y7TBN9Y	ZYderivation					8Y7TBN9Y	8Y7TBN9Y		library-sweep:2026-09-05	application-only	The inspected source applies existing parameter relations to an application outside the indexed formula families; it does not define a distinct p.u.l. formula beyond the indexed records.
